character,words,gender,age,title,year,dominant_gender,actor_nom,actress_nom,actor_win,actress_win,actor_noms,actress_noms,actor_wins,actress_wins,df_type
betty,311,f,35.0,the bridges of madison county,1995,m,False,True,False,False,0,1,0,0,Acting
francesca johns,2251,f,46.0,the bridges of madison county,1995,m,False,True,False,False,0,1,0,0,Acting
madge,190,f,46.0,the bridges of madison county,1995,m,False,True,False,False,0,1,0,0,Acting
michael johnson,723,m,38.0,the bridges of madison county,1995,m,False,True,False,False,0,1,0,0,Acting
robert kincaid,1908,m,65.0,the bridges of madison county,1995,m,False,True,False,False,0,1,0,0,Acting
'smokin' joe fr,150,m,33.0,ali,2001,m,True,False,False,False,2,0,0,0,Acting
angelo dundee,318,m,55.0,ali,2001,m,True,False,False,False,2,0,0,0,Acting
belinda ali,566,f,27.0,ali,2001,m,True,False,False,False,2,0,0,0,Acting
bradley,128,m,51.0,ali,2001,m,True,False,False,False,2,0,0,0,Acting
chauncey eskrid,247,m,54.0,ali,2001,m,True,False,False,False,2,0,0,0,Acting
don king,398,m,44.0,ali,2001,m,True,False,False,False,2,0,0,0,Acting
drew 'bundini' ,708,m,34.0,ali,2001,m,True,False,False,False,2,0,0,0,Acting
elijah muhammad,206,m,64.0,ali,2001,m,True,False,False,False,2,0,0,0,Acting
howard bingham,188,m,36.0,ali,2001,m,True,False,False,False,2,0,0,0,Acting
howard cosell,575,m,63.0,ali,2001,m,True,False,False,False,2,0,0,0,Acting
jabir herbert m,232,m,47.0,ali,2001,m,True,False,False,False,2,0,0,0,Acting
joe smiley,128,m,44.0,ali,2001,m,True,False,False,False,2,0,0,0,Acting
malcolm x,662,m,44.0,ali,2001,m,True,False,False,False,2,0,0,0,Acting
muhammad ali,4042,m,33.0,ali,2001,m,True,False,False,False,2,0,0,0,Acting
sonji roi,291,f,30.0,ali,2001,m,True,False,False,False,2,0,0,0,Acting
antonio salieri,1919,m,45.0,amadeus,1984,m,True,False,True,False,2,0,1,0,Acting
archbishop coll,150,m,52.0,amadeus,1984,m,True,False,True,False,2,0,1,0,Acting
baron van swiet,246,m,61.0,amadeus,1984,m,True,False,True,False,2,0,1,0,Acting
constanze mozar,1406,f,22.0,amadeus,1984,m,True,False,True,False,2,0,1,0,Acting
count orsini-ro,303,m,54.0,amadeus,1984,m,True,False,True,False,2,0,1,0,Acting
count von strac,155,m,52.0,amadeus,1984,m,True,False,True,False,2,0,1,0,Acting
emanuel schikan,702,m,35.0,amadeus,1984,m,True,False,True,False,2,0,1,0,Acting
emperor joseph ,946,m,38.0,amadeus,1984,m,True,False,True,False,2,0,1,0,Acting
father vogler,309,m,31.0,amadeus,1984,m,True,False,True,False,2,0,1,0,Acting
katerina cavali,271,f,31.0,amadeus,1984,m,True,False,True,False,2,0,1,0,Acting
leopold mozart,646,m,61.0,amadeus,1984,m,True,False,True,False,2,0,1,0,Acting
lorl,307,f,18.0,amadeus,1984,m,True,False,True,False,2,0,1,0,Acting
michael schlumb,410,m,52.0,amadeus,1984,m,True,False,True,False,2,0,1,0,Acting
parody commenda,107,m,50.0,amadeus,1984,m,True,False,True,False,2,0,1,0,Acting
salieri's valet,149,m,36.0,amadeus,1984,m,True,False,True,False,2,0,1,0,Acting
wolfgang amadeu,3826,m,31.0,amadeus,1984,m,True,False,True,False,2,0,1,0,Acting
charlie william,115,m,60.0,american gangster,2007,m,False,True,False,False,0,1,0,0,Acting
detective trupo,377,m,39.0,american gangster,2007,m,False,True,False,False,0,1,0,0,Acting
frank lucas,2480,m,53.0,american gangster,2007,m,False,True,False,False,0,1,0,0,Acting
freddie spearma,140,m,48.0,american gangster,2007,m,False,True,False,False,0,1,0,0,Acting
huey lucas,529,m,30.0,american gangster,2007,m,False,True,False,False,0,1,0,0,Acting
javier j. river,392,m,39.0,american gangster,2007,m,False,True,False,False,0,1,0,0,Acting
laurie roberts,190,f,36.0,american gangster,2007,m,False,True,False,False,0,1,0,0,Acting
lou toback,318,m,50.0,american gangster,2007,m,False,True,False,False,0,1,0,0,Acting
mama lucas,173,f,85.0,american gangster,2007,m,False,True,False,False,0,1,0,0,Acting
moses jones,103,m,38.0,american gangster,2007,m,False,True,False,False,0,1,0,0,Acting
mp,168,m,40.0,american gangster,2007,m,False,True,False,False,0,1,0,0,Acting
nate,175,m,48.0,american gangster,2007,m,False,True,False,False,0,1,0,0,Acting
richie roberts,2217,m,43.0,american gangster,2007,m,False,True,False,False,0,1,0,0,Acting
tango,140,m,35.0,american gangster,2007,m,False,True,False,False,0,1,0,0,Acting
us attorney,222,m,45.0,american gangster,2007,m,False,True,False,False,0,1,0,0,Acting
bob falfa,248,m,31.0,american graffiti,1973,m,False,True,False,False,0,1,0,0,Acting
budda,226,f,22.0,american graffiti,1973,m,False,True,False,False,0,1,0,0,Acting
carlos,131,m,18.0,american graffiti,1973,m,False,True,False,False,0,1,0,0,Acting
carol,729,f,14.0,american graffiti,1973,m,False,True,False,False,0,1,0,0,Acting
curt,1240,m,26.0,american graffiti,1973,m,False,True,False,False,0,1,0,0,Acting
debbie,735,f,26.0,american graffiti,1973,m,False,True,False,False,0,1,0,0,Acting
disc jockey,622,m,35.0,american graffiti,1973,m,False,True,False,False,0,1,0,0,Acting
joe,559,m,35.0,american graffiti,1973,m,False,True,False,False,0,1,0,0,Acting
john,1472,m,28.0,american graffiti,1973,m,False,True,False,False,0,1,0,0,Acting
laurie,642,f,26.0,american graffiti,1973,m,False,True,False,False,0,1,0,0,Acting
mr. wolfe,157,m,31.0,american graffiti,1973,m,False,True,False,False,0,1,0,0,Acting
steve,889,m,19.0,american graffiti,1973,m,False,True,False,False,0,1,0,0,Acting
terry,1604,m,20.0,american graffiti,1973,m,False,True,False,False,0,1,0,0,Acting
allison,141,f,25.0,annie hall,1977,m,True,True,False,True,1,1,0,1,Acting
alvy singer,7661,m,42.0,annie hall,1977,m,True,True,False,True,1,1,0,1,Acting
annie hall,3719,f,31.0,annie hall,1977,m,True,True,False,True,1,1,0,1,Acting
doctor,135,m,56.0,annie hall,1977,m,True,True,False,True,1,1,0,1,Acting
man in theatre ,267,m,36.0,annie hall,1977,m,True,True,False,True,1,1,0,1,Acting
mom hall,110,f,53.0,annie hall,1977,m,True,True,False,True,1,1,0,1,Acting
rob,567,m,38.0,annie hall,1977,m,True,True,False,True,1,1,0,1,Acting
robin,172,f,34.0,annie hall,1977,m,True,True,False,True,1,1,0,1,Acting
tony lacey,364,m,36.0,annie hall,1977,m,True,True,False,True,1,1,0,1,Acting
anthony,191,m,28.0,awakenings,1990,m,True,False,False,False,1,0,0,0,Acting
dr. kaufman,762,m,45.0,awakenings,1990,m,True,False,False,False,1,0,0,0,Acting
dr. malcolm say,4998,m,39.0,awakenings,1990,m,True,False,False,False,1,0,0,0,Acting
leonard lowe,2469,m,47.0,awakenings,1990,m,True,False,False,False,1,0,0,0,Acting
lucy,189,f,62.0,awakenings,1990,m,True,False,False,False,1,0,0,0,Acting
mrs. lowe,725,f,85.0,awakenings,1990,m,True,False,False,False,1,0,0,0,Acting
neurochemist,176,m,37.0,awakenings,1990,m,True,False,False,False,1,0,0,0,Acting
nurse margaret,315,f,49.0,awakenings,1990,m,True,False,False,False,1,0,0,0,Acting
paula,509,f,26.0,awakenings,1990,m,True,False,False,False,1,0,0,0,Acting
rose,133,f,64.0,awakenings,1990,m,True,False,False,False,1,0,0,0,Acting
audrey taylor,505,f,36.0,barton fink,1991,m,True,False,False,False,1,0,0,0,Acting
barton fink,3418,m,34.0,barton fink,1991,m,True,False,False,False,1,0,0,0,Acting
ben geisler,573,m,38.0,barton fink,1991,m,True,False,False,False,1,0,0,0,Acting
charlie meadows,2130,m,39.0,barton fink,1991,m,True,False,False,False,1,0,0,0,Acting
detective deuts,210,m,48.0,barton fink,1991,m,True,False,False,False,1,0,0,0,Acting
detective mastr,296,m,44.0,barton fink,1991,m,True,False,False,False,1,0,0,0,Acting
garland stanfor,321,m,57.0,barton fink,1991,m,True,False,False,False,1,0,0,0,Acting
jack lipnick,1626,m,50.0,barton fink,1991,m,True,False,False,False,1,0,0,0,Acting
lou breeze,131,m,41.0,barton fink,1991,m,True,False,False,False,1,0,0,0,Acting
w.p. mayhew,524,m,51.0,barton fink,1991,m,True,False,False,False,1,0,0,0,Acting
bettina peterso,148,f,35.0,cast away,2000,m,True,False,False,False,1,0,0,0,Acting
chuck noland,4034,m,44.0,cast away,2000,m,True,False,False,False,1,0,0,0,Acting
kelly frears,563,f,37.0,cast away,2000,m,True,False,False,False,1,0,0,0,Acting
stan,565,m,41.0,cast away,2000,m,True,False,False,False,1,0,0,0,Acting
captain j.j. jo,1596,m,40.0,changeling,2008,f,False,True,False,False,0,1,0,0,Acting
carol dexter,450,f,40.0,changeling,2008,f,False,True,False,False,0,1,0,0,Acting
chairman thorpe,281,m,43.0,changeling,2008,f,False,True,False,False,0,1,0,0,Acting
chief james e. ,663,m,50.0,changeling,2008,f,False,True,False,False,0,1,0,0,Acting
christine colli,3444,f,33.0,changeling,2008,f,False,True,False,False,0,1,0,0,Acting
david clay,365,m,13.0,changeling,2008,f,False,True,False,False,0,1,0,0,Acting
detective leste,879,m,39.0,changeling,2008,f,False,True,False,False,0,1,0,0,Acting
dr. earl w. tar,601,m,68.0,changeling,2008,f,False,True,False,False,0,1,0,0,Acting
dr. john montgo,123,m,40.0,changeling,2008,f,False,True,False,False,0,1,0,0,Acting
dr. jonathan st,476,m,46.0,changeling,2008,f,False,True,False,False,0,1,0,0,Acting
gordon northcot,756,m,38.0,changeling,2008,f,False,True,False,False,0,1,0,0,Acting
judge,192,m,59.0,changeling,2008,f,False,True,False,False,0,1,0,0,Acting
mayor cryer,255,m,54.0,changeling,2008,f,False,True,False,False,0,1,0,0,Acting
reporter,119,m,25.0,changeling,2008,f,False,True,False,False,0,1,0,0,Acting
rev. gustav bri,1116,m,55.0,changeling,2008,f,False,True,False,False,0,1,0,0,Acting
s.s. hahn,662,m,59.0,changeling,2008,f,False,True,False,False,0,1,0,0,Acting
sanford clark,464,m,14.0,changeling,2008,f,False,True,False,False,0,1,0,0,Acting
arthur rose,1428,m,47.0,the cider house rules,1999,m,True,False,True,False,1,0,1,0,Acting
buster,204,m,17.0,the cider house rules,1999,m,True,False,True,False,1,0,1,0,Acting
candy kendall,1101,f,24.0,the cider house rules,1999,m,True,False,True,False,1,0,1,0,Acting
dr. wilbur larc,2202,m,66.0,the cider house rules,1999,m,True,False,True,False,1,0,1,0,Acting
fuzzy,113,m,8.0,the cider house rules,1999,m,True,False,True,False,1,0,1,0,Acting
homer wells,2368,m,24.0,the cider house rules,1999,m,True,False,True,False,1,0,1,0,Acting
lt. wally worth,653,m,30.0,the cider house rules,1999,m,True,False,True,False,1,0,1,0,Acting
mary agnes,115,f,15.0,the cider house rules,1999,m,True,False,True,False,1,0,1,0,Acting
mrs. goodhall,104,f,67.0,the cider house rules,1999,m,True,False,True,False,1,0,1,0,Acting
muddy,305,m,34.0,the cider house rules,1999,m,True,False,True,False,1,0,1,0,Acting
nurse angela,349,f,49.0,the cider house rules,1999,m,True,False,True,False,1,0,1,0,Acting
nurse edna,438,f,60.0,the cider house rules,1999,m,True,False,True,False,1,0,1,0,Acting
olive worthingt,232,f,49.0,the cider house rules,1999,m,True,False,True,False,1,0,1,0,Acting
peaches,191,m,32.0,the cider house rules,1999,m,True,False,True,False,1,0,1,0,Acting
ray kendall,116,m,44.0,the cider house rules,1999,m,True,False,True,False,1,0,1,0,Acting
rose rose,350,f,28.0,the cider house rules,1999,m,True,False,True,False,1,0,1,0,Acting
city editor,131,m,63.0,citizen kane,1941,f,True,False,False,False,1,0,0,0,Acting
emily monroe no,583,f,25.0,citizen kane,1941,f,True,False,False,False,1,0,0,0,Acting
herbert carter,300,m,56.0,citizen kane,1941,f,True,False,False,False,1,0,0,0,Acting
jedediah leland,1884,m,36.0,citizen kane,1941,f,True,False,False,False,1,0,0,0,Acting
jerry thompson,739,m,25.0,citizen kane,1941,f,True,False,False,False,1,0,0,0,Acting
kane,4656,m,26.0,citizen kane,1941,f,True,False,False,False,1,0,0,0,Acting
mr. bernstein,1650,m,32.0,citizen kane,1941,f,True,False,False,False,1,0,0,0,Acting
mr. rawlston,275,m,37.0,citizen kane,1941,f,True,False,False,False,1,0,0,0,Acting
raymond,365,m,33.0,citizen kane,1941,f,True,False,False,False,1,0,0,0,Acting
susan alexander,1657,f,28.0,citizen kane,1941,f,True,False,False,False,1,0,0,0,Acting
walter parks th,581,m,38.0,citizen kane,1941,f,True,False,False,False,1,0,0,0,Acting
angela,108,f,36.0,the deer hunter,1978,m,True,True,True,False,2,1,1,0,Acting
john,179,m,33.0,the deer hunter,1978,m,True,True,True,False,2,1,1,0,Acting
linda,476,f,29.0,the deer hunter,1978,m,True,True,True,False,2,1,1,0,Acting
nick,1720,m,35.0,the deer hunter,1978,m,True,True,True,False,2,1,1,0,Acting
wedding man,139,m,36.0,the deer hunter,1978,m,True,True,True,False,2,1,1,0,Acting
buggin' out,575,m,31.0,do the right thing,1989,m,True,False,False,False,1,0,0,0,Acting
charlie,107,m,50.0,do the right thing,1989,m,True,False,False,False,1,0,0,0,Acting
da mayor,700,m,72.0,do the right thing,1989,m,True,False,False,False,1,0,0,0,Acting
jade,388,f,27.0,do the right thing,1989,m,True,False,False,False,1,0,0,0,Acting
ml,298,m,51.0,do the right thing,1989,m,True,False,False,False,1,0,0,0,Acting
mookie,1158,m,32.0,do the right thing,1989,m,True,False,False,False,1,0,0,0,Acting
mother sister,325,f,67.0,do the right thing,1989,m,True,False,False,False,1,0,0,0,Acting
pino,567,m,32.0,do the right thing,1989,m,True,False,False,False,1,0,0,0,Acting
radio raheem,259,m,36.0,do the right thing,1989,m,True,False,False,False,1,0,0,0,Acting
salvatore 'sal',853,m,56.0,do the right thing,1989,m,True,False,False,False,1,0,0,0,Acting
sweet dick will,137,m,36.0,do the right thing,1989,m,True,False,False,False,1,0,0,0,Acting
tina,357,f,25.0,do the right thing,1989,m,True,False,False,False,1,0,0,0,Acting
vito,196,m,35.0,do the right thing,1989,m,True,False,False,False,1,0,0,0,Acting
jenny,131,f,23.0,dog day afternoon,1975,m,True,False,False,False,2,0,0,0,Acting
leon,997,m,33.0,dog day afternoon,1975,m,True,False,False,False,2,0,0,0,Acting
moretti,1107,m,52.0,dog day afternoon,1975,m,True,False,False,False,2,0,0,0,Acting
mulvaney,709,m,52.0,dog day afternoon,1975,m,True,False,False,False,2,0,0,0,Acting
sal,459,m,40.0,dog day afternoon,1975,m,True,False,False,False,2,0,0,0,Acting
sonny,4962,m,35.0,dog day afternoon,1975,m,True,False,False,False,2,0,0,0,Acting
barton keyes,2897,m,51.0,double indemnity,1944,f,False,True,False,False,0,1,0,0,Acting
edward s. norto,629,m,40.0,double indemnity,1944,f,False,True,False,False,0,1,0,0,Acting
lola dietrichso,1004,f,23.0,double indemnity,1944,f,False,True,False,False,0,1,0,0,Acting
mr. jackson,321,m,56.0,double indemnity,1944,f,False,True,False,False,0,1,0,0,Acting
nino zachetti,105,m,27.0,double indemnity,1944,f,False,True,False,False,0,1,0,0,Acting
phyllis dietric,2559,f,37.0,double indemnity,1944,f,False,True,False,False,0,1,0,0,Acting
sam garlopis,127,m,49.0,double indemnity,1944,f,False,True,False,False,0,1,0,0,Acting
walter neff,5704,m,36.0,double indemnity,1944,f,False,True,False,False,0,1,0,0,Acting
bess throckmort,754,f,25.0,elizabeth the golden age,2007,f,False,True,False,False,0,1,0,0,Acting
dr. john dee,283,m,54.0,elizabeth the golden age,2007,f,False,True,False,False,0,1,0,0,Acting
king philip ll ,152,m,39.0,elizabeth the golden age,2007,f,False,True,False,False,0,1,0,0,Acting
lord howard,154,m,65.0,elizabeth the golden age,2007,f,False,True,False,False,0,1,0,0,Acting
mary stuart,502,f,30.0,elizabeth the golden age,2007,f,False,True,False,False,0,1,0,0,Acting
queen elizabeth,2482,f,38.0,elizabeth the golden age,2007,f,False,True,False,False,0,1,0,0,Acting
robert reston,172,m,40.0,elizabeth the golden age,2007,f,False,True,False,False,0,1,0,0,Acting
sir amyas paule,161,m,40.0,elizabeth the golden age,2007,f,False,True,False,False,0,1,0,0,Acting
sir christopher,146,m,29.0,elizabeth the golden age,2007,f,False,True,False,False,0,1,0,0,Acting
sir francis wal,755,m,56.0,elizabeth the golden age,2007,f,False,True,False,False,0,1,0,0,Acting
sir walter rale,1453,m,43.0,elizabeth the golden age,2007,f,False,True,False,False,0,1,0,0,Acting
ursula walsingh,110,f,44.0,elizabeth the golden age,2007,f,False,True,False,False,0,1,0,0,Acting
william walsing,192,m,43.0,elizabeth the golden age,2007,f,False,True,False,False,0,1,0,0,Acting
broadneck,454,m,60.0,the elephant man,1980,m,True,False,False,False,1,0,0,0,Acting
bytes,479,m,53.0,the elephant man,1980,m,True,False,False,False,1,0,0,0,Acting
carr gomm,1306,m,76.0,the elephant man,1980,m,True,False,False,False,1,0,0,0,Acting
fox,126,m,46.0,the elephant man,1980,m,True,False,False,False,1,0,0,0,Acting
frederick treve,191,m,43.0,the elephant man,1980,m,True,False,False,False,1,0,0,0,Acting
john merrick,1378,m,40.0,the elephant man,1980,m,True,False,False,False,1,0,0,0,Acting
mothershead,524,f,68.0,the elephant man,1980,m,True,False,False,False,1,0,0,0,Acting
mrs. kendal,346,f,49.0,the elephant man,1980,m,True,False,False,False,1,0,0,0,Acting
night porter,601,m,34.0,the elephant man,1980,m,True,False,False,False,1,0,0,0,Acting
nora,211,f,24.0,the elephant man,1980,m,True,False,False,False,1,0,0,0,Acting
carl fidelio du,347,m,42.0,five easy pieces,1970,m,True,True,False,False,1,1,0,0,Acting
catherine van o,779,f,28.0,five easy pieces,1970,m,True,True,False,False,1,1,0,0,Acting
elton,382,m,35.0,five easy pieces,1970,m,True,True,False,False,1,1,0,0,Acting
palm apodaca,687,f,32.0,five easy pieces,1970,m,True,True,False,False,1,1,0,0,Acting
partita dupea,812,f,40.0,five easy pieces,1970,m,True,True,False,False,1,1,0,0,Acting
rayette dipesto,1263,f,31.0,five easy pieces,1970,m,True,True,False,False,1,1,0,0,Acting
robert eroica d,2313,m,33.0,five easy pieces,1970,m,True,True,False,False,1,1,0,0,Acting
samia glavia,301,f,50.0,five easy pieces,1970,m,True,True,False,False,1,1,0,0,Acting
abbie hoffman,101,m,34.0,forrest gump,1994,m,True,False,True,False,2,0,1,0,Acting
bubba blue,475,m,37.0,forrest gump,1994,m,True,False,True,False,2,0,1,0,Acting
drill sergeant,129,m,44.0,forrest gump,1994,m,True,False,True,False,2,0,1,0,Acting
forrest gump,5446,m,38.0,forrest gump,1994,m,True,False,True,False,2,0,1,0,Acting
hilary,108,f,38.0,forrest gump,1994,m,True,False,True,False,2,0,1,0,Acting
Lieutenant Dan ,1228,m,39.0,forrest gump,1994,m,True,False,True,False,2,0,1,0,Acting
Local Anchor #1,162,m,59.0,forrest gump,1994,m,True,False,True,False,2,0,1,0,Acting
mrs. gump,490,f,48.0,forrest gump,1994,m,True,False,True,False,2,0,1,0,Acting
young jenny cur,951,f,10.0,forrest gump,1994,m,True,False,True,False,2,0,1,0,Acting
amsterdam vallo,2871,m,28.0,gangs of new york,2002,m,True,False,False,False,1,0,0,0,Acting
bill 'the butch,1765,m,45.0,gangs of new york,2002,m,True,False,False,False,1,0,0,0,Acting
happy jack mulr,111,m,37.0,gangs of new york,2002,m,True,False,False,False,1,0,0,0,Acting
jenny everdeane,1291,f,30.0,gangs of new york,2002,m,True,False,False,False,1,0,0,0,Acting
jimmy spoils,158,m,31.0,gangs of new york,2002,m,True,False,False,False,1,0,0,0,Acting
johnny sirocco,1204,m,31.0,gangs of new york,2002,m,True,False,False,False,1,0,0,0,Acting
killoran,513,m,34.0,gangs of new york,2002,m,True,False,False,False,1,0,0,0,Acting
p.t. barnum,180,m,45.0,gangs of new york,2002,m,True,False,False,False,1,0,0,0,Acting
reverend raleig,103,m,77.0,gangs of new york,2002,m,True,False,False,False,1,0,0,0,Acting
shang,456,m,29.0,gangs of new york,2002,m,True,False,False,False,1,0,0,0,Acting
walter 'monk' m,460,m,47.0,gangs of new york,2002,m,True,False,False,False,1,0,0,0,Acting
william 'boss' ,1851,m,53.0,gangs of new york,2002,m,True,False,False,False,1,0,0,0,Acting
barbara drummon,1774,f,33.0,the hospital,1971,m,True,False,False,False,1,0,0,0,Acting
dr. brubaker,612,m,28.0,the hospital,1971,m,True,False,False,False,1,0,0,0,Acting
dr. herbert boc,3823,m,44.0,the hospital,1971,m,True,False,False,False,1,0,0,0,Acting
dr. sundstrom,593,m,53.0,the hospital,1971,m,True,False,False,False,1,0,0,0,Acting
dr. welbeck,776,m,42.0,the hospital,1971,m,True,False,False,False,1,0,0,0,Acting
drummond,864,m,56.0,the hospital,1971,m,True,False,False,False,1,0,0,0,Acting
hitchcock,188,m,34.0,the hospital,1971,m,True,False,False,False,1,0,0,0,Acting
milton mead,366,m,47.0,the hospital,1971,m,True,False,False,False,1,0,0,0,Acting
mrs. christie,334,f,43.0,the hospital,1971,m,True,False,False,False,1,0,0,0,Acting
mrs. cushing,319,f,41.0,the hospital,1971,m,True,False,False,False,1,0,0,0,Acting
nurse perez,139,f,25.0,the hospital,1971,m,True,False,False,False,1,0,0,0,Acting
opening narrato,261,m,48.0,the hospital,1971,m,True,False,False,False,1,0,0,0,Acting
colonel oliver,581,m,63.0,hotel rwanda,2004,m,True,True,False,False,1,1,0,0,Acting
general bizimun,470,m,33.0,hotel rwanda,2004,m,True,True,False,False,1,1,0,0,Acting
george rutagand,160,m,42.0,hotel rwanda,2004,m,True,True,False,False,1,1,0,0,Acting
paul rusesabagi,3563,m,40.0,hotel rwanda,2004,m,True,True,False,False,1,1,0,0,Acting
tatiana rusesab,599,f,36.0,hotel rwanda,2004,m,True,True,False,False,1,1,0,0,Acting
thomas mirama,161,m,33.0,hotel rwanda,2004,m,True,True,False,False,1,1,0,0,Acting
'badge of honor,114,m,39.0,la confidential,1997,m,False,True,False,True,0,1,0,1,Acting
bud white,1464,m,33.0,la confidential,1997,m,False,True,False,True,0,1,0,1,Acting
d.a. ellis loew,350,m,58.0,la confidential,1997,m,False,True,False,True,0,1,0,1,Acting
dick stensland,156,m,48.0,la confidential,1997,m,False,True,False,True,0,1,0,1,Acting
dudley smith,821,m,57.0,la confidential,1997,m,False,True,False,True,0,1,0,1,Acting
ed exley,2369,m,30.0,la confidential,1997,m,False,True,False,True,0,1,0,1,Acting
jack vincennes,1016,m,38.0,la confidential,1997,m,False,True,False,True,0,1,0,1,Acting
johnny stompana,201,m,32.0,la confidential,1997,m,False,True,False,True,0,1,0,1,Acting
lynn bracken,872,f,44.0,la confidential,1997,m,False,True,False,True,0,1,0,1,Acting
mrs. lefferts,248,f,51.0,la confidential,1997,m,False,True,False,True,0,1,0,1,Acting
pierce patchett,378,m,48.0,la confidential,1997,m,False,True,False,True,0,1,0,1,Acting
aragorn,440,m,43.0,the lord of the rings the fellowship of the ring,2001,m,True,False,False,False,1,0,0,0,Acting
arwen,355,f,24.0,the lord of the rings the fellowship of the ring,2001,m,True,False,False,False,1,0,0,0,Acting
bilbo,940,m,70.0,the lord of the rings the fellowship of the ring,2001,m,True,False,False,False,1,0,0,0,Acting
boromir,801,m,42.0,the lord of the rings the fellowship of the ring,2001,m,True,False,False,False,1,0,0,0,Acting
elrond,489,m,41.0,the lord of the rings the fellowship of the ring,2001,m,True,False,False,False,1,0,0,0,Acting
frodo,800,m,20.0,the lord of the rings the fellowship of the ring,2001,m,True,False,False,False,1,0,0,0,Acting
galadriel,857,f,32.0,the lord of the rings the fellowship of the ring,2001,m,True,False,False,False,1,0,0,0,Acting
gandalf,2194,m,62.0,the lord of the rings the fellowship of the ring,2001,m,True,False,False,False,1,0,0,0,Acting
gimli,357,m,57.0,the lord of the rings the fellowship of the ring,2001,m,True,False,False,False,1,0,0,0,Acting
legolas,147,m,24.0,the lord of the rings the fellowship of the ring,2001,m,True,False,False,False,1,0,0,0,Acting
merry,204,m,25.0,the lord of the rings the fellowship of the ring,2001,m,True,False,False,False,1,0,0,0,Acting
pippin,177,m,33.0,the lord of the rings the fellowship of the ring,2001,m,True,False,False,False,1,0,0,0,Acting
sam,439,m,30.0,the lord of the rings the fellowship of the ring,2001,m,True,False,False,False,1,0,0,0,Acting
saruman,495,m,79.0,the lord of the rings the fellowship of the ring,2001,m,True,False,False,False,1,0,0,0,Acting
brother earl,103,m,34.0,malcolm x,1992,m,True,False,False,False,1,0,0,0,Acting
dr. betty shaba,564,f,34.0,malcolm x,1992,m,True,False,False,False,1,0,0,0,Acting
elijah muhammad,370,m,58.0,malcolm x,1992,m,True,False,False,False,1,0,0,0,Acting
louise little,146,f,38.0,malcolm x,1992,m,True,False,False,False,1,0,0,0,Acting
malcolm x,5534,m,38.0,malcolm x,1992,m,True,False,False,False,1,0,0,0,Acting
shorty,317,m,35.0,malcolm x,1992,m,True,False,False,False,1,0,0,0,Acting
sidney,128,m,42.0,malcolm x,1992,m,True,False,False,False,1,0,0,0,Acting
sophia,149,f,31.0,malcolm x,1992,m,True,False,False,False,1,0,0,0,Acting
west indian arc,408,m,40.0,malcolm x,1992,m,True,False,False,False,1,0,0,0,Acting
anne kronenberg,253,f,23.0,milk,2008,m,True,False,True,False,2,0,1,0,Acting
cleve jones,842,m,23.0,milk,2008,m,True,False,True,False,2,0,1,0,Acting
dan white,114,m,40.0,milk,2008,m,True,False,True,False,2,0,1,0,Acting
david goodstein,271,m,63.0,milk,2008,m,True,False,True,False,2,0,1,0,Acting
dick pabich,239,m,22.0,milk,2008,m,True,False,True,False,2,0,1,0,Acting
harvey milk,6743,m,48.0,milk,2008,m,True,False,True,False,2,0,1,0,Acting
jack lira,439,m,29.0,milk,2008,m,True,False,True,False,2,0,1,0,Acting
jim rivaldo,325,m,38.0,milk,2008,m,True,False,True,False,2,0,1,0,Acting
john briggs,356,m,46.0,milk,2008,m,True,False,True,False,2,0,1,0,Acting
mayor moscone,152,m,59.0,milk,2008,m,True,False,True,False,2,0,1,0,Acting
scott smith,920,m,30.0,milk,2008,m,True,False,True,False,2,0,1,0,Acting
ahmet,243,m,49.0,midnight express,1978,m,True,False,False,False,1,0,0,0,Acting
billy hayes,1491,m,29.0,midnight express,1978,m,True,False,False,False,1,0,0,0,Acting
erich,241,m,32.0,midnight express,1978,m,True,False,False,False,1,0,0,0,Acting
hamidou,197,m,42.0,midnight express,1978,m,True,False,False,False,1,0,0,0,Acting
jimmy booth,793,m,28.0,midnight express,1978,m,True,False,False,False,1,0,0,0,Acting
max,560,m,38.0,midnight express,1978,m,True,False,False,False,1,0,0,0,Acting
susan,241,f,24.0,midnight express,1978,m,True,False,False,False,1,0,0,0,Acting
tex,172,m,40.0,midnight express,1978,m,True,False,False,False,1,0,0,0,Acting
yesil,248,m,31.0,midnight express,1978,m,True,False,False,False,1,0,0,0,Acting
arthur nagle,463,m,33.0,peggy sue got married,1986,f,False,True,False,False,0,1,0,0,Acting
barney alvorg,201,m,84.0,peggy sue got married,1986,f,False,True,False,False,0,1,0,0,Acting
carol heath,399,f,35.0,peggy sue got married,1986,f,False,True,False,False,0,1,0,0,Acting
charlie bodell,2095,m,22.0,peggy sue got married,1986,f,False,True,False,False,0,1,0,0,Acting
elizabeth alvor,169,f,75.0,peggy sue got married,1986,f,False,True,False,False,0,1,0,0,Acting
evelyn kelcher,502,f,51.0,peggy sue got married,1986,f,False,True,False,False,0,1,0,0,Acting
jack kelcher,626,m,57.0,peggy sue got married,1986,f,False,True,False,False,0,1,0,0,Acting
maddy nagle,299,f,30.0,peggy sue got married,1986,f,False,True,False,False,0,1,0,0,Acting
michael fitzsim,547,m,23.0,peggy sue got married,1986,f,False,True,False,False,0,1,0,0,Acting
nancy kelcher,141,f,15.0,peggy sue got married,1986,f,False,True,False,False,0,1,0,0,Acting
peggy sue,4337,f,32.0,peggy sue got married,1986,f,False,True,False,False,0,1,0,0,Acting
richard norvik,1127,m,28.0,peggy sue got married,1986,f,False,True,False,False,0,1,0,0,Acting
walter getz,141,m,24.0,peggy sue got married,1986,f,False,True,False,False,0,1,0,0,Acting
david morse,259,m,31.0,pretty woman,1990,f,False,True,False,False,0,1,0,0,Acting
edward lewis,2519,m,41.0,pretty woman,1990,f,False,True,False,False,0,1,0,0,Acting
kit de luca,437,f,28.0,pretty woman,1990,f,False,True,False,False,0,1,0,0,Acting
philip stuckey,1067,m,31.0,pretty woman,1990,f,False,True,False,False,0,1,0,0,Acting
vance,133,m,42.0,pretty woman,1990,f,False,True,False,False,0,1,0,0,Acting
vivian ward,3007,f,23.0,pretty woman,1990,f,False,True,False,False,0,1,0,0,Acting
caroline,118,f,32.0,psycho,1960,m,False,True,False,False,0,1,0,0,Acting
det. milton arb,767,m,41.0,psycho,1960,m,False,True,False,False,0,1,0,0,Acting
george lowery,165,m,49.0,psycho,1960,m,False,True,False,False,0,1,0,0,Acting
lila crane,1189,f,31.0,psycho,1960,m,False,True,False,False,0,1,0,0,Acting
marion crane,1062,f,33.0,psycho,1960,m,False,True,False,False,0,1,0,0,Acting
mrs. chambers,176,f,53.0,psycho,1960,m,False,True,False,False,0,1,0,0,Acting
norman bates,1708,m,28.0,psycho,1960,m,False,True,False,False,0,1,0,0,Acting
sam loomis,1797,m,29.0,psycho,1960,m,False,True,False,False,0,1,0,0,Acting
sheriff al cham,536,m,53.0,psycho,1960,m,False,True,False,False,0,1,0,0,Acting
tom cassidy,233,m,51.0,psycho,1960,m,False,True,False,False,0,1,0,0,Acting
butch coolidge,1207,m,39.0,pulp fiction,1994,m,True,True,False,False,2,1,0,0,Acting
fabienne,710,f,29.0,pulp fiction,1994,m,True,True,False,False,2,1,0,0,Acting
jimmie dimmick,404,m,31.0,pulp fiction,1994,m,True,True,False,False,2,1,0,0,Acting
jody,213,f,35.0,pulp fiction,1994,m,True,True,False,False,2,1,0,0,Acting
jules winnfield,1021,m,46.0,pulp fiction,1994,m,True,True,False,False,2,1,0,0,Acting
lance,686,m,33.0,pulp fiction,1994,m,True,True,False,False,2,1,0,0,Acting
marsellus walla,456,m,35.0,pulp fiction,1994,m,True,True,False,False,2,1,0,0,Acting
maynard,160,m,35.0,pulp fiction,1994,m,True,True,False,False,2,1,0,0,Acting
mia wallace,1016,f,24.0,pulp fiction,1994,m,True,True,False,False,2,1,0,0,Acting
pumpkin,219,m,33.0,pulp fiction,1994,m,True,True,False,False,2,1,0,0,Acting
vincent vega,2596,m,40.0,pulp fiction,1994,m,True,True,False,False,2,1,0,0,Acting
alastair campbe,224,m,36.0,the queen,2006,f,False,True,False,True,0,1,0,1,Acting
cherie blair,323,f,38.0,the queen,2006,f,False,True,False,True,0,1,0,1,Acting
prince charles,437,m,49.0,the queen,2006,f,False,True,False,True,0,1,0,1,Acting
prince philip,440,m,66.0,the queen,2006,f,False,True,False,True,0,1,0,1,Acting
queen mother,230,f,72.0,the queen,2006,f,False,True,False,True,0,1,0,1,Acting
robin janvrin,488,m,53.0,the queen,2006,f,False,True,False,True,0,1,0,1,Acting
the queen,1908,f,61.0,the queen,2006,f,False,True,False,True,0,1,0,1,Acting
tony blair,1507,m,37.0,the queen,2006,f,False,True,False,True,0,1,0,1,Acting
adrian,590,f,30.0,rocky,1976,m,True,True,False,False,3,1,0,0,Acting
apollo,845,m,28.0,rocky,1976,m,True,True,False,False,3,1,0,0,Acting
apollo's traine,258,m,39.0,rocky,1976,m,True,True,False,False,3,1,0,0,Acting
dipper,126,m,24.0,rocky,1976,m,True,True,False,False,3,1,0,0,Acting
fats,137,m,58.0,rocky,1976,m,True,True,False,False,3,1,0,0,Acting
fight announcer,234,m,63.0,rocky,1976,m,True,True,False,False,3,1,0,0,Acting
gazzo,429,m,40.0,rocky,1976,m,True,True,False,False,3,1,0,0,Acting
jergens,260,m,49.0,rocky,1976,m,True,True,False,False,3,1,0,0,Acting
mickey,1383,m,69.0,rocky,1976,m,True,True,False,False,3,1,0,0,Acting
mike,113,m,33.0,rocky,1976,m,True,True,False,False,3,1,0,0,Acting
paulie,944,m,36.0,rocky,1976,m,True,True,False,False,3,1,0,0,Acting
reporter,117,m,72.0,rocky,1976,m,True,True,False,False,3,1,0,0,Acting
rocky,3075,m,30.0,rocky,1976,m,True,True,False,False,3,1,0,0,Acting
tv commentator,312,m,64.0,rocky,1976,m,True,True,False,False,3,1,0,0,Acting
ardelia mapp,253,f,30.0,the silence of the lambs,1991,f,True,True,True,True,1,1,1,1,Acting
catherine marti,344,f,24.0,the silence of the lambs,1991,f,True,True,True,True,1,1,1,1,Acting
clarice starlin,3844,f,29.0,the silence of the lambs,1991,f,True,True,True,True,1,1,1,1,Acting
dr. akin,117,m,70.0,the silence of the lambs,1991,f,True,True,True,True,1,1,1,1,Acting
dr. frederick c,751,m,47.0,the silence of the lambs,1991,f,True,True,True,True,1,1,1,1,Acting
dr. hannibal le,2516,m,54.0,the silence of the lambs,1991,f,True,True,True,True,1,1,1,1,Acting
jack crawford,2323,m,50.0,the silence of the lambs,1991,f,True,True,True,True,1,1,1,1,Acting
jame gumb,453,m,34.0,the silence of the lambs,1991,f,True,True,True,True,1,1,1,1,Acting
paul krendler,241,m,43.0,the silence of the lambs,1991,f,True,True,True,True,1,1,1,1,Acting
dave,141,m,60.0,somethings gotta give,2003,m,False,True,False,False,0,1,0,0,Acting
dr. martinez,235,f,45.0,somethings gotta give,2003,m,False,True,False,False,0,1,0,0,Acting
erica barry,4974,f,57.0,somethings gotta give,2003,m,False,True,False,False,0,1,0,0,Acting
harry sanborn,6099,m,66.0,somethings gotta give,2003,m,False,True,False,False,0,1,0,0,Acting
julian mercer,1566,m,39.0,somethings gotta give,2003,m,False,True,False,False,0,1,0,0,Acting
marin,2269,f,31.0,somethings gotta give,2003,m,False,True,False,False,0,1,0,0,Acting
zoe,534,f,46.0,somethings gotta give,2003,m,False,True,False,False,0,1,0,0,Acting
benny garfield,164,m,63.0,the sting,1973,m,True,False,False,False,1,0,0,0,Acting
billie,216,f,41.0,the sting,1973,m,True,False,False,False,1,0,0,0,Acting
combs,163,m,51.0,the sting,1973,m,True,False,False,False,1,0,0,0,Acting
doyle lonnegan,899,m,46.0,the sting,1973,m,True,False,False,False,1,0,0,0,Acting
erie kid,237,m,35.0,the sting,1973,m,True,False,False,False,1,0,0,0,Acting
f.b.i. agent po,507,m,46.0,the sting,1973,m,True,False,False,False,1,0,0,0,Acting
floyd - bodygua,136,m,37.0,the sting,1973,m,True,False,False,False,1,0,0,0,Acting
granger,101,m,48.0,the sting,1973,m,True,False,False,False,1,0,0,0,Acting
henry gondorff,1598,m,48.0,the sting,1973,m,True,False,False,False,1,0,0,0,Acting
j.j. singleton,249,m,59.0,the sting,1973,m,True,False,False,False,1,0,0,0,Acting
johnny hooker,1043,m,37.0,the sting,1973,m,True,False,False,False,1,0,0,0,Acting
kid twist,201,m,50.0,the sting,1973,m,True,False,False,False,1,0,0,0,Acting
lt. wm. snyder,331,m,50.0,the sting,1973,m,True,False,False,False,1,0,0,0,Acting
luther coleman,250,m,63.0,the sting,1973,m,True,False,False,False,1,0,0,0,Acting
cook,249,m,47.0,starman,1984,f,True,False,False,False,1,0,0,0,Acting
george fox,548,m,58.0,starman,1984,f,True,False,False,False,1,0,0,0,Acting
jenny hayden,2421,f,33.0,starman,1984,f,True,False,False,False,1,0,0,0,Acting
major bell,346,m,47.0,starman,1984,f,True,False,False,False,1,0,0,0,Acting
mark shermin,1154,m,31.0,starman,1984,f,True,False,False,False,1,0,0,0,Acting
starman,1273,m,35.0,starman,1984,f,True,False,False,False,1,0,0,0,Acting
arnie metzger,607,m,46.0,traffic,2000,f,True,False,True,False,1,0,1,0,Acting
attorney michae,128,m,53.0,traffic,2000,f,True,False,True,False,1,0,1,0,Acting
barbara wakefie,364,f,47.0,traffic,2000,f,True,False,True,False,1,0,1,0,Acting
carlos ayala,113,m,44.0,traffic,2000,f,True,False,True,False,1,0,1,0,Acting
caroline wakefi,987,f,18.0,traffic,2000,f,True,False,True,False,1,0,1,0,Acting
francisco flore,222,m,30.0,traffic,2000,f,True,False,True,False,1,0,1,0,Acting
general arturo ,591,m,67.0,traffic,2000,f,True,False,True,False,1,0,1,0,Acting
helena ayala,1208,f,31.0,traffic,2000,f,True,False,True,False,1,0,1,0,Acting
javier rodrigue,657,m,33.0,traffic,2000,f,True,False,True,False,1,0,1,0,Acting
jeff sheridan,233,m,46.0,traffic,2000,f,True,False,True,False,1,0,1,0,Acting
manolo sanchez,269,m,29.0,traffic,2000,f,True,False,True,False,1,0,1,0,Acting
montel gordon,411,m,36.0,traffic,2000,f,True,False,True,False,1,0,1,0,Acting
prosecutor ben ,105,m,46.0,traffic,2000,f,True,False,True,False,1,0,1,0,Acting
ray castro,297,m,44.0,traffic,2000,f,True,False,True,False,1,0,1,0,Acting
robert wakefiel,1749,m,56.0,traffic,2000,f,True,False,True,False,1,0,1,0,Acting
seth abrahms,722,m,22.0,traffic,2000,f,True,False,True,False,1,0,1,0,Acting
alpa chino - ho,1058,m,24.0,tropic thunder,2008,m,True,False,False,False,1,0,0,0,Acting
cody - vietnam ,496,m,32.0,tropic thunder,2008,m,True,False,False,False,1,0,0,0,Acting
damien cockburn,991,m,43.0,tropic thunder,2008,m,True,False,False,False,1,0,0,0,Acting
four leaf tayba,1091,m,67.0,tropic thunder,2008,m,True,False,False,False,1,0,0,0,Acting
jeff portnoy - ,742,m,39.0,tropic thunder,2008,m,True,False,False,False,1,0,0,0,Acting
kevin sandusky ,1303,m,26.0,tropic thunder,2008,m,True,False,False,False,1,0,0,0,Acting
kirk lazarus,1503,m,43.0,tropic thunder,2008,m,True,False,False,False,1,0,0,0,Acting
rick peck - pec,423,m,39.0,tropic thunder,2008,m,True,False,False,False,1,0,0,0,Acting
tran - flaming ,178,m,13.0,tropic thunder,2008,m,True,False,False,False,1,0,0,0,Acting
tugg speedman -,2338,m,43.0,tropic thunder,2008,m,True,False,False,False,1,0,0,0,Acting
christof,1521,m,48.0,the truman show,1998,m,True,False,False,False,1,0,0,0,Acting
lawrence,120,m,33.0,the truman show,1998,m,True,False,False,False,1,0,0,0,Acting
marlon,752,m,33.0,the truman show,1998,m,True,False,False,False,1,0,0,0,Acting
meryl burbank,402,f,34.0,the truman show,1998,m,True,False,False,False,1,0,0,0,Acting
truman burbank,2133,m,36.0,the truman show,1998,m,True,False,False,False,1,0,0,0,Acting
bill munny,2291,m,62.0,unforgiven,1992,m,True,False,True,False,2,0,1,0,Acting
charley hecker,114,m,28.0,unforgiven,1992,m,True,False,True,False,2,0,1,0,Acting
delilah fitzger,144,f,39.0,unforgiven,1992,m,True,False,True,False,2,0,1,0,Acting
english bob,430,m,62.0,unforgiven,1992,m,True,False,True,False,2,0,1,0,Acting
little bill dag,2009,m,62.0,unforgiven,1992,m,True,False,True,False,2,0,1,0,Acting
ned logan,884,m,55.0,unforgiven,1992,m,True,False,True,False,2,0,1,0,Acting
skinny dubois,368,m,50.0,unforgiven,1992,m,True,False,True,False,2,0,1,0,Acting
strawberry alic,333,f,40.0,unforgiven,1992,m,True,False,True,False,2,0,1,0,Acting
the 'schofield ,1245,m,25.0,unforgiven,1992,m,True,False,True,False,2,0,1,0,Acting
w.w. beauchamp,243,m,44.0,unforgiven,1992,m,True,False,True,False,2,0,1,0,Acting
will munny,119,m,15.0,unforgiven,1992,m,True,False,True,False,2,0,1,0,Acting
elaine,330,f,36.0,witness,1985,f,True,False,False,False,1,0,0,0,Acting
eli lapp,526,m,65.0,witness,1985,f,True,False,False,False,1,0,0,0,Acting
john book,1875,m,43.0,witness,1985,f,True,False,False,False,1,0,0,0,Acting
rachel,1519,f,28.0,witness,1985,f,True,False,False,False,1,0,0,0,Acting
samuel,251,m,9.0,witness,1985,f,True,False,False,False,1,0,0,0,Acting
schaeffer,711,m,51.0,witness,1985,f,True,False,False,False,1,0,0,0,Acting
armsby,609,m,49.0,12 years a slave,2013,m,True,True,False,True,2,1,0,1,Acting
bass,905,m,50.0,12 years a slave,2013,m,True,True,False,True,2,1,0,1,Acting
brown,707,m,36.0,12 years a slave,2013,m,True,True,False,True,2,1,0,1,Acting
celeste,789,f,31.0,12 years a slave,2013,m,True,True,False,True,2,1,0,1,Acting
chapin,509,m,45.0,12 years a slave,2013,m,True,True,False,True,2,1,0,1,Acting
edwin epps,2901,m,36.0,12 years a slave,2013,m,True,True,False,True,2,1,0,1,Acting
ford,1019,m,37.0,12 years a slave,2013,m,True,True,False,True,2,1,0,1,Acting
freeman,622,m,46.0,12 years a slave,2013,m,True,True,False,True,2,1,0,1,Acting
hamilton,478,m,31.0,12 years a slave,2013,m,True,True,False,True,2,1,0,1,Acting
jonus ray,274,m,55.0,12 years a slave,2013,m,True,True,False,True,2,1,0,1,Acting
mistress epps,708,f,39.0,12 years a slave,2013,m,True,True,False,True,2,1,0,1,Acting
mistress shaw,455,f,61.0,12 years a slave,2013,m,True,True,False,True,2,1,0,1,Acting
parker,388,m,54.0,12 years a slave,2013,m,True,True,False,True,2,1,0,1,Acting
patsey,543,f,30.0,12 years a slave,2013,m,True,True,False,True,2,1,0,1,Acting
sheriff,145,m,47.0,12 years a slave,2013,m,True,True,False,True,2,1,0,1,Acting
solomon northup,4212,m,36.0,12 years a slave,2013,m,True,True,False,True,2,1,0,1,Acting
tibeats,1288,m,29.0,12 years a slave,2013,m,True,True,False,True,2,1,0,1,Acting
aron ralston,4336,m,32.0,127 hours,2010,m,True,False,False,False,1,0,0,0,Acting
kristi,256,f,27.0,127 hours,2010,m,True,False,False,False,1,0,0,0,Acting
megan,227,f,27.0,127 hours,2010,m,True,False,False,False,1,0,0,0,Acting
rana,326,f,28.0,127 hours,2010,m,True,False,False,False,1,0,0,0,Acting
capt. jack ross,4560,m,34.0,a few good men,1992,f,True,False,False,False,1,0,0,0,Acting
capt. west,430,m,42.0,a few good men,1992,f,True,False,False,False,1,0,0,0,Acting
capt. whitaker,464,m,37.0,a few good men,1992,f,True,False,False,False,1,0,0,0,Acting
cdr. gibbs,138,m,28.0,a few good men,1992,f,True,False,False,False,1,0,0,0,Acting
Col. Nathan R. ,4384,m,55.0,a few good men,1992,f,True,False,False,False,1,0,0,0,Acting
cpl. carl hamma,236,m,24.0,a few good men,1992,f,True,False,False,False,1,0,0,0,Acting
dr. stone,480,m,44.0,a few good men,1992,f,True,False,False,False,1,0,0,0,Acting
judge julius al,1120,m,60.0,a few good men,1992,f,True,False,False,False,1,0,0,0,Acting
lance cpl. haro,1170,m,26.0,a few good men,1992,f,True,False,False,False,1,0,0,0,Acting
lt. cdr. joanne,5854,f,30.0,a few good men,1992,f,True,False,False,False,1,0,0,0,Acting
lt. col. matthe,1034,m,49.0,a few good men,1992,f,True,False,False,False,1,0,0,0,Acting
lt. daniel kaff,16148,m,30.0,a few good men,1992,f,True,False,False,False,1,0,0,0,Acting
lt. dave spradl,306,m,36.0,a few good men,1992,f,True,False,False,False,1,0,0,0,Acting
lt. jonathan ke,944,m,26.0,a few good men,1992,f,True,False,False,False,1,0,0,0,Acting
lt. sam weinber,2590,m,35.0,a few good men,1992,f,True,False,False,False,1,0,0,0,Acting
luther,112,m,64.0,a few good men,1992,f,True,False,False,False,1,0,0,0,Acting
pfc. louden dow,776,m,25.0,a few good men,1992,f,True,False,False,False,1,0,0,0,Acting
pfc. william t.,494,m,33.0,a few good men,1992,f,True,False,False,False,1,0,0,0,Acting
detective larry,400,m,36.0,agnes of god,1985,f,False,True,False,False,0,2,0,0,Acting
doctor martha l,6992,f,48.0,agnes of god,1985,f,False,True,False,False,0,2,0,0,Acting
eugène lyon,132,m,44.0,agnes of god,1985,f,False,True,False,False,0,2,0,0,Acting
father martinea,186,m,76.0,agnes of god,1985,f,False,True,False,False,0,2,0,0,Acting
justice joseph ,382,m,69.0,agnes of god,1985,f,False,True,False,False,0,2,0,0,Acting
monsignor,222,m,36.0,agnes of god,1985,f,False,True,False,False,0,2,0,0,Acting
mother miriam r,4534,f,54.0,agnes of god,1985,f,False,True,False,False,0,2,0,0,Acting
sister agnes,4206,f,25.0,agnes of god,1985,f,False,True,False,False,0,2,0,0,Acting
bishop,1264,m,46.0,aliens,1986,f,False,True,False,False,0,1,0,0,Acting
burke,1710,m,29.0,aliens,1986,f,False,True,False,False,0,1,0,0,Acting
corporal hicks,1500,m,30.0,aliens,1986,f,False,True,False,False,0,1,0,0,Acting
lieutenant gorm,106,m,31.0,aliens,1986,f,False,True,False,False,0,1,0,0,Acting
lydecker,120,m,32.0,aliens,1986,f,False,True,False,False,0,1,0,0,Acting
med tech,120,f,41.0,aliens,1986,f,False,True,False,False,0,1,0,0,Acting
newt,842,f,10.0,aliens,1986,f,False,True,False,False,0,1,0,0,Acting
private hudson,1580,m,31.0,aliens,1986,f,False,True,False,False,0,1,0,0,Acting
private spunkme,144,m,27.0,aliens,1986,f,False,True,False,False,0,1,0,0,Acting
private vasquez,312,f,26.0,aliens,1986,f,False,True,False,False,0,1,0,0,Acting
ripley,4910,f,37.0,aliens,1986,f,False,True,False,False,0,1,0,0,Acting
sergeant apone,474,m,44.0,aliens,1986,f,False,True,False,False,0,1,0,0,Acting
simpson,154,m,37.0,aliens,1986,f,False,True,False,False,0,1,0,0,Acting
angry promoter,126,m,37.0,almost famous,2000,m,False,True,False,False,0,2,0,0,Acting
anita miller,938,f,20.0,almost famous,2000,m,False,True,False,False,0,2,0,0,Acting
david felton,102,m,34.0,almost famous,2000,m,False,True,False,False,0,2,0,0,Acting
dennis hope,1044,m,26.0,almost famous,2000,m,False,True,False,False,0,2,0,0,Acting
dick roswell,1456,m,31.0,almost famous,2000,m,False,True,False,False,0,2,0,0,Acting
elaine miller,2600,f,43.0,almost famous,2000,m,False,True,False,False,0,2,0,0,Acting
estrella starr,524,f,20.0,almost famous,2000,m,False,True,False,False,0,2,0,0,Acting
jann wenner,194,m,24.0,almost famous,2000,m,False,True,False,False,0,2,0,0,Acting
jeff bebe,1796,m,30.0,almost famous,2000,m,False,True,False,False,0,2,0,0,Acting
leslie,138,f,21.0,almost famous,2000,m,False,True,False,False,0,2,0,0,Acting
lester bangs,698,m,33.0,almost famous,2000,m,False,True,False,False,0,2,0,0,Acting
penny lane,880,f,21.0,almost famous,2000,m,False,True,False,False,0,2,0,0,Acting
polexia aphrodi,636,f,18.0,almost famous,2000,m,False,True,False,False,0,2,0,0,Acting
russell hammond,5574,m,32.0,almost famous,2000,m,False,True,False,False,0,2,0,0,Acting
sapphire,662,f,26.0,almost famous,2000,m,False,True,False,False,0,2,0,0,Acting
the legendary r,112,m,30.0,almost famous,2000,m,False,True,False,False,0,2,0,0,Acting
william miller,4978,m,18.0,almost famous,2000,m,False,True,False,False,0,2,0,0,Acting
angela hayes,2088,f,20.0,american beauty,1999,f,True,True,True,False,1,1,1,0,Acting
brad,350,m,37.0,american beauty,1999,f,True,True,True,False,1,1,1,0,Acting
buddy kane,476,m,44.0,american beauty,1999,f,True,True,True,False,1,1,1,0,Acting
carolyn burnham,2750,f,41.0,american beauty,1999,f,True,True,True,False,1,1,1,0,Acting
colonel fitts,692,m,48.0,american beauty,1999,f,True,True,True,False,1,1,1,0,Acting
jane burnham,2004,f,17.0,american beauty,1999,f,True,True,True,False,1,1,1,0,Acting
jim olmeyer,222,m,45.0,american beauty,1999,f,True,True,True,False,1,1,1,0,Acting
lester burnham,5576,m,40.0,american beauty,1999,f,True,True,True,False,1,1,1,0,Acting
ricky fitts,2566,m,21.0,american beauty,1999,f,True,True,True,False,1,1,1,0,Acting
alfonse simone,343,m,67.0,american hustle,2013,m,True,True,False,False,2,2,0,0,Acting
anthony amado,335,m,41.0,american hustle,2013,m,True,True,False,False,2,2,0,0,Acting
carl elway,329,m,44.0,american hustle,2013,m,True,True,False,False,2,2,0,0,Acting
dolly polito,168,f,40.0,american hustle,2013,m,True,True,False,False,2,2,0,0,Acting
irving rosenfel,6043,m,39.0,american hustle,2013,m,True,True,False,False,2,2,0,0,Acting
mayor carmine p,2282,m,42.0,american hustle,2013,m,True,True,False,False,2,2,0,0,Acting
pete musane,396,m,31.0,american hustle,2013,m,True,True,False,False,2,2,0,0,Acting
richie dimaso,5298,m,38.0,american hustle,2013,m,True,True,False,False,2,2,0,0,Acting
richie's mother,131,f,68.0,american hustle,2013,m,True,True,False,False,2,2,0,0,Acting
Rosalyn Rosenfe,2298,f,23.0,american hustle,2013,m,True,True,False,False,2,2,0,0,Acting
stoddard thorse,910,m,46.0,american hustle,2013,m,True,True,False,False,2,2,0,0,Acting
sydney prosser,1783,f,39.0,american hustle,2013,m,True,True,False,False,2,2,0,0,Acting
Victor Tellegio,505,m,70.0,american hustle,2013,m,True,True,False,False,2,2,0,0,Acting
danny,1344,m,31.0,an education,2009,f,False,True,False,False,0,1,0,0,Acting
graham,254,m,20.0,an education,2009,f,False,True,False,False,0,1,0,0,Acting
headmistress,1178,f,50.0,an education,2009,f,False,True,False,False,0,1,0,0,Acting
helen,1204,f,30.0,an education,2009,f,False,True,False,False,0,1,0,0,Acting
jack mellor,4396,m,56.0,an education,2009,f,False,True,False,False,0,1,0,0,Acting
jenny mellor,7988,f,24.0,an education,2009,f,False,True,False,False,0,1,0,0,Acting
miss stubbs,1056,f,41.0,an education,2009,f,False,True,False,False,0,1,0,0,Acting
tina,1236,f,19.0,an education,2009,f,False,True,False,False,0,1,0,0,Acting
al kirkeby,1448,m,44.0,the apartment,1960,m,True,True,False,False,2,1,0,0,Acting
c.c. baxter,13294,m,35.0,the apartment,1960,m,True,True,False,False,2,1,0,0,Acting
dr. dreyfuss,1616,m,38.0,the apartment,1960,m,True,True,False,False,2,1,0,0,Acting
fran kubelik,5470,f,26.0,the apartment,1960,m,True,True,False,False,2,1,0,0,Acting
jeff d. sheldra,4692,m,52.0,the apartment,1960,m,True,True,False,False,2,1,0,0,Acting
joe dobisch,1030,m,46.0,the apartment,1960,m,True,True,False,False,2,1,0,0,Acting
karl matuschka,346,m,34.0,the apartment,1960,m,True,True,False,False,2,1,0,0,Acting
miss olsen,530,f,33.0,the apartment,1960,m,True,True,False,False,2,1,0,0,Acting
mr. vanderhoff,350,m,46.0,the apartment,1960,m,True,True,False,False,2,1,0,0,Acting
mrs. lieberman,318,f,65.0,the apartment,1960,m,True,True,False,False,2,1,0,0,Acting
mrs. margie mac,718,f,27.0,the apartment,1960,m,True,True,False,False,2,1,0,0,Acting
mrs. mildred dr,652,f,34.0,the apartment,1960,m,True,True,False,False,2,1,0,0,Acting
sylvia,762,f,34.0,the apartment,1960,m,True,True,False,False,2,1,0,0,Acting
the blonde,112,f,33.0,the apartment,1960,m,True,True,False,False,2,1,0,0,Acting
agent,910,m,48.0,apocalypse now,1979,m,True,False,False,False,1,0,0,0,Acting
captain benjami,8610,m,39.0,apocalypse now,1979,m,True,False,False,False,1,0,0,0,Acting
chief phillips,1414,m,42.0,apocalypse now,1979,m,True,False,False,False,1,0,0,0,Acting
colonel walter ,644,m,55.0,apocalypse now,1979,m,True,False,False,False,1,0,0,0,Acting
gaston de marai,858,m,62.0,apocalypse now,1979,m,True,False,False,False,1,0,0,0,Acting
jay 'chef' hick,1650,m,43.0,apocalypse now,1979,m,True,False,False,False,1,0,0,0,Acting
"jerry, civilian",314,m,40.0,apocalypse now,1979,m,True,False,False,False,1,0,0,0,Acting
kilgore's gunne,112,m,27.0,apocalypse now,1979,m,True,False,False,False,1,0,0,0,Acting
lance b. johnso,696,m,24.0,apocalypse now,1979,m,True,False,False,False,1,0,0,0,Acting
lieutenant colo,2816,m,48.0,apocalypse now,1979,m,True,False,False,False,1,0,0,0,Acting
lieutenant rich,258,m,38.0,apocalypse now,1979,m,True,False,False,False,1,0,0,0,Acting
mike from san d,138,m,24.0,apocalypse now,1979,m,True,False,False,False,1,0,0,0,Acting
roxanne sarraul,564,f,34.0,apocalypse now,1979,m,True,False,False,False,1,0,0,0,Acting
soldier,574,m,27.0,apocalypse now,1979,m,True,False,False,False,1,0,0,0,Acting
tyrone 'clean' ,830,m,18.0,apocalypse now,1979,m,True,False,False,False,1,0,0,0,Acting
adam engell,156,m,60.0,argo,2012,m,True,False,False,False,1,0,0,0,Acting
bates,191,m,51.0,argo,2012,m,True,False,False,False,1,0,0,0,Acting
bob anders,336,m,49.0,argo,2012,m,True,False,False,False,1,0,0,0,Acting
cora lijek,157,f,35.0,argo,2012,m,True,False,False,False,1,0,0,0,Acting
hamilton jordan,173,m,47.0,argo,2012,m,True,False,False,False,1,0,0,0,Acting
jack o'donnell,1463,m,56.0,argo,2012,m,True,False,False,False,1,0,0,0,Acting
joe stafford,668,m,35.0,argo,2012,m,True,False,False,False,1,0,0,0,Acting
john chambers,540,m,60.0,argo,2012,m,True,False,False,False,1,0,0,0,Acting
ken taylor,395,m,63.0,argo,2012,m,True,False,False,False,1,0,0,0,Acting
lester siegel,1148,m,78.0,argo,2012,m,True,False,False,False,1,0,0,0,Acting
max klein,126,m,56.0,argo,2012,m,True,False,False,False,1,0,0,0,Acting
oss officer nic,335,m,48.0,argo,2012,m,True,False,False,False,1,0,0,0,Acting
robert pender,351,m,55.0,argo,2012,m,True,False,False,False,1,0,0,0,Acting
tony mendez,2495,m,40.0,argo,2012,m,True,False,False,False,1,0,0,0,Acting
arthur bach,6428,m,46.0,arthur,1981,m,True,False,True,False,2,0,1,0,Acting
burt johnson,297,m,63.0,arthur,1981,m,True,False,True,False,2,0,1,0,Acting
hobson,1885,m,77.0,arthur,1981,m,True,False,True,False,2,0,1,0,Acting
Linda Marolla,3180,f,35.0,arthur,1981,m,True,False,True,False,2,0,1,0,Acting
ralph marolla,311,m,58.0,arthur,1981,m,True,False,True,False,2,0,1,0,Acting
susan johnson,512,f,34.0,arthur,1981,m,True,False,True,False,2,0,1,0,Acting
beverly,552,f,61.0,as good as it gets,1997,f,True,True,True,True,2,1,1,1,Acting
carl,128,m,48.0,as good as it gets,1997,f,True,True,True,True,2,1,1,1,Acting
carol connelly,7386,f,34.0,as good as it gets,1997,f,True,True,True,True,2,1,1,1,Acting
dr. bettes,478,m,53.0,as good as it gets,1997,f,True,True,True,True,2,1,1,1,Acting
frank sachs,1274,m,29.0,as good as it gets,1997,f,True,True,True,True,2,1,1,1,Acting
hospital doctor,216,m,49.0,as good as it gets,1997,f,True,True,True,True,2,1,1,1,Acting
jackie,304,f,33.0,as good as it gets,1997,f,True,True,True,True,2,1,1,1,Acting
melvin udall,8974,m,60.0,as good as it gets,1997,f,True,True,True,True,2,1,1,1,Acting
nora,216,f,55.0,as good as it gets,1997,f,True,True,True,True,2,1,1,1,Acting
simon bishop,4470,m,34.0,as good as it gets,1997,f,True,True,True,True,2,1,1,1,Acting
vincent,174,m,27.0,as good as it gets,1997,f,True,True,True,True,2,1,1,1,Acting
amelia,2590,f,50.0,babel,2006,f,False,True,False,False,0,2,0,0,Acting
chieko wataya,370,f,25.0,babel,2006,f,False,True,False,False,0,2,0,0,Acting
debbie jones,176,f,8.0,babel,2006,f,False,True,False,False,0,2,0,0,Acting
james,112,m,49.0,babel,2006,f,False,True,False,False,0,2,0,0,Acting
john - border p,176,m,30.0,babel,2006,f,False,True,False,False,0,2,0,0,Acting
ken clifford,322,m,49.0,babel,2006,f,False,True,False,False,0,2,0,0,Acting
kenji,700,m,40.0,babel,2006,f,False,True,False,False,0,2,0,0,Acting
mike jones,558,m,8.0,babel,2006,f,False,True,False,False,0,2,0,0,Acting
richard,3014,m,43.0,babel,2006,f,False,True,False,False,0,2,0,0,Acting
santiago,618,m,28.0,babel,2006,f,False,True,False,False,0,2,0,0,Acting
susan,746,f,37.0,babel,2006,f,False,True,False,False,0,2,0,0,Acting
tom,416,m,56.0,babel,2006,f,False,True,False,False,0,2,0,0,Acting
yasujiro wataya,344,m,50.0,babel,2006,f,False,True,False,False,0,2,0,0,Acting
coley trimble,740,m,38.0,bad day at black rock,1955,m,True,False,False,False,1,0,0,0,Acting
doc velie,2620,m,61.0,bad day at black rock,1955,m,True,False,False,False,1,0,0,0,Acting
hector david,1054,m,31.0,bad day at black rock,1955,m,True,False,False,False,1,0,0,0,Acting
john j. macreed,5894,m,55.0,bad day at black rock,1955,m,True,False,False,False,1,0,0,0,Acting
liz wirth,998,f,25.0,bad day at black rock,1955,m,True,False,False,False,1,0,0,0,Acting
mr. hastings,576,m,58.0,bad day at black rock,1955,m,True,False,False,False,1,0,0,0,Acting
pete wirth,1462,m,29.0,bad day at black rock,1955,m,True,False,False,False,1,0,0,0,Acting
reno smith,3532,m,46.0,bad day at black rock,1955,m,True,False,False,False,1,0,0,0,Acting
sam,150,m,49.0,bad day at black rock,1955,m,True,False,False,False,1,0,0,0,Acting
second train co,138,m,53.0,bad day at black rock,1955,m,True,False,False,False,1,0,0,0,Acting
tim horn,1116,m,52.0,bad day at black rock,1955,m,True,False,False,False,1,0,0,0,Acting
hushpuppy,1548,f,9.0,beasts of the southern wild,2012,f,False,True,False,False,0,1,0,0,Acting
captain mertin,102,m,70.0,being john malkovich,1999,m,False,True,False,False,0,1,0,0,Acting
craig schwartz,2938,m,33.0,being john malkovich,1999,m,False,True,False,False,0,1,0,0,Acting
derek mantini,248,m,42.0,being john malkovich,1999,m,False,True,False,False,0,1,0,0,Acting
don,233,m,30.0,being john malkovich,1999,m,False,True,False,False,0,1,0,0,Acting
dr. lester,1748,m,71.0,being john malkovich,1999,m,False,True,False,False,0,1,0,0,Acting
floris,231,f,52.0,being john malkovich,1999,m,False,True,False,False,0,1,0,0,Acting
john horatio ma,1075,m,46.0,being john malkovich,1999,m,False,True,False,False,0,1,0,0,Acting
lotte schwartz,1931,f,27.0,being john malkovich,1999,m,False,True,False,False,0,1,0,0,Acting
maxine lund,1610,f,40.0,being john malkovich,1999,m,False,True,False,False,0,1,0,0,Acting
abbaz,168,m,16.0,being there,1979,m,True,False,True,False,2,0,1,0,Acting
baldwin,114,m,53.0,being there,1979,m,True,False,True,False,2,0,1,0,Acting
chance,5606,m,54.0,being there,1979,m,True,False,True,False,2,0,1,0,Acting
courtney,636,m,47.0,being there,1979,m,True,False,True,False,2,0,1,0,Acting
dr. robert alle,1672,m,50.0,being there,1979,m,True,False,True,False,2,0,1,0,Acting
eve rand,3764,f,45.0,being there,1979,m,True,False,True,False,2,0,1,0,Acting
kaufman,730,m,57.0,being there,1979,m,True,False,True,False,2,0,1,0,Acting
kinney,154,f,33.0,being there,1979,m,True,False,True,False,2,0,1,0,Acting
louise,1052,f,69.0,being there,1979,m,True,False,True,False,2,0,1,0,Acting
president 'bobb,2502,m,59.0,being there,1979,m,True,False,True,False,2,0,1,0,Acting
ron stiegler,246,m,49.0,being there,1979,m,True,False,True,False,2,0,1,0,Acting
sally hayes,292,f,33.0,being there,1979,m,True,False,True,False,2,0,1,0,Acting
thomas franklin,1626,m,36.0,being there,1979,m,True,False,True,False,2,0,1,0,Acting
vladimir skrapi,1272,m,65.0,being there,1979,m,True,False,True,False,2,0,1,0,Acting
wilson,310,m,56.0,being there,1979,m,True,False,True,False,2,0,1,0,Acting
administrative ,704,f,28.0,big,1988,m,True,False,False,False,1,0,0,0,Acting
billy,1484,m,14.0,big,1988,m,True,False,False,False,1,0,0,0,Acting
josh,5662,m,32.0,big,1988,m,True,False,False,False,1,0,0,0,Acting
paul,1210,m,43.0,big,1988,m,True,False,False,False,1,0,0,0,Acting
scotty brennen,212,m,31.0,big,1988,m,True,False,False,False,1,0,0,0,Acting
susan,2586,f,28.0,big,1988,m,True,False,False,False,1,0,0,0,Acting
beth macintyre,131,f,39.0,black swan,2010,m,False,True,False,True,0,1,0,1,Acting
erica sayers,860,f,62.0,black swan,2010,m,False,True,False,True,0,1,0,1,Acting
nina sayers,1349,f,29.0,black swan,2010,m,False,True,False,True,0,1,0,1,Acting
thomas leroy,1947,m,44.0,black swan,2010,m,False,True,False,True,0,1,0,1,Acting
veronica,104,f,23.0,black swan,2010,m,False,True,False,True,0,1,0,1,Acting
'big tony' hami,222,m,34.0,the blind side,2009,f,False,True,False,True,0,1,0,1,Acting
beth,177,f,44.0,the blind side,2009,f,False,True,False,True,0,1,0,1,Acting
coach cotton,1277,m,52.0,the blind side,2009,f,False,True,False,True,0,1,0,1,Acting
collins tuohy,295,f,20.0,the blind side,2009,f,False,True,False,True,0,1,0,1,Acting
cousin bobby,621,m,55.0,the blind side,2009,f,False,True,False,True,0,1,0,1,Acting
denise oher,161,f,53.0,the blind side,2009,f,False,True,False,True,0,1,0,1,Acting
leigh anne tuoh,5617,f,45.0,the blind side,2009,f,False,True,False,True,0,1,0,1,Acting
michael oher,1937,m,25.0,the blind side,2009,f,False,True,False,True,0,1,0,1,Acting
miss sue,591,f,61.0,the blind side,2009,f,False,True,False,True,0,1,0,1,Acting
mrs. boswell,506,f,44.0,the blind side,2009,f,False,True,False,True,0,1,0,1,Acting
principal sands,219,m,57.0,the blind side,2009,f,False,True,False,True,0,1,0,1,Acting
sean tuohy,1730,m,42.0,the blind side,2009,f,False,True,False,True,0,1,0,1,Acting
bank teller,156,m,48.0,bonnie and clyde,1967,f,True,True,False,True,3,2,0,1,Acting
billy,202,m,25.0,bonnie and clyde,1967,f,True,True,False,True,3,2,0,1,Acting
blanche,1336,f,40.0,bonnie and clyde,1967,f,True,True,False,True,3,2,0,1,Acting
bonnie parker,4566,f,26.0,bonnie and clyde,1967,f,True,True,False,True,3,2,0,1,Acting
buck barrow,3246,m,37.0,bonnie and clyde,1967,f,True,True,False,True,3,2,0,1,Acting
c.w. moss,1490,m,28.0,bonnie and clyde,1967,f,True,True,False,True,3,2,0,1,Acting
clyde barrow,7258,m,30.0,bonnie and clyde,1967,f,True,True,False,True,3,2,0,1,Acting
eugene grizzard,304,m,34.0,bonnie and clyde,1967,f,True,True,False,True,3,2,0,1,Acting
frank hamer,236,m,47.0,bonnie and clyde,1967,f,True,True,False,True,3,2,0,1,Acting
policeman,104,m,46.0,bonnie and clyde,1967,f,True,True,False,True,3,2,0,1,Acting
amber waves,1294,f,37.0,boogie nights,1997,m,True,True,False,False,1,1,0,0,Acting
bank worker,148,m,52.0,boogie nights,1997,m,True,True,False,False,1,1,0,0,Acting
becky barnett,530,f,27.0,boogie nights,1997,m,True,True,False,False,1,1,0,0,Acting
buck swope,810,m,33.0,boogie nights,1997,m,True,True,False,False,1,1,0,0,Acting
dirk diggler,4368,m,26.0,boogie nights,1997,m,True,True,False,False,1,1,0,0,Acting
dirk's mother,376,f,47.0,boogie nights,1997,m,True,True,False,False,1,1,0,0,Acting
floyd gondolli,184,m,66.0,boogie nights,1997,m,True,True,False,False,1,1,0,0,Acting
jack horner,3190,m,61.0,boogie nights,1997,m,True,True,False,False,1,1,0,0,Acting
jerome,196,m,35.0,boogie nights,1997,m,True,True,False,False,1,1,0,0,Acting
jessie st. vinc,448,f,37.0,boogie nights,1997,m,True,True,False,False,1,1,0,0,Acting
judge,210,f,41.0,boogie nights,1997,m,True,True,False,False,1,1,0,0,Acting
little bill,478,m,47.0,boogie nights,1997,m,True,True,False,False,1,1,0,0,Acting
little bill's w,110,f,38.0,boogie nights,1997,m,True,True,False,False,1,1,0,0,Acting
maurice tt rodr,676,m,41.0,boogie nights,1997,m,True,True,False,False,1,1,0,0,Acting
reed rothchild,810,m,32.0,boogie nights,1997,m,True,True,False,False,1,1,0,0,Acting
rollergirl,656,f,27.0,boogie nights,1997,m,True,True,False,False,1,1,0,0,Acting
scotty j.,596,m,30.0,boogie nights,1997,m,True,True,False,False,1,1,0,0,Acting
sheryl lynn,350,f,26.0,boogie nights,1997,m,True,True,False,False,1,1,0,0,Acting
surfer,270,m,28.0,boogie nights,1997,m,True,True,False,False,1,1,0,0,Acting
the colonel jam,1010,m,66.0,boogie nights,1997,m,True,True,False,False,1,1,0,0,Acting
todd parker,678,m,28.0,boogie nights,1997,m,True,True,False,False,1,1,0,0,Acting
young stud,184,m,27.0,boogie nights,1997,m,True,True,False,False,1,1,0,0,Acting
cyril,1534,m,22.0,breaking away,1979,m,False,True,False,False,0,1,0,0,Acting
dave,2284,m,24.0,breaking away,1979,m,False,True,False,False,0,1,0,0,Acting
katherine,401,f,26.0,breaking away,1979,m,False,True,False,False,0,1,0,0,Acting
mike,1033,m,25.0,breaking away,1979,m,False,True,False,False,0,1,0,0,Acting
moocher,772,m,18.0,breaking away,1979,m,False,True,False,False,0,1,0,0,Acting
nancy,396,f,29.0,breaking away,1979,m,False,True,False,False,0,1,0,0,Acting
rod,437,m,23.0,breaking away,1979,m,False,True,False,False,0,1,0,0,Acting
air marshall jo,113,m,38.0,bridesmaids,2011,f,False,True,False,False,0,1,0,0,Acting
annie,4015,f,38.0,bridesmaids,2011,f,False,True,False,False,0,1,0,0,Acting
becca,299,f,31.0,bridesmaids,2011,f,False,True,False,False,0,1,0,0,Acting
brynn,208,f,31.0,bridesmaids,2011,f,False,True,False,False,0,1,0,0,Acting
don cholodecki,125,m,53.0,bridesmaids,2011,f,False,True,False,False,0,1,0,0,Acting
gil,169,m,37.0,bridesmaids,2011,f,False,True,False,False,0,1,0,0,Acting
helen,1310,f,32.0,bridesmaids,2011,f,False,True,False,False,0,1,0,0,Acting
lillian,1631,f,39.0,bridesmaids,2011,f,False,True,False,False,0,1,0,0,Acting
megan,1038,f,41.0,bridesmaids,2011,f,False,True,False,False,0,1,0,0,Acting
rhodes,1313,m,32.0,bridesmaids,2011,f,False,True,False,False,0,1,0,0,Acting
rita,395,f,42.0,bridesmaids,2011,f,False,True,False,False,0,1,0,0,Acting
ted,294,m,40.0,bridesmaids,2011,f,False,True,False,False,0,1,0,0,Acting
aaron altman,7316,m,40.0,broadcast news,1987,f,True,True,False,False,2,1,0,0,Acting
bill rorish,296,m,50.0,broadcast news,1987,f,True,True,False,False,2,1,0,0,Acting
blair litton,836,f,25.0,broadcast news,1987,f,True,True,False,False,2,1,0,0,Acting
date-rape woman,106,f,25.0,broadcast news,1987,f,True,True,False,False,2,1,0,0,Acting
ernie merriman,1534,m,57.0,broadcast news,1987,f,True,True,False,False,2,1,0,0,Acting
gerald grunick,204,m,45.0,broadcast news,1987,f,True,True,False,False,2,1,0,0,Acting
jane craig,7842,f,29.0,broadcast news,1987,f,True,True,False,False,2,1,0,0,Acting
jennifer mack,772,f,40.0,broadcast news,1987,f,True,True,False,False,2,1,0,0,Acting
paul moore,822,m,63.0,broadcast news,1987,f,True,True,False,False,2,1,0,0,Acting
tom grunick,7858,m,37.0,broadcast news,1987,f,True,True,False,False,2,1,0,0,Acting
alvin dewey,907,m,54.0,capote,2005,m,True,True,True,False,1,1,1,0,Acting
dick hickock,545,m,40.0,capote,2005,m,True,True,True,False,1,1,1,0,Acting
dorothy sanders,318,f,79.0,capote,2005,m,True,True,True,False,1,1,1,0,Acting
jack dunphy,1285,m,49.0,capote,2005,m,True,True,True,False,1,1,1,0,Acting
marie dewey,404,f,37.0,capote,2005,m,True,True,True,False,1,1,1,0,Acting
nelle harper le,2117,f,46.0,capote,2005,m,True,True,True,False,1,1,1,0,Acting
perry smith,3824,m,35.0,capote,2005,m,True,True,True,False,1,1,1,0,Acting
truman capote,10334,m,38.0,capote,2005,m,True,True,True,False,1,1,1,0,Acting
warden marshall,405,m,63.0,capote,2005,m,True,True,True,False,1,1,1,0,Acting
william shawn,990,m,60.0,capote,2005,m,True,True,True,False,1,1,1,0,Acting
artie piscano,1328,m,47.0,casino,1995,m,False,True,False,False,0,1,0,0,Acting
billy sherbert,796,m,69.0,casino,1995,m,False,True,False,False,0,1,0,0,Acting
charlie clark,376,m,47.0,casino,1995,m,False,True,False,False,0,1,0,0,Acting
dominick santor,132,m,47.0,casino,1995,m,False,True,False,False,0,1,0,0,Acting
don ward,306,m,42.0,casino,1995,m,False,True,False,False,0,1,0,0,Acting
frank marino,1362,m,56.0,casino,1995,m,False,True,False,False,0,1,0,0,Acting
frankie avalon ,106,m,56.0,casino,1995,m,False,True,False,False,0,1,0,0,Acting
ginger mckenna,7660,f,37.0,casino,1995,m,False,True,False,False,0,1,0,0,Acting
jennifer santor,406,f,39.0,casino,1995,m,False,True,False,False,0,1,0,0,Acting
la banker,114,m,61.0,casino,1995,m,False,True,False,False,0,1,0,0,Acting
lester diamond,1622,m,48.0,casino,1995,m,False,True,False,False,0,1,0,0,Acting
nicky santoro,19576,m,52.0,casino,1995,m,False,True,False,False,0,1,0,0,Acting
pat webb,760,m,68.0,casino,1995,m,False,True,False,False,0,1,0,0,Acting
phillip green,588,m,38.0,casino,1995,m,False,True,False,False,0,1,0,0,Acting
piscano's mothe,294,f,83.0,casino,1995,m,False,True,False,False,0,1,0,0,Acting
remo gaggi,1220,m,74.0,casino,1995,m,False,True,False,False,0,1,0,0,Acting
sam 'ace' roths,26798,m,52.0,casino,1995,m,False,True,False,False,0,1,0,0,Acting
security guard,116,m,55.0,casino,1995,m,False,True,False,False,0,1,0,0,Acting
senator,348,m,56.0,casino,1995,m,False,True,False,False,0,1,0,0,Acting
vincent borelli,470,m,62.0,casino,1995,m,False,True,False,False,0,1,0,0,Acting
Assistant Direc,101,m,50.0,catch me if you can,2002,m,True,False,False,False,1,0,0,0,Acting
brenda strong,725,f,28.0,catch me if you can,2002,m,True,False,False,False,1,0,0,0,Acting
Carl Hanratty,2098,m,46.0,catch me if you can,2002,m,True,False,False,False,1,0,0,0,Acting
Frank Abagnale,1236,m,59.0,catch me if you can,2002,m,True,False,False,False,1,0,0,0,Acting
frank abagnale ,4840,m,28.0,catch me if you can,2002,m,True,False,False,False,1,0,0,0,Acting
lucy,156,f,28.0,catch me if you can,2002,m,True,False,False,False,1,0,0,0,Acting
paula abagnale,670,f,54.0,catch me if you can,2002,m,True,False,False,False,1,0,0,0,Acting
tom fox,166,m,35.0,catch me if you can,2002,m,True,False,False,False,1,0,0,0,Acting
curly,239,m,34.0,chinatown,1974,m,True,True,False,False,1,1,0,0,Acting
escobar,910,m,45.0,chinatown,1974,m,True,True,False,False,1,1,0,0,Acting
evelyn mulwray,1879,f,33.0,chinatown,1974,m,True,True,False,False,1,1,0,0,Acting
ida sessions,113,f,39.0,chinatown,1974,m,True,True,False,False,1,1,0,0,Acting
j.j. gittes,6510,m,37.0,chinatown,1974,m,True,True,False,False,1,1,0,0,Acting
mayor bagby,184,m,68.0,chinatown,1974,m,True,True,False,False,1,1,0,0,Acting
noah cross,1096,m,68.0,chinatown,1974,m,True,True,False,False,1,1,0,0,Acting
walsh,270,m,59.0,chinatown,1974,m,True,True,False,False,1,1,0,0,Acting
yelburton,357,m,42.0,chinatown,1974,m,True,True,False,False,1,1,0,0,Acting
ada monroe,4572,f,36.0,cold mountain,2003,f,True,True,False,True,1,1,0,1,Acting
blind man,266,m,75.0,cold mountain,2003,f,True,True,False,True,1,1,0,1,Acting
bosie,146,m,23.0,cold mountain,2003,f,True,True,False,True,1,1,0,1,Acting
doctor,166,m,55.0,cold mountain,2003,f,True,True,False,True,1,1,0,1,Acting
esco swanger,630,m,63.0,cold mountain,2003,f,True,True,False,True,1,1,0,1,Acting
ferry girl,374,f,19.0,cold mountain,2003,f,True,True,False,True,1,1,0,1,Acting
inman,3878,m,31.0,cold mountain,2003,f,True,True,False,True,1,1,0,1,Acting
junior,548,m,29.0,cold mountain,2003,f,True,True,False,True,1,1,0,1,Acting
lila,116,f,43.0,cold mountain,2003,f,True,True,False,True,1,1,0,1,Acting
maddy,798,f,69.0,cold mountain,2003,f,True,True,False,True,1,1,0,1,Acting
mrs. castlereag,206,f,45.0,cold mountain,2003,f,True,True,False,True,1,1,0,1,Acting
mrs. morgan,236,f,27.0,cold mountain,2003,f,True,True,False,True,1,1,0,1,Acting
oakley,224,m,21.0,cold mountain,2003,f,True,True,False,True,1,1,0,1,Acting
pangle,444,m,27.0,cold mountain,2003,f,True,True,False,True,1,1,0,1,Acting
reverend veasey,1608,m,36.0,cold mountain,2003,f,True,True,False,True,1,1,0,1,Acting
rourke,118,m,26.0,cold mountain,2003,f,True,True,False,True,1,1,0,1,Acting
ruby thewes,4454,f,34.0,cold mountain,2003,f,True,True,False,True,1,1,0,1,Acting
sally swanger,712,f,53.0,cold mountain,2003,f,True,True,False,True,1,1,0,1,Acting
sara,806,f,22.0,cold mountain,2003,f,True,True,False,True,1,1,0,1,Acting
stobrod thewes,1444,m,48.0,cold mountain,2003,f,True,True,False,True,1,1,0,1,Acting
teague,1684,m,46.0,cold mountain,2003,f,True,True,False,True,1,1,0,1,Acting
annie,1140,f,33.0,collateral,2004,m,True,False,False,False,1,0,0,0,Acting
daniel,960,m,50.0,collateral,2004,m,True,False,False,False,1,0,0,0,Acting
fanning,1004,m,37.0,collateral,2004,m,True,False,False,False,1,0,0,0,Acting
felix,314,m,35.0,collateral,2004,m,True,False,False,False,1,0,0,0,Acting
ida,374,f,69.0,collateral,2004,m,True,False,False,False,1,0,0,0,Acting
nightclub staff,104,m,39.0,collateral,2004,m,True,False,False,False,1,0,0,0,Acting
pedrosa,448,m,54.0,collateral,2004,m,True,False,False,False,1,0,0,0,Acting
richard weidner,326,m,40.0,collateral,2004,m,True,False,False,False,1,0,0,0,Acting
traffic cop #1,336,m,32.0,collateral,2004,m,True,False,False,False,1,0,0,0,Acting
vincent,5318,m,42.0,collateral,2004,m,True,False,False,False,1,0,0,0,Acting
young professio,108,m,35.0,collateral,2004,m,True,False,False,False,1,0,0,0,Acting
young professio,102,f,40.0,collateral,2004,m,True,False,False,False,1,0,0,0,Acting
bernie lootz,4576,m,53.0,the cooler,2003,f,True,False,False,False,1,0,0,0,Acting
buddy stafford,544,m,64.0,the cooler,2003,f,True,False,False,False,1,0,0,0,Acting
charlene,388,f,25.0,the cooler,2003,f,True,False,False,False,1,0,0,0,Acting
larry sokolov,1186,m,36.0,the cooler,2003,f,True,False,False,False,1,0,0,0,Acting
mikey,796,m,28.0,the cooler,2003,f,True,False,False,False,1,0,0,0,Acting
natalie belisar,3274,f,36.0,the cooler,2003,f,True,False,False,False,1,0,0,0,Acting
nicky fingers b,1040,m,59.0,the cooler,2003,f,True,False,False,False,1,0,0,0,Acting
shelly kaplow,4760,m,45.0,the cooler,2003,f,True,False,False,False,1,0,0,0,Acting
col,470,m,43.0,the crying game,1992,m,True,False,False,False,2,0,0,0,Acting
dave,250,m,35.0,the crying game,1992,m,True,False,False,False,2,0,0,0,Acting
deveroux,256,m,33.0,the crying game,1992,m,True,False,False,False,2,0,0,0,Acting
dil,4090,m,24.0,the crying game,1992,m,True,False,False,False,2,0,0,0,Acting
fergus,4378,m,46.0,the crying game,1992,m,True,False,False,False,2,0,0,0,Acting
jody,3220,m,31.0,the crying game,1992,m,True,False,False,False,2,0,0,0,Acting
jude,1520,f,34.0,the crying game,1992,m,True,False,False,False,2,0,0,0,Acting
maguire,962,m,34.0,the crying game,1992,m,True,False,False,False,2,0,0,0,Acting
black shawl,238,f,40.0,dances with wolves,1990,m,True,True,False,False,2,1,0,0,Acting
christine,110,f,6.0,dances with wolves,1990,m,True,True,False,False,2,1,0,0,Acting
kicking bird,1880,m,38.0,dances with wolves,1990,m,True,True,False,False,2,1,0,0,Acting
lieutenant dunb,3522,m,35.0,dances with wolves,1990,m,True,True,False,False,2,1,0,0,Acting
lieutenant elgi,352,m,41.0,dances with wolves,1990,m,True,True,False,False,2,1,0,0,Acting
major fambrough,532,m,41.0,dances with wolves,1990,m,True,True,False,False,2,1,0,0,Acting
otter,140,m,13.0,dances with wolves,1990,m,True,True,False,False,2,1,0,0,Acting
sergeant pepper,518,m,42.0,dances with wolves,1990,m,True,True,False,False,2,1,0,0,Acting
smiles a lot,344,m,14.0,dances with wolves,1990,m,True,True,False,False,2,1,0,0,Acting
stands with a f,1150,f,38.0,dances with wolves,1990,m,True,True,False,False,2,1,0,0,Acting
stone calf,280,m,50.0,dances with wolves,1990,m,True,True,False,False,2,1,0,0,Acting
ten bears,1720,m,54.0,dances with wolves,1990,m,True,True,False,False,2,1,0,0,Acting
timmons,370,m,36.0,dances with wolves,1990,m,True,True,False,False,2,1,0,0,Acting
Wind In His Hai,1616,m,31.0,dances with wolves,1990,m,True,True,False,False,2,1,0,0,Acting
alfred,1888,m,75.0,the dark knight,2008,m,True,False,True,False,1,0,1,0,Acting
bank manager,210,m,52.0,the dark knight,2008,m,True,False,True,False,1,0,1,0,Acting
barbara gordon,198,f,45.0,the dark knight,2008,m,True,False,True,False,1,0,1,0,Acting
bruce wayne,2470,m,34.0,the dark knight,2008,m,True,False,True,False,1,0,1,0,Acting
chechen,788,m,41.0,the dark knight,2008,m,True,False,True,False,1,0,1,0,Acting
gambol,304,m,41.0,the dark knight,2008,m,True,False,True,False,1,0,1,0,Acting
gordon,4406,m,50.0,the dark knight,2008,m,True,False,True,False,1,0,1,0,Acting
harvey dent,5372,m,40.0,the dark knight,2008,m,True,False,True,False,1,0,1,0,Acting
"james gordon, j",172,m,10.0,the dark knight,2008,m,True,False,True,False,1,0,1,0,Acting
joker,5980,m,29.0,the dark knight,2008,m,True,False,True,False,1,0,1,0,Acting
lau,914,m,39.0,the dark knight,2008,m,True,False,True,False,1,0,1,0,Acting
loeb,164,m,47.0,the dark knight,2008,m,True,False,True,False,1,0,1,0,Acting
lsi vp,120,m,28.0,the dark knight,2008,m,True,False,True,False,1,0,1,0,Acting
lucius fox,1964,m,71.0,the dark knight,2008,m,True,False,True,False,1,0,1,0,Acting
maroni,578,m,52.0,the dark knight,2008,m,True,False,True,False,1,0,1,0,Acting
maroni's mistre,116,f,27.0,the dark knight,2008,m,True,False,True,False,1,0,1,0,Acting
mayor,318,m,41.0,the dark knight,2008,m,True,False,True,False,1,0,1,0,Acting
mike engel,806,m,40.0,the dark knight,2008,m,True,False,True,False,1,0,1,0,Acting
natascha,150,f,31.0,the dark knight,2008,m,True,False,True,False,1,0,1,0,Acting
rachel,2108,f,31.0,the dark knight,2008,m,True,False,True,False,1,0,1,0,Acting
ramirez,674,f,38.0,the dark knight,2008,m,True,False,True,False,1,0,1,0,Acting
reese,492,m,29.0,the dark knight,2008,m,True,False,True,False,1,0,1,0,Acting
scarecrow,196,m,32.0,the dark knight,2008,m,True,False,True,False,1,0,1,0,Acting
stephens,410,m,56.0,the dark knight,2008,m,True,False,True,False,1,0,1,0,Acting
swat sniper,186,m,31.0,the dark knight,2008,m,True,False,True,False,1,0,1,0,Acting
tattooed prison,144,m,50.0,the dark knight,2008,m,True,False,True,False,1,0,1,0,Acting
charlie dalton,2784,m,29.0,dead poets society,1989,m,True,False,False,False,1,0,0,0,Acting
chemistry teach,138,m,43.0,dead poets society,1989,m,True,False,False,False,1,0,0,0,Acting
chris noel,800,f,22.0,dead poets society,1989,m,True,False,False,False,1,0,0,0,Acting
dr. hager,188,m,60.0,dead poets society,1989,m,True,False,False,False,1,0,0,0,Acting
gerard pitts,702,m,20.0,dead poets society,1989,m,True,False,False,False,1,0,0,0,Acting
gloria,116,f,29.0,dead poets society,1989,m,True,False,False,False,1,0,0,0,Acting
john keating,6572,m,38.0,dead poets society,1989,m,True,False,False,False,1,0,0,0,Acting
knox overstreet,1850,m,18.0,dead poets society,1989,m,True,False,False,False,1,0,0,0,Acting
mcallister,308,m,46.0,dead poets society,1989,m,True,False,False,False,1,0,0,0,Acting
mr. nolan,1782,m,75.0,dead poets society,1989,m,True,False,False,False,1,0,0,0,Acting
mr. perry,886,m,46.0,dead poets society,1989,m,True,False,False,False,1,0,0,0,Acting
neil perry,4440,m,20.0,dead poets society,1989,m,True,False,False,False,1,0,0,0,Acting
steven meeks,854,m,18.0,dead poets society,1989,m,True,False,False,False,1,0,0,0,Acting
todd anderson,1604,m,19.0,dead poets society,1989,m,True,False,False,False,1,0,0,0,Acting
billy,5824,m,32.0,the departed,2006,f,True,False,False,False,1,0,0,0,Acting
colin sullivan,6284,m,36.0,the departed,2006,f,True,False,False,False,1,0,0,0,Acting
delahunt,594,m,50.0,the departed,2006,f,True,False,False,False,1,0,0,0,Acting
dignam,1218,m,35.0,the departed,2006,f,True,False,False,False,1,0,0,0,Acting
ellerby,1788,m,48.0,the departed,2006,f,True,False,False,False,1,0,0,0,Acting
fitzy,474,m,41.0,the departed,2006,f,True,False,False,False,1,0,0,0,Acting
frank costello,4584,m,69.0,the departed,2006,f,True,False,False,False,1,0,0,0,Acting
madolyn,2030,f,33.0,the departed,2006,f,True,False,False,False,1,0,0,0,Acting
older priest,168,m,74.0,the departed,2006,f,True,False,False,False,1,0,0,0,Acting
queenan,1804,m,66.0,the departed,2006,f,True,False,False,False,1,0,0,0,Acting
sean,492,m,42.0,the departed,2006,f,True,False,False,False,1,0,0,0,Acting
trooper barriga,246,m,28.0,the departed,2006,f,True,False,False,False,1,0,0,0,Acting
trooper brown,394,m,36.0,the departed,2006,f,True,False,False,False,1,0,0,0,Acting
alexandra king,2050,f,20.0,the descendants,2011,m,True,False,False,False,1,0,0,0,Acting
brian speer,347,m,41.0,the descendants,2011,m,True,False,False,False,1,0,0,0,Acting
cousin hugh,229,m,70.0,the descendants,2011,m,True,False,False,False,1,0,0,0,Acting
cousin ralph,143,m,38.0,the descendants,2011,m,True,False,False,False,1,0,0,0,Acting
dr. johnston,427,m,75.0,the descendants,2011,m,True,False,False,False,1,0,0,0,Acting
julie speer,649,f,36.0,the descendants,2011,m,True,False,False,False,1,0,0,0,Acting
kai mitchell,348,f,43.0,the descendants,2011,m,True,False,False,False,1,0,0,0,Acting
mark mitchell,194,m,42.0,the descendants,2011,m,True,False,False,False,1,0,0,0,Acting
matt king,7668,m,50.0,the descendants,2011,m,True,False,False,False,1,0,0,0,Acting
sid,1026,m,19.0,the descendants,2011,m,True,False,False,False,1,0,0,0,Acting
troy cook,257,m,47.0,the descendants,2011,m,True,False,False,False,1,0,0,0,Acting
ben du toit,3898,m,54.0,a dry white season,1989,m,True,False,False,False,1,0,0,0,Acting
bruwer,332,m,65.0,a dry white season,1989,m,True,False,False,False,1,0,0,0,Acting
captain stolz,950,m,48.0,a dry white season,1989,m,True,False,False,False,1,0,0,0,Acting
cloete,308,m,53.0,a dry white season,1989,m,True,False,False,False,1,0,0,0,Acting
colonel viljoen,422,m,46.0,a dry white season,1989,m,True,False,False,False,1,0,0,0,Acting
gordon ngubene,800,m,48.0,a dry white season,1989,m,True,False,False,False,1,0,0,0,Acting
julius,118,m,47.0,a dry white season,1989,m,True,False,False,False,1,0,0,0,Acting
louw,162,m,49.0,a dry white season,1989,m,True,False,False,False,1,0,0,0,Acting
magistrate,362,m,49.0,a dry white season,1989,m,True,False,False,False,1,0,0,0,Acting
melanie bruwer,904,f,43.0,a dry white season,1989,m,True,False,False,False,1,0,0,0,Acting
stanley makhaya,1504,m,55.0,a dry white season,1989,m,True,False,False,False,1,0,0,0,Acting
susan du toit,424,f,50.0,a dry white season,1989,m,True,False,False,False,1,0,0,0,Acting
suzette du toit,192,f,24.0,a dry white season,1989,m,True,False,False,False,1,0,0,0,Acting
anna,1127,f,39.0,eastern promises,2007,m,True,False,False,False,1,0,0,0,Acting
doctor aziz,109,m,32.0,eastern promises,2007,m,True,False,False,False,1,0,0,0,Acting
helen,317,f,59.0,eastern promises,2007,m,True,False,False,False,1,0,0,0,Acting
kirill,1026,m,41.0,eastern promises,2007,m,True,False,False,False,1,0,0,0,Acting
nikolai,1528,m,49.0,eastern promises,2007,m,True,False,False,False,1,0,0,0,Acting
semyon,1100,m,77.0,eastern promises,2007,m,True,False,False,False,1,0,0,0,Acting
tatiana,368,f,22.0,eastern promises,2007,m,True,False,False,False,1,0,0,0,Acting
yuri,270,m,64.0,eastern promises,2007,m,True,False,False,False,1,0,0,0,Acting
count laszlo de,4518,m,34.0,the english patient,1996,f,True,True,False,True,1,2,0,1,Acting
d'agostino,174,m,60.0,the english patient,1996,f,True,True,False,True,1,2,0,1,Acting
david caravaggi,2146,m,41.0,the english patient,1996,f,True,True,False,True,1,2,0,1,Acting
fenelon-barnes,820,m,51.0,the english patient,1996,f,True,True,False,True,1,2,0,1,Acting
hana,3412,f,32.0,the english patient,1996,f,True,True,False,True,1,2,0,1,Acting
jan,144,f,25.0,the english patient,1996,f,True,True,False,True,1,2,0,1,Acting
katharine clift,1028,f,36.0,the english patient,1996,f,True,True,False,True,1,2,0,1,Acting
kip,1576,m,27.0,the english patient,1996,f,True,True,False,True,1,2,0,1,Acting
madox,1472,m,38.0,the english patient,1996,f,True,True,False,True,1,2,0,1,Acting
oliver,232,m,43.0,the english patient,1996,f,True,True,False,True,1,2,0,1,Acting
sgt. hardy,262,m,45.0,the english patient,1996,f,True,True,False,True,1,2,0,1,Acting
carrie,418,f,39.0,eternal sunshine of the spotless mind,2004,m,False,True,False,False,0,1,0,0,Acting
clementine kruc,8354,f,29.0,eternal sunshine of the spotless mind,2004,m,False,True,False,False,0,1,0,0,Acting
dr. mierzwiak,1708,m,56.0,eternal sunshine of the spotless mind,2004,m,False,True,False,False,0,1,0,0,Acting
joel barish,6482,m,42.0,eternal sunshine of the spotless mind,2004,m,False,True,False,False,0,1,0,0,Acting
mary,2316,f,22.0,eternal sunshine of the spotless mind,2004,m,False,True,False,False,0,1,0,0,Acting
patrick,1070,m,23.0,eternal sunshine of the spotless mind,2004,m,False,True,False,False,0,1,0,0,Acting
stan,1428,m,37.0,eternal sunshine of the spotless mind,2004,m,False,True,False,False,0,1,0,0,Acting
charlie,162,m,49.0,the fabulous baker boys,1989,m,False,True,False,False,0,1,0,0,Acting
earl,143,m,46.0,the fabulous baker boys,1989,m,False,True,False,False,0,1,0,0,Acting
frank baker,6705,m,48.0,the fabulous baker boys,1989,m,False,True,False,False,0,1,0,0,Acting
jack baker,3383,m,40.0,the fabulous baker boys,1989,m,False,True,False,False,0,1,0,0,Acting
lloyd,180,m,34.0,the fabulous baker boys,1989,m,False,True,False,False,0,1,0,0,Acting
monica moran,191,f,31.0,the fabulous baker boys,1989,m,False,True,False,False,0,1,0,0,Acting
nina,342,f,12.0,the fabulous baker boys,1989,m,False,True,False,False,0,1,0,0,Acting
susie diamond,2274,f,31.0,the fabulous baker boys,1989,m,False,True,False,False,0,1,0,0,Acting
vince nancy,138,m,41.0,the fabulous baker boys,1989,m,False,True,False,False,0,1,0,0,Acting
carl showalter,2616,m,39.0,fargo,1996,f,True,True,False,True,1,1,0,1,Acting
gaear grimsrud,194,m,43.0,fargo,1996,f,True,True,False,True,1,1,0,1,Acting
jean lundegaard,164,f,41.0,fargo,1996,f,True,True,False,True,1,1,0,1,Acting
jerry lundegaar,4070,m,46.0,fargo,1996,f,True,True,False,True,1,1,0,1,Acting
marge gunderson,4200,f,39.0,fargo,1996,f,True,True,False,True,1,1,0,1,Acting
norm gunderson,350,m,33.0,fargo,1996,f,True,True,False,True,1,1,0,1,Acting
shep proudfoot,144,m,34.0,fargo,1996,f,True,True,False,True,1,1,0,1,Acting
stan grossman,444,m,48.0,fargo,1996,f,True,True,False,True,1,1,0,1,Acting
wade gustafson,1304,m,63.0,fargo,1996,f,True,True,False,True,1,1,0,1,Acting
alice ward,2099,f,50.0,the fighter,2010,f,True,True,True,True,1,2,1,1,Acting
charlene flemin,1645,f,36.0,the fighter,2010,f,True,True,True,True,1,2,1,1,Acting
dicky eklund,5566,m,36.0,the fighter,2010,f,True,True,True,True,1,2,1,1,Acting
george ward,259,m,61.0,the fighter,2010,f,True,True,True,True,1,2,1,1,Acting
lou gold,148,m,52.0,the fighter,2010,f,True,True,True,True,1,2,1,1,Acting
micky ward,3417,m,39.0,the fighter,2010,f,True,True,True,True,1,2,1,1,Acting
mike toma,156,m,63.0,the fighter,2010,f,True,True,True,True,1,2,1,1,Acting
charlie anderso,1343,m,56.0,flight,2012,m,True,False,False,False,1,0,0,0,Acting
ellen block,1150,f,52.0,flight,2012,m,True,False,False,False,1,0,0,0,Acting
fran,268,m,45.0,flight,2012,m,True,False,False,False,1,0,0,0,Acting
gaunt young man,482,m,34.0,flight,2012,m,True,False,False,False,1,0,0,0,Acting
harling mays,892,m,60.0,flight,2012,m,True,False,False,False,1,0,0,0,Acting
hugh lang,1150,m,48.0,flight,2012,m,True,False,False,False,1,0,0,0,Acting
ken evans,789,m,37.0,flight,2012,m,True,False,False,False,1,0,0,0,Acting
kip,235,m,43.0,flight,2012,m,True,False,False,False,1,0,0,0,Acting
margaret thomas,444,f,53.0,flight,2012,m,True,False,False,False,1,0,0,0,Acting
nicole,1235,f,35.0,flight,2012,m,True,False,False,False,1,0,0,0,Acting
ntsb officer at,116,m,52.0,flight,2012,m,True,False,False,False,1,0,0,0,Acting
piers morgan,135,m,47.0,flight,2012,m,True,False,False,False,1,0,0,0,Acting
whip whitaker,4993,m,58.0,flight,2012,m,True,False,False,False,1,0,0,0,Acting
will,116,m,18.0,flight,2012,m,True,False,False,False,1,0,0,0,Acting
David Schultz,1991,m,47.0,foxcatcher,2014,m,True,False,False,False,2,0,0,0,Acting
john du pont,2328,m,52.0,foxcatcher,2014,m,True,False,False,False,2,0,0,0,Acting
mark schultz,2653,m,34.0,foxcatcher,2014,m,True,False,False,False,2,0,0,0,Acting
alma styles,374,f,64.0,frances,1982,f,False,True,False,False,0,2,0,0,Acting
bob barnes,422,m,47.0,frances,1982,f,False,True,False,False,0,2,0,0,Acting
clifford odets,438,m,35.0,frances,1982,f,False,True,False,False,0,2,0,0,Acting
dick steele,642,m,38.0,frances,1982,f,False,True,False,False,0,2,0,0,Acting
dr. symington,1018,m,46.0,frances,1982,f,False,True,False,False,0,2,0,0,Acting
drama teacher,266,f,46.0,frances,1982,f,False,True,False,False,0,2,0,0,Acting
ernest farmer,1326,m,64.0,frances,1982,f,False,True,False,False,0,2,0,0,Acting
frances farmer,12254,f,33.0,frances,1982,f,False,True,False,False,0,2,0,0,Acting
harold clurman,102,m,45.0,frances,1982,f,False,True,False,False,0,2,0,0,Acting
harry york,3394,m,39.0,frances,1982,f,False,True,False,False,0,2,0,0,Acting
hitchhiker,102,m,35.0,frances,1982,f,False,True,False,False,0,2,0,0,Acting
judge hillier,706,m,59.0,frances,1982,f,False,True,False,False,0,2,0,0,Acting
lillian farmer,3084,f,57.0,frances,1982,f,False,True,False,False,0,2,0,0,Acting
mr. bebe,678,m,56.0,frances,1982,f,False,True,False,False,0,2,0,0,Acting
ralph edwards,442,m,41.0,frances,1982,f,False,True,False,False,0,2,0,0,Acting
"reports, public",278,m,53.0,frances,1982,f,False,True,False,False,0,2,0,0,Acting
seattle reporte,324,m,27.0,frances,1982,f,False,True,False,False,0,2,0,0,Acting
sentencing judg,404,m,59.0,frances,1982,f,False,True,False,False,0,2,0,0,Acting
alain charnier,1204,m,54.0,the french connection,1971,m,True,False,True,False,2,0,1,0,Acting
auctioneer,240,m,57.0,the french connection,1971,m,True,False,True,False,2,0,1,0,Acting
buddy russo,2292,m,39.0,the french connection,1971,m,True,False,True,False,2,0,1,0,Acting
devereaux,542,m,40.0,the french connection,1971,m,True,False,True,False,2,0,1,0,Acting
jimmy doyle,3306,m,41.0,the french connection,1971,m,True,False,True,False,2,0,1,0,Acting
la valle,772,m,28.0,the french connection,1971,m,True,False,True,False,2,0,1,0,Acting
mulderig,604,m,50.0,the french connection,1971,m,True,False,True,False,2,0,1,0,Acting
pierre nicoli,172,m,43.0,the french connection,1971,m,True,False,True,False,2,0,1,0,Acting
sal boca,666,m,35.0,the french connection,1971,m,True,False,True,False,2,0,1,0,Acting
simonson,686,m,41.0,the french connection,1971,m,True,False,True,False,2,0,1,0,Acting
weinstock,364,m,65.0,the french connection,1971,m,True,False,True,False,2,0,1,0,Acting
jacques bruno,246,m,53.0,frozen river,2008,f,False,True,False,False,0,1,0,0,Acting
lila littlewolf,3164,f,26.0,frozen river,2008,f,False,True,False,False,0,1,0,0,Acting
ray eddy,6352,f,48.0,frozen river,2008,f,False,True,False,False,0,1,0,0,Acting
t.j.,2024,m,18.0,frozen river,2008,f,False,True,False,False,0,1,0,0,Acting
biggs,478,m,30.0,the fugitive,1993,m,True,False,True,False,1,0,1,0,Acting
bones roosevelt,106,m,56.0,the fugitive,1993,m,True,False,True,False,1,0,1,0,Acting
clearing office,126,m,52.0,the fugitive,1993,m,True,False,True,False,1,0,1,0,Acting
cosmo renfro,880,m,42.0,the fugitive,1993,m,True,False,True,False,1,0,1,0,Acting
doctor kathy wa,352,f,33.0,the fugitive,1993,m,True,False,True,False,1,0,1,0,Acting
dr. anne eastma,408,f,33.0,the fugitive,1993,m,True,False,True,False,1,0,1,0,Acting
dr. charles nic,1050,m,49.0,the fugitive,1993,m,True,False,True,False,1,0,1,0,Acting
dr. richard kim,3182,m,51.0,the fugitive,1993,m,True,False,True,False,1,0,1,0,Acting
helen kimble,260,f,37.0,the fugitive,1993,m,True,False,True,False,1,0,1,0,Acting
host,160,m,58.0,the fugitive,1993,m,True,False,True,False,1,0,1,0,Acting
judge bennett,200,m,52.0,the fugitive,1993,m,True,False,True,False,1,0,1,0,Acting
newman,510,m,30.0,the fugitive,1993,m,True,False,True,False,1,0,1,0,Acting
old guard,154,m,45.0,the fugitive,1993,m,True,False,True,False,1,0,1,0,Acting
poole,330,f,43.0,the fugitive,1993,m,True,False,True,False,1,0,1,0,Acting
prosecutor,312,m,33.0,the fugitive,1993,m,True,False,True,False,1,0,1,0,Acting
resident,110,m,33.0,the fugitive,1993,m,True,False,True,False,1,0,1,0,Acting
samuel gerard,3476,m,47.0,the fugitive,1993,m,True,False,True,False,1,0,1,0,Acting
sheriff rawlins,284,m,34.0,the fugitive,1993,m,True,False,True,False,1,0,1,0,Acting
sykes,448,m,47.0,the fugitive,1993,m,True,False,True,False,1,0,1,0,Acting
walter gutherie,458,m,68.0,the fugitive,1993,m,True,False,True,False,1,0,1,0,Acting
charlie andrews,541,m,33.0,gandhi,1982,m,True,False,True,False,1,0,1,0,Acting
general smuts,497,m,50.0,gandhi,1982,m,True,False,True,False,1,0,1,0,Acting
herman kallenba,635,m,39.0,gandhi,1982,m,True,False,True,False,1,0,1,0,Acting
judge broomfiel,106,m,69.0,gandhi,1982,m,True,False,True,False,1,0,1,0,Acting
khan,376,m,50.0,gandhi,1982,m,True,False,True,False,1,0,1,0,Acting
lord irwin,254,m,78.0,gandhi,1982,m,True,False,True,False,1,0,1,0,Acting
magistrate,111,m,57.0,gandhi,1982,m,True,False,True,False,1,0,1,0,Acting
mahatma gandhi,6883,m,39.0,gandhi,1982,m,True,False,True,False,1,0,1,0,Acting
margaret bourke,307,f,36.0,gandhi,1982,m,True,False,True,False,1,0,1,0,Acting
mirabehn,316,f,32.0,gandhi,1982,m,True,False,True,False,1,0,1,0,Acting
pandit nehru,1255,m,40.0,gandhi,1982,m,True,False,True,False,1,0,1,0,Acting
professor gokha,180,m,55.0,gandhi,1982,m,True,False,True,False,1,0,1,0,Acting
sardar patel,880,m,53.0,gandhi,1982,m,True,False,True,False,1,0,1,0,Acting
secretary,114,m,37.0,gandhi,1982,m,True,False,True,False,1,0,1,0,Acting
walker,501,m,42.0,gandhi,1982,m,True,False,True,False,1,0,1,0,Acting
carl bruner,3768,m,30.0,ghost,1990,f,False,True,False,True,0,1,0,1,Acting
emergency room ,676,m,74.0,ghost,1990,f,False,True,False,True,0,1,0,1,Acting
lyle furgeson,406,m,42.0,ghost,1990,f,False,True,False,True,0,1,0,1,Acting
molly jensen,3906,f,28.0,ghost,1990,f,False,True,False,True,0,1,0,1,Acting
oda mae brown,4698,f,35.0,ghost,1990,f,False,True,False,True,0,1,0,1,Acting
sam wheat,5490,m,38.0,ghost,1990,f,False,True,False,True,0,1,0,1,Acting
willie lopez,468,m,38.0,ghost,1990,f,False,True,False,True,0,1,0,1,Acting
cassius,240,m,59.0,gladiator,2000,f,True,False,True,False,2,0,1,0,Acting
commodus,4508,m,26.0,gladiator,2000,f,True,False,True,False,2,0,1,0,Acting
gaius,392,m,58.0,gladiator,2000,f,True,False,True,False,2,0,1,0,Acting
gracchus,1280,m,62.0,gladiator,2000,f,True,False,True,False,2,0,1,0,Acting
juba,924,m,36.0,gladiator,2000,f,True,False,True,False,2,0,1,0,Acting
lucilla,2778,f,35.0,gladiator,2000,f,True,False,True,False,2,0,1,0,Acting
marcus aurelius,1900,m,70.0,gladiator,2000,f,True,False,True,False,2,0,1,0,Acting
maximus,3102,m,36.0,gladiator,2000,f,True,False,True,False,2,0,1,0,Acting
proximo,2582,m,62.0,gladiator,2000,f,True,False,True,False,2,0,1,0,Acting
quintus,260,m,45.0,gladiator,2000,f,True,False,True,False,2,0,1,0,Acting
slave trader,232,m,35.0,gladiator,2000,f,True,False,True,False,2,0,1,0,Acting
dave moss,4236,m,42.0,glengarry glen ross,1992,m,True,False,False,False,1,0,0,0,Acting
george aaronow,2342,m,58.0,glengarry glen ross,1992,m,True,False,False,False,1,0,0,0,Acting
james lingk,666,m,45.0,glengarry glen ross,1992,m,True,False,False,False,1,0,0,0,Acting
john williamson,2720,m,33.0,glengarry glen ross,1992,m,True,False,False,False,1,0,0,0,Acting
ricky roma,5844,m,52.0,glengarry glen ross,1992,m,True,False,False,False,1,0,0,0,Acting
shelley levene,6672,m,67.0,glengarry glen ross,1992,m,True,False,False,False,1,0,0,0,Acting
betty,892,f,37.0,gods and monsters,1998,m,True,True,False,False,1,1,0,0,Acting
boris karloff,108,m,69.0,gods and monsters,1998,m,True,True,False,False,1,1,0,0,Acting
clayton boone,5480,m,30.0,gods and monsters,1998,m,True,True,False,False,1,1,0,0,Acting
david lewis,360,m,53.0,gods and monsters,1998,m,True,True,False,False,1,1,0,0,Acting
edmund kay,1106,m,30.0,gods and monsters,1998,m,True,True,False,False,1,1,0,0,Acting
elsa lanchester,482,f,52.0,gods and monsters,1998,m,True,True,False,False,1,1,0,0,Acting
hanna,2074,f,55.0,gods and monsters,1998,m,True,True,False,False,1,1,0,0,Acting
harry,212,m,35.0,gods and monsters,1998,m,True,True,False,False,1,1,0,0,Acting
james whale,11972,m,59.0,gods and monsters,1998,m,True,True,False,False,1,1,0,0,Acting
billy mcbride,242,m,22.0,good will hunting,1997,f,True,True,True,False,2,1,1,0,Acting
chuckie sulliva,4960,m,25.0,good will hunting,1997,f,True,True,True,False,2,1,1,0,Acting
clark,464,m,32.0,good will hunting,1997,f,True,True,True,False,2,1,1,0,Acting
henry lipkin - ,530,m,70.0,good will hunting,1997,f,True,True,True,False,2,1,1,0,Acting
prof. gerald la,5288,m,46.0,good will hunting,1997,f,True,True,True,False,2,1,1,0,Acting
sean maguire,7408,m,46.0,good will hunting,1997,f,True,True,True,False,2,1,1,0,Acting
skylar,3352,f,27.0,good will hunting,1997,f,True,True,True,False,2,1,1,0,Acting
ben braddock,12130,m,30.0,the graduate,1967,m,True,True,False,False,1,2,0,0,Acting
elaine robinson,1960,f,27.0,the graduate,1967,m,True,True,False,False,1,2,0,0,Acting
mr. braddock,1424,m,40.0,the graduate,1967,m,True,True,False,False,1,2,0,0,Acting
mr. robinson,1748,m,44.0,the graduate,1967,m,True,True,False,False,1,2,0,0,Acting
mrs. braddock,696,f,46.0,the graduate,1967,m,True,True,False,False,1,2,0,0,Acting
mrs. robinson,3852,f,36.0,the graduate,1967,m,True,True,False,False,1,2,0,0,Acting
agent,282,m,33.0,the grapes of wrath,1940,f,True,True,False,True,1,1,0,1,Acting
al,964,m,29.0,the grapes of wrath,1940,f,True,True,False,True,1,1,0,1,Acting
bill,116,m,35.0,the grapes of wrath,1940,f,True,True,False,True,1,1,0,1,Acting
bookkeeper,242,m,34.0,the grapes of wrath,1940,f,True,True,False,True,1,1,0,1,Acting
boy,162,m,20.0,the grapes of wrath,1940,f,True,True,False,True,1,1,0,1,Acting
caretaker,742,m,66.0,the grapes of wrath,1940,f,True,True,False,True,1,1,0,1,Acting
connie,138,m,33.0,the grapes of wrath,1940,f,True,True,False,True,1,1,0,1,Acting
cop,106,m,37.0,the grapes of wrath,1940,f,True,True,False,True,1,1,0,1,Acting
davis,274,m,33.0,the grapes of wrath,1940,f,True,True,False,True,1,1,0,1,Acting
deputy,498,m,53.0,the grapes of wrath,1940,f,True,True,False,True,1,1,0,1,Acting
driver,298,m,47.0,the grapes of wrath,1940,f,True,True,False,True,1,1,0,1,Acting
floyd,260,m,38.0,the grapes of wrath,1940,f,True,True,False,True,1,1,0,1,Acting
girl in migrant,212,f,13.0,the grapes of wrath,1940,f,True,True,False,True,1,1,0,1,Acting
guard,288,m,39.0,the grapes of wrath,1940,f,True,True,False,True,1,1,0,1,Acting
inspection offi,170,m,52.0,the grapes of wrath,1940,f,True,True,False,True,1,1,0,1,Acting
jim casy,2742,m,34.0,the grapes of wrath,1940,f,True,True,False,True,1,1,0,1,Acting
jule - bouncer ,128,m,38.0,the grapes of wrath,1940,f,True,True,False,True,1,1,0,1,Acting
leader,176,m,66.0,the grapes of wrath,1940,f,True,True,False,True,1,1,0,1,Acting
ma joad,4496,f,61.0,the grapes of wrath,1940,f,True,True,False,True,1,1,0,1,Acting
mae,266,f,38.0,the grapes of wrath,1940,f,True,True,False,True,1,1,0,1,Acting
muley bates,1338,m,41.0,the grapes of wrath,1940,f,True,True,False,True,1,1,0,1,Acting
noah,160,m,32.0,the grapes of wrath,1940,f,True,True,False,True,1,1,0,1,Acting
policeman,354,m,37.0,the grapes of wrath,1940,f,True,True,False,True,1,1,0,1,Acting
ruthie,372,f,14.0,the grapes of wrath,1940,f,True,True,False,True,1,1,0,1,Acting
spencer,104,m,63.0,the grapes of wrath,1940,f,True,True,False,True,1,1,0,1,Acting
thomas,476,m,65.0,the grapes of wrath,1940,f,True,True,False,True,1,1,0,1,Acting
tim,374,m,35.0,the grapes of wrath,1940,f,True,True,False,True,1,1,0,1,Acting
tom joad,6930,m,35.0,the grapes of wrath,1940,f,True,True,False,True,1,1,0,1,Acting
uncle john,304,m,64.0,the grapes of wrath,1940,f,True,True,False,True,1,1,0,1,Acting
wilkie,242,m,53.0,the grapes of wrath,1940,f,True,True,False,True,1,1,0,1,Acting
matt kowalski,2399,m,52.0,gravity,2013,f,False,True,False,False,0,1,0,0,Acting
mission control,690,m,63.0,gravity,2013,f,False,True,False,False,0,1,0,0,Acting
ryan stone,2580,f,49.0,gravity,2013,f,False,True,False,False,0,1,0,0,Acting
arizona motel c,362,f,71.0,the grifters,1990,f,False,True,False,False,0,2,0,0,Acting
bobo justus,906,m,66.0,the grifters,1990,f,False,True,False,False,0,2,0,0,Acting
cole,932,m,47.0,the grifters,1990,f,False,True,False,False,0,2,0,0,Acting
doctor,128,m,54.0,the grifters,1990,f,False,True,False,False,0,2,0,0,Acting
gloucester hebb,220,m,54.0,the grifters,1990,f,False,True,False,False,0,2,0,0,Acting
irv,160,m,39.0,the grifters,1990,f,False,True,False,False,0,2,0,0,Acting
jeweler,380,m,39.0,the grifters,1990,f,False,True,False,False,0,2,0,0,Acting
lilly dillon,4200,f,39.0,the grifters,1990,f,False,True,False,False,0,2,0,0,Acting
lt. pierson,432,m,35.0,the grifters,1990,f,False,True,False,False,0,2,0,0,Acting
myra langtry,3832,f,32.0,the grifters,1990,f,False,True,False,False,0,2,0,0,Acting
roy dillon,4500,m,24.0,the grifters,1990,f,False,True,False,False,0,2,0,0,Acting
simms,1258,m,78.0,the grifters,1990,f,False,True,False,False,0,2,0,0,Acting
april,1064,f,30.0,hannah and her sisters,1986,f,True,True,True,True,1,1,1,1,Acting
carol,310,f,36.0,hannah and her sisters,1986,f,True,True,True,True,1,1,1,1,Acting
david,870,m,46.0,hannah and her sisters,1986,f,True,True,True,True,1,1,1,1,Acting
dr. abel,372,m,66.0,hannah and her sisters,1986,f,True,True,True,True,1,1,1,1,Acting
dr. grey,230,m,30.0,hannah and her sisters,1986,f,True,True,True,True,1,1,1,1,Acting
dusty,492,m,29.0,hannah and her sisters,1986,f,True,True,True,True,1,1,1,1,Acting
elliot,4704,m,53.0,hannah and her sisters,1986,f,True,True,True,True,1,1,1,1,Acting
evan,798,m,84.0,hannah and her sisters,1986,f,True,True,True,True,1,1,1,1,Acting
father flynn,118,m,52.0,hannah and her sisters,1986,f,True,True,True,True,1,1,1,1,Acting
frederick,1406,m,57.0,hannah and her sisters,1986,f,True,True,True,True,1,1,1,1,Acting
gail,848,f,36.0,hannah and her sisters,1986,f,True,True,True,True,1,1,1,1,Acting
holly,6268,f,38.0,hannah and her sisters,1986,f,True,True,True,True,1,1,1,1,Acting
lee,5170,f,38.0,hannah and her sisters,1986,f,True,True,True,True,1,1,1,1,Acting
mickey,8904,m,51.0,hannah and her sisters,1986,f,True,True,True,True,1,1,1,1,Acting
writer,110,m,29.0,hannah and her sisters,1986,f,True,True,True,True,1,1,1,1,Acting
aibileen clark,5010,f,46.0,the help,2011,f,False,True,False,True,0,3,0,1,Acting
celia foote,140,f,34.0,the help,2011,f,False,True,False,True,0,3,0,1,Acting
charlotte phela,2356,f,52.0,the help,2011,f,False,True,False,True,0,3,0,1,Acting
constantine jef,170,f,87.0,the help,2011,f,False,True,False,True,0,3,0,1,Acting
elizabeth leefo,718,f,26.0,the help,2011,f,False,True,False,True,0,3,0,1,Acting
hilly holbrook,3660,f,30.0,the help,2011,f,False,True,False,True,0,3,0,1,Acting
johnny foote,421,m,32.0,the help,2011,f,False,True,False,True,0,3,0,1,Acting
jolene french,318,f,29.0,the help,2011,f,False,True,False,True,0,3,0,1,Acting
minny jackson,3841,f,41.0,the help,2011,f,False,True,False,True,0,3,0,1,Acting
missus walters,373,f,62.0,the help,2011,f,False,True,False,True,0,3,0,1,Acting
mr. blackly,324,m,56.0,the help,2011,f,False,True,False,True,0,3,0,1,Acting
skeeter phelan,4304,f,23.0,the help,2011,f,False,True,False,True,0,3,0,1,Acting
stuart whitwort,1101,m,27.0,the help,2011,f,False,True,False,True,0,3,0,1,Acting
annie cassell,808,f,53.0,i am sam,2001,f,True,False,False,False,1,0,0,0,Acting
brad,502,m,35.0,i am sam,2001,f,True,False,False,False,1,0,0,0,Acting
conner rhodes,146,m,9.0,i am sam,2001,f,True,False,False,False,1,0,0,0,Acting
george,288,m,47.0,i am sam,2001,f,True,False,False,False,1,0,0,0,Acting
ifty,1200,m,41.0,i am sam,2001,f,True,False,False,False,1,0,0,0,Acting
judge philip mc,356,m,61.0,i am sam,2001,f,True,False,False,False,1,0,0,0,Acting
lily,212,f,44.0,i am sam,2001,f,True,False,False,False,1,0,0,0,Acting
lucy diamond da,2106,f,7.0,i am sam,2001,f,True,False,False,False,1,0,0,0,Acting
miss wright,234,f,49.0,i am sam,2001,f,True,False,False,False,1,0,0,0,Acting
mr. turner,2226,m,46.0,i am sam,2001,f,True,False,False,False,1,0,0,0,Acting
patricia,126,f,35.0,i am sam,2001,f,True,False,False,False,1,0,0,0,Acting
randy carpenter,674,f,34.0,i am sam,2001,f,True,False,False,False,1,0,0,0,Acting
rita harrison w,6436,f,43.0,i am sam,2001,f,True,False,False,False,1,0,0,0,Acting
robert,560,m,48.0,i am sam,2001,f,True,False,False,False,1,0,0,0,Acting
frank fowler,309,m,22.0,in the bedroom,2001,f,True,True,False,False,1,2,0,0,Acting
katie grinnel,692,f,50.0,in the bedroom,2001,f,True,True,False,False,1,2,0,0,Acting
matt fowler,4215,m,53.0,in the bedroom,2001,f,True,True,False,False,1,2,0,0,Acting
natalie strout,1245,f,37.0,in the bedroom,2001,f,True,True,False,False,1,2,0,0,Acting
richard strout,1050,m,36.0,in the bedroom,2001,f,True,True,False,False,1,2,0,0,Acting
ruth fowler,2593,f,52.0,in the bedroom,2001,f,True,True,False,False,1,2,0,0,Acting
willis grinnel,1558,m,61.0,in the bedroom,2001,f,True,True,False,False,1,2,0,0,Acting
barbara wigand,166,f,7.0,the insider,1999,m,True,False,False,False,1,0,0,0,Acting
eric kluster,244,m,48.0,the insider,1999,m,True,False,False,False,1,0,0,0,Acting
helen caperelli,590,f,37.0,the insider,1999,m,True,False,False,False,1,0,0,0,Acting
jeffrey wigand,5746,m,35.0,the insider,1999,m,True,False,False,False,1,0,0,0,Acting
john scanlon,262,m,68.0,the insider,1999,m,True,False,False,False,1,0,0,0,Acting
liane wigand,812,f,47.0,the insider,1999,m,True,False,False,False,1,0,0,0,Acting
lowell bergman,9068,m,59.0,the insider,1999,m,True,False,False,False,1,0,0,0,Acting
mark stern,518,m,48.0,the insider,1999,m,True,False,False,False,1,0,0,0,Acting
michael moore,172,m,47.0,the insider,1999,m,True,False,False,False,1,0,0,0,Acting
mike wallace,2778,m,70.0,the insider,1999,m,True,False,False,False,1,0,0,0,Acting
richard scruggs,902,m,41.0,the insider,1999,m,True,False,False,False,1,0,0,0,Acting
ron motley,548,m,49.0,the insider,1999,m,True,False,False,False,1,0,0,0,Acting
sharon tiller,212,f,51.0,the insider,1999,m,True,False,False,False,1,0,0,0,Acting
thomas sandefur,462,m,59.0,the insider,1999,m,True,False,False,False,1,0,0,0,Acting
billie mccandle,286,f,48.0,into the wild,2007,m,True,False,False,False,1,0,0,0,Acting
carine mccandle,4462,f,23.0,into the wild,2007,m,True,False,False,False,1,0,0,0,Acting
chris mccandles,6386,m,22.0,into the wild,2007,m,True,False,False,False,1,0,0,0,Acting
jan burres,1048,f,48.0,into the wild,2007,m,True,False,False,False,1,0,0,0,Acting
lori,176,f,27.0,into the wild,2007,m,True,False,False,False,1,0,0,0,Acting
mads,438,m,33.0,into the wild,2007,m,True,False,False,False,1,0,0,0,Acting
ron franz,2118,m,82.0,into the wild,2007,m,True,False,False,False,1,0,0,0,Acting
sonja,126,f,27.0,into the wild,2007,m,True,False,False,False,1,0,0,0,Acting
tracy tatro,160,f,17.0,into the wild,2007,m,True,False,False,False,1,0,0,0,Acting
walt mccandless,186,m,57.0,into the wild,2007,m,True,False,False,False,1,0,0,0,Acting
wayne westerber,1646,m,37.0,into the wild,2007,m,True,False,False,False,1,0,0,0,Acting
etienne feyder,231,m,41.0,invictus,2009,m,True,False,False,False,2,0,0,0,Acting
francois pienaa,779,m,39.0,invictus,2009,m,True,False,False,False,2,0,0,0,Acting
mary,107,f,39.0,invictus,2009,m,True,False,False,False,2,0,0,0,Acting
nelson mandela,2594,m,72.0,invictus,2009,m,True,False,False,False,2,0,0,0,Acting
nerine,183,f,28.0,invictus,2009,m,True,False,False,False,2,0,0,0,Acting
alfred roberts,217,m,50.0,the iron lady,2011,f,False,True,False,True,0,1,0,1,Acting
carol thatcher,582,f,37.0,the iron lady,2011,f,False,True,False,True,0,1,0,1,Acting
denis thatcher,1291,m,62.0,the iron lady,2011,f,False,True,False,True,0,1,0,1,Acting
edward heath,159,m,58.0,the iron lady,2011,f,False,True,False,True,0,1,0,1,Acting
francis pym,108,m,53.0,the iron lady,2011,f,False,True,False,True,0,1,0,1,Acting
geoffrey howe,117,m,57.0,the iron lady,2011,f,False,True,False,True,0,1,0,1,Acting
gordon reece,183,m,58.0,the iron lady,2011,f,False,True,False,True,0,1,0,1,Acting
june,177,f,65.0,the iron lady,2011,f,False,True,False,True,0,1,0,1,Acting
margaret thatch,4007,f,62.0,the iron lady,2011,f,False,True,False,True,0,1,0,1,Acting
susie,129,f,26.0,the iron lady,2011,f,False,True,False,True,0,1,0,1,Acting
bert,278,m,43.0,its a wonderful life,1946,m,True,False,False,False,1,0,0,0,Acting
clarence,994,m,72.0,its a wonderful life,1946,m,True,False,False,False,1,0,0,0,Acting
dr. campbell,187,m,55.0,its a wonderful life,1946,m,True,False,False,False,1,0,0,0,Acting
ed,109,m,61.0,its a wonderful life,1946,m,True,False,False,False,1,0,0,0,Acting
ernie,290,m,41.0,its a wonderful life,1946,m,True,False,False,False,1,0,0,0,Acting
george bailey,6979,m,38.0,its a wonderful life,1946,m,True,False,False,False,1,0,0,0,Acting
harry bailey,318,m,25.0,its a wonderful life,1946,m,True,False,False,False,1,0,0,0,Acting
mary hatch,947,f,25.0,its a wonderful life,1946,m,True,False,False,False,1,0,0,0,Acting
mr. gower,142,m,71.0,its a wonderful life,1946,m,True,False,False,False,1,0,0,0,Acting
mr. martini,183,m,61.0,its a wonderful life,1946,m,True,False,False,False,1,0,0,0,Acting
mr. potter,1296,m,68.0,its a wonderful life,1946,m,True,False,False,False,1,0,0,0,Acting
mrs. bailey,133,f,57.0,its a wonderful life,1946,m,True,False,False,False,1,0,0,0,Acting
nick,201,m,39.0,its a wonderful life,1946,m,True,False,False,False,1,0,0,0,Acting
real estate sal,186,m,41.0,its a wonderful life,1946,m,True,False,False,False,1,0,0,0,Acting
sam wainwright,463,m,37.0,its a wonderful life,1946,m,True,False,False,False,1,0,0,0,Acting
uncle billy,784,m,54.0,its a wonderful life,1946,m,True,False,False,False,1,0,0,0,Acting
violet,188,f,23.0,its a wonderful life,1946,m,True,False,False,False,1,0,0,0,Acting
amy - billingsl,190,f,26.0,jackie brown,1997,m,True,False,False,False,1,0,0,0,Acting
anita lopez,118,f,22.0,jackie brown,1997,m,True,False,False,False,1,0,0,0,Acting
beaumont living,540,m,25.0,jackie brown,1997,m,True,False,False,False,1,0,0,0,Acting
jackie brown,10316,f,48.0,jackie brown,1997,m,True,False,False,False,1,0,0,0,Acting
judge,142,m,58.0,jackie brown,1997,m,True,False,False,False,1,0,0,0,Acting
louis gara,2276,m,54.0,jackie brown,1997,m,True,False,False,False,1,0,0,0,Acting
mark dargus,1706,m,44.0,jackie brown,1997,m,True,False,False,False,1,0,0,0,Acting
max cherry,6766,m,56.0,jackie brown,1997,m,True,False,False,False,1,0,0,0,Acting
melanie ralston,2348,f,33.0,jackie brown,1997,m,True,False,False,False,1,0,0,0,Acting
ordell robbie,11788,m,49.0,jackie brown,1997,m,True,False,False,False,1,0,0,0,Acting
public defender,272,f,40.0,jackie brown,1997,m,True,False,False,False,1,0,0,0,Acting
ray nicolette,2660,m,46.0,jackie brown,1997,m,True,False,False,False,1,0,0,0,Acting
winston,106,m,39.0,jackie brown,1997,m,True,False,False,False,1,0,0,0,Acting
avery bishop,1120,f,34.0,jerry maguire,1996,m,True,False,True,False,2,0,1,0,Acting
bill dooler,186,m,34.0,jerry maguire,1996,m,True,False,True,False,2,0,1,0,Acting
bob sugar,1162,m,26.0,jerry maguire,1996,m,True,False,True,False,2,0,1,0,Acting
chad the nanny,232,m,26.0,jerry maguire,1996,m,True,False,True,False,2,0,1,0,Acting
dorothy boyd,4372,f,27.0,jerry maguire,1996,m,True,False,True,False,2,0,1,0,Acting
jerry maguire,10216,m,34.0,jerry maguire,1996,m,True,False,True,False,2,0,1,0,Acting
kathy sanders,146,f,19.0,jerry maguire,1996,m,True,False,True,False,2,0,1,0,Acting
laurel boyd,804,f,35.0,jerry maguire,1996,m,True,False,True,False,2,0,1,0,Acting
marcee tidwell,1146,f,25.0,jerry maguire,1996,m,True,False,True,False,2,0,1,0,Acting
matt cushman,300,m,55.0,jerry maguire,1996,m,True,False,True,False,2,0,1,0,Acting
ray boyd,270,m,6.0,jerry maguire,1996,m,True,False,True,False,2,0,1,0,Acting
rod tidwell,102,m,28.0,jerry maguire,1996,m,True,False,True,False,2,0,1,0,Acting
tee pee,274,m,21.0,jerry maguire,1996,m,True,False,True,False,2,0,1,0,Acting
beverly oliver ,896,f,30.0,jfk,1991,m,True,False,False,False,1,0,0,0,Acting
bill newman,2882,m,32.0,jfk,1991,m,True,False,False,False,1,0,0,0,Acting
bobby fischer,226,m,21.0,jfk,1991,m,True,False,False,False,1,0,0,0,Acting
colonel finck,360,m,47.0,jfk,1991,m,True,False,False,False,1,0,0,0,Acting
coroner,180,m,62.0,jfk,1991,m,True,False,False,False,1,0,0,0,Acting
david ferrie,4350,m,48.0,jfk,1991,m,True,False,False,False,1,0,0,0,Acting
dean andrews,1392,m,41.0,jfk,1991,m,True,False,False,False,1,0,0,0,Acting
fbi agent - fra,562,m,59.0,jfk,1991,m,True,False,False,False,1,0,0,0,Acting
irvin f. dymond,352,m,59.0,jfk,1991,m,True,False,False,False,1,0,0,0,Acting
j.c. price,114,m,73.0,jfk,1991,m,True,False,False,False,1,0,0,0,Acting
jack martin,1640,m,66.0,jfk,1991,m,True,False,False,False,1,0,0,0,Acting
jack ruby,648,m,46.0,jfk,1991,m,True,False,False,False,1,0,0,0,Acting
jasper garrison,148,m,7.0,jfk,1991,m,True,False,False,False,1,0,0,0,Acting
jim,28102,m,36.0,jfk,1991,m,True,False,False,False,1,0,0,0,Acting
judge haggerty,198,m,65.0,jfk,1991,m,True,False,False,False,1,0,0,0,Acting
julia ann merce,766,f,33.0,jfk,1991,m,True,False,False,False,1,0,0,0,Acting
lee bowers,534,m,31.0,jfk,1991,m,True,False,False,False,1,0,0,0,Acting
lee harvey oswa,1048,m,33.0,jfk,1991,m,True,False,False,False,1,0,0,0,Acting
liz garrison,2280,f,42.0,jfk,1991,m,True,False,False,False,1,0,0,0,Acting
lou ivon,3342,m,38.0,jfk,1991,m,True,False,False,False,1,0,0,0,Acting
mobster with br,212,m,58.0,jfk,1991,m,True,False,False,False,1,0,0,0,Acting
mr. goldberg,146,m,52.0,jfk,1991,m,True,False,False,False,1,0,0,0,Acting
numa bertel,716,m,36.0,jfk,1991,m,True,False,False,False,1,0,0,0,Acting
sam holland,264,m,73.0,jfk,1991,m,True,False,False,False,1,0,0,0,Acting
senator long,910,m,71.0,jfk,1991,m,True,False,False,False,1,0,0,0,Acting
willie o'keefe,1518,m,33.0,jfk,1991,m,True,False,False,False,1,0,0,0,Acting
bren macguff,1368,f,48.0,juno,2007,f,False,True,False,False,0,1,0,0,Acting
juno macguff,11628,f,20.0,juno,2007,f,False,True,False,False,0,1,0,0,Acting
leah,1544,f,21.0,juno,2007,f,False,True,False,False,0,1,0,0,Acting
mark loring,3088,m,38.0,juno,2007,f,False,True,False,False,0,1,0,0,Acting
paulie bleeker,1678,m,19.0,juno,2007,f,False,True,False,False,0,1,0,0,Acting
punk receptioni,204,f,30.0,juno,2007,f,False,True,False,False,0,1,0,0,Acting
rollo,224,m,41.0,juno,2007,f,False,True,False,False,0,1,0,0,Acting
su-chin,130,f,18.0,juno,2007,f,False,True,False,False,0,1,0,0,Acting
vanessa loring,1992,f,35.0,juno,2007,f,False,True,False,False,0,1,0,0,Acting
Archbishop Cosm,1161,m,72.0,the kings speech,2010,m,True,True,True,False,2,1,1,0,Acting
BBC Radio Annou,178,m,42.0,the kings speech,2010,m,True,True,True,False,2,1,1,0,Acting
king george v,557,m,70.0,the kings speech,2010,m,True,True,True,False,2,1,1,0,Acting
King George VI,5040,m,50.0,the kings speech,2010,m,True,True,True,False,2,1,1,0,Acting
lionel logue,4224,m,59.0,the kings speech,2010,m,True,True,True,False,2,1,1,0,Acting
lord wigram,118,m,58.0,the kings speech,2010,m,True,True,True,False,2,1,1,0,Acting
myrtle logue,656,f,41.0,the kings speech,2010,m,True,True,True,False,2,1,1,0,Acting
queen elizabeth,785,f,44.0,the kings speech,2010,m,True,True,True,False,2,1,1,0,Acting
stanley baldwin,304,m,62.0,the kings speech,2010,m,True,True,True,False,2,1,1,0,Acting
theatre directo,119,m,56.0,the kings speech,2010,m,True,True,True,False,2,1,1,0,Acting
Winston Churchi,1205,m,53.0,the kings speech,2010,m,True,True,True,False,2,1,1,0,Acting
clubfoot,131,m,47.0,kiss of the spider woman,1985,m,True,False,True,False,1,0,1,0,Acting
gabriel,155,m,38.0,kiss of the spider woman,1985,m,True,False,True,False,1,0,1,0,Acting
luis molina,4037,m,35.0,kiss of the spider woman,1985,m,True,False,True,False,1,0,1,0,Acting
pedro,397,m,52.0,kiss of the spider woman,1985,m,True,False,True,False,1,0,1,0,Acting
valentin arregu,2297,m,45.0,kiss of the spider woman,1985,m,True,False,True,False,1,0,1,0,Acting
warden,242,m,65.0,kiss of the spider woman,1985,m,True,False,True,False,1,0,1,0,Acting
werner,160,m,33.0,kiss of the spider woman,1985,m,True,False,True,False,1,0,1,0,Acting
arlyn page,118,f,29.0,klute,1971,f,False,True,False,True,0,1,0,1,Acting
bree daniel,3794,f,34.0,klute,1971,f,False,True,False,True,0,1,0,1,Acting
frank ligourin,306,m,39.0,klute,1971,f,False,True,False,True,0,1,0,1,Acting
janie dale,147,f,49.0,klute,1971,f,False,True,False,True,0,1,0,1,Acting
john klute,2548,m,36.0,klute,1971,f,False,True,False,True,0,1,0,1,Acting
peter cable,1092,m,36.0,klute,1971,f,False,True,False,True,0,1,0,1,Acting
colonel bagley,1328,m,43.0,the last samurai,2003,m,True,False,False,False,1,0,0,0,Acting
emperor meiji,884,m,20.0,the last samurai,2003,m,True,False,False,False,1,0,0,0,Acting
katsumoto,2812,m,44.0,the last samurai,2003,m,True,False,False,False,1,0,0,0,Acting
nathan algren,6216,m,41.0,the last samurai,2003,m,True,False,False,False,1,0,0,0,Acting
omura,2524,m,54.0,the last samurai,2003,m,True,False,False,False,1,0,0,0,Acting
simon graham,2122,m,46.0,the last samurai,2003,m,True,False,False,False,1,0,0,0,Acting
taka,240,f,27.0,the last samurai,2003,m,True,False,False,False,1,0,0,0,Acting
winchester rep,206,m,56.0,the last samurai,2003,m,True,False,False,False,1,0,0,0,Acting
zebulon gant,464,m,61.0,the last samurai,2003,m,True,False,False,False,1,0,0,0,Acting
andrey,140,m,31.0,the last station,2009,f,True,True,False,False,1,1,0,0,Acting
chertkov,3056,m,42.0,the last station,2009,f,True,True,False,False,1,1,0,0,Acting
dushan,740,m,56.0,the last station,2009,f,True,True,False,False,1,1,0,0,Acting
ivan,128,m,45.0,the last station,2009,f,True,True,False,False,1,1,0,0,Acting
masha,1314,f,26.0,the last station,2009,f,True,True,False,False,1,1,0,0,Acting
priest,112,m,58.0,the last station,2009,f,True,True,False,False,1,1,0,0,Acting
sasha,1352,f,39.0,the last station,2009,f,True,True,False,False,1,1,0,0,Acting
sergeyenko,476,m,32.0,the last station,2009,f,True,True,False,False,1,1,0,0,Acting
sofya,4478,f,64.0,the last station,2009,f,True,True,False,False,1,1,0,0,Acting
tolstoy,3960,m,80.0,the last station,2009,f,True,True,False,False,1,1,0,0,Acting
valentin,3314,m,30.0,the last station,2009,f,True,True,False,False,1,1,0,0,Acting
ben sanderson,7256,m,31.0,leaving las vegas,1995,f,True,True,True,False,1,1,1,0,Acting
conventioneer,160,m,51.0,leaving las vegas,1995,f,True,True,True,False,1,1,1,0,Acting
l.a. bartender,104,m,46.0,leaving las vegas,1995,f,True,True,True,False,1,1,1,0,Acting
marc nussbaum,118,m,34.0,leaving las vegas,1995,f,True,True,True,False,1,1,1,0,Acting
peter,112,m,48.0,leaving las vegas,1995,f,True,True,True,False,1,1,1,0,Acting
sera,7066,f,32.0,leaving las vegas,1995,f,True,True,True,False,1,1,1,0,Acting
yuri,1312,m,37.0,leaving las vegas,1995,f,True,True,True,False,1,1,1,0,Acting
bamatabois,225,m,35.0,les misrables,2012,m,True,True,False,True,1,1,0,1,Acting
bishop,301,m,68.0,les misrables,2012,m,True,True,False,True,1,1,0,1,Acting
cosette,626,f,27.0,les misrables,2012,m,True,True,False,True,1,1,0,1,Acting
enjolras,954,m,29.0,les misrables,2012,m,True,True,False,True,1,1,0,1,Acting
éponine,789,f,22.0,les misrables,2012,m,True,True,False,True,1,1,0,1,Acting
fantine,820,f,30.0,les misrables,2012,m,True,True,False,True,1,1,0,1,Acting
foreman,177,m,32.0,les misrables,2012,m,True,True,False,True,1,1,0,1,Acting
gavroche,458,m,13.0,les misrables,2012,m,True,True,False,True,1,1,0,1,Acting
javert,1809,m,48.0,les misrables,2012,m,True,True,False,True,1,1,0,1,Acting
jean valjean,3211,m,44.0,les misrables,2012,m,True,True,False,True,1,1,0,1,Acting
Madame Thenardi,550,f,46.0,les misrables,2012,m,True,True,False,True,1,1,0,1,Acting
marius,1312,m,30.0,les misrables,2012,m,True,True,False,True,1,1,0,1,Acting
Thenardier,1510,m,41.0,les misrables,2012,m,True,True,False,True,1,1,0,1,Acting
Toothman,165,m,44.0,les misrables,2012,m,True,True,False,True,1,1,0,1,Acting
Whore 1,159,f,47.0,les misrables,2012,m,True,True,False,True,1,1,0,1,Acting
abraham lincoln,5041,m,55.0,lincoln,2012,m,True,True,True,False,2,1,1,0,Acting
alexander steph,278,m,51.0,lincoln,2012,m,True,True,True,False,2,1,1,0,Acting
asa vintner lit,230,m,56.0,lincoln,2012,m,True,True,True,False,2,1,1,0,Acting
clay hawkins,118,m,41.0,lincoln,2012,m,True,True,True,False,2,1,1,0,Acting
corporal ira cl,241,m,36.0,lincoln,2012,m,True,True,True,False,2,1,1,0,Acting
edwin stanton,229,m,62.0,lincoln,2012,m,True,True,True,False,2,1,1,0,Acting
elizabeth keckl,207,f,48.0,lincoln,2012,m,True,True,True,False,2,1,1,0,Acting
fernando wood,386,m,33.0,lincoln,2012,m,True,True,True,False,2,1,1,0,Acting
george pendleto,370,m,69.0,lincoln,2012,m,True,True,True,False,2,1,1,0,Acting
george yeaman,170,m,44.0,lincoln,2012,m,True,True,True,False,2,1,1,0,Acting
lydia smith,104,f,60.0,lincoln,2012,m,True,True,True,False,2,1,1,0,Acting
mary todd linco,1218,f,66.0,lincoln,2012,m,True,True,True,False,2,1,1,0,Acting
mrs. jolly,187,f,43.0,lincoln,2012,m,True,True,True,False,2,1,1,0,Acting
preston blair,415,m,87.0,lincoln,2012,m,True,True,True,False,2,1,1,0,Acting
richard schell,205,m,48.0,lincoln,2012,m,True,True,True,False,2,1,1,0,Acting
robert lincoln,375,m,31.0,lincoln,2012,m,True,True,True,False,2,1,1,0,Acting
thaddeus steven,1104,m,66.0,lincoln,2012,m,True,True,True,False,2,1,1,0,Acting
ulysses s. gran,224,m,51.0,lincoln,2012,m,True,True,True,False,2,1,1,0,Acting
w.n. bilbo,400,m,52.0,lincoln,2012,m,True,True,True,False,2,1,1,0,Acting
william seward,1314,m,63.0,lincoln,2012,m,True,True,True,False,2,1,1,0,Acting
barnard,2854,m,45.0,lost horizon,1937,m,True,False,False,False,1,0,0,0,Acting
chang,3372,m,62.0,lost horizon,1937,m,True,False,False,False,1,0,0,0,Acting
george conway,5006,m,24.0,lost horizon,1937,m,True,False,False,False,1,0,0,0,Acting
gloria,648,f,30.0,lost horizon,1937,m,True,False,False,False,1,0,0,0,Acting
high lama,886,m,46.0,lost horizon,1937,m,True,False,False,False,1,0,0,0,Acting
lord gainsford,720,m,56.0,lost horizon,1937,m,True,False,False,False,1,0,0,0,Acting
lovett,3262,m,51.0,lost horizon,1937,m,True,False,False,False,1,0,0,0,Acting
maria,1020,f,20.0,lost horizon,1937,m,True,False,False,False,1,0,0,0,Acting
robert conway,7322,m,46.0,lost horizon,1937,m,True,False,False,False,1,0,0,0,Acting
sondra,1102,f,27.0,lost horizon,1937,m,True,False,False,False,1,0,0,0,Acting
bob harris,1461,m,53.0,lost in translation,2003,m,True,False,False,False,1,0,0,0,Acting
charlotte,1572,f,19.0,lost in translation,2003,m,True,False,False,False,1,0,0,0,Acting
john,404,m,29.0,lost in translation,2003,m,True,False,False,False,1,0,0,0,Acting
kelly,373,f,27.0,lost in translation,2003,m,True,False,False,False,1,0,0,0,Acting
alan kligman es,562,m,61.0,magnolia,1999,m,True,False,False,False,1,0,0,0,Acting
avi solomon,172,m,42.0,magnolia,1999,m,True,False,False,False,1,0,0,0,Acting
captain muffy,112,m,44.0,magnolia,1999,m,True,False,False,False,1,0,0,0,Acting
"chad, seduce & ",408,m,31.0,magnolia,1999,m,True,False,False,False,1,0,0,0,Acting
claudia wilson ,2240,f,39.0,magnolia,1999,m,True,False,False,False,1,0,0,0,Acting
cynthia,484,f,37.0,magnolia,1999,m,True,False,False,False,1,0,0,0,Acting
dick jennings,216,m,58.0,magnolia,1999,m,True,False,False,False,1,0,0,0,Acting
dr. diane,112,f,42.0,magnolia,1999,m,True,False,False,False,1,0,0,0,Acting
dr. landon,844,m,40.0,magnolia,1999,m,True,False,False,False,1,0,0,0,Acting
earl partridge,2624,m,77.0,magnolia,1999,m,True,False,False,False,1,0,0,0,Acting
frank t.j. mack,6834,m,37.0,magnolia,1999,m,True,False,False,False,1,0,0,0,Acting
gwenovier,864,f,37.0,magnolia,1999,m,True,False,False,False,1,0,0,0,Acting
"janet, frank's ",586,f,28.0,magnolia,1999,m,True,False,False,False,1,0,0,0,Acting
jimmy gator,3222,m,68.0,magnolia,1999,m,True,False,False,False,1,0,0,0,Acting
julia,318,f,13.0,magnolia,1999,m,True,False,False,False,1,0,0,0,Acting
linda partridge,2160,f,39.0,magnolia,1999,m,True,False,False,False,1,0,0,0,Acting
luis,108,m,43.0,magnolia,1999,m,True,False,False,False,1,0,0,0,Acting
marcie,584,f,37.0,magnolia,1999,m,True,False,False,False,1,0,0,0,Acting
middle aged guy,124,m,43.0,magnolia,1999,m,True,False,False,False,1,0,0,0,Acting
narrator,1910,m,51.0,magnolia,1999,m,True,False,False,False,1,0,0,0,Acting
officer jim kur,5690,m,34.0,magnolia,1999,m,True,False,False,False,1,0,0,0,Acting
phil parma,2390,m,32.0,magnolia,1999,m,True,False,False,False,1,0,0,0,Acting
rick spector,704,m,46.0,magnolia,1999,m,True,False,False,False,1,0,0,0,Acting
rose gator,714,f,60.0,magnolia,1999,m,True,False,False,False,1,0,0,0,Acting
stanley berry,1462,m,39.0,magnolia,1999,m,True,False,False,False,1,0,0,0,Acting
thurston howell,604,m,64.0,magnolia,1999,m,True,False,False,False,1,0,0,0,Acting
worm,520,m,31.0,magnolia,1999,m,True,False,False,False,1,0,0,0,Acting
young pharmacy ,122,m,28.0,magnolia,1999,m,True,False,False,False,1,0,0,0,Acting
bill william,585,m,49.0,the master,2012,m,True,True,False,False,2,1,0,0,Acting
clark,667,m,31.0,the master,2012,m,True,True,False,False,2,1,0,0,Acting
freddie quell,4263,m,38.0,the master,2012,m,True,True,False,False,2,1,0,0,Acting
john more,339,m,47.0,the master,2012,m,True,True,False,False,2,1,0,0,Acting
master's cadet,7036,m,36.0,the master,2012,m,True,True,False,False,2,1,0,0,Acting
val dodd,133,m,24.0,the master,2012,m,True,True,False,False,2,1,0,0,Acting
wayne gregory,106,m,31.0,the master,2012,m,True,True,False,False,2,1,0,0,Acting
jackie - new yo,172,m,24.0,midnight cowboy,1969,m,True,True,False,False,2,1,0,0,Acting
joe buck,5600,m,31.0,midnight cowboy,1969,m,True,True,False,False,2,1,0,0,Acting
mr. o'daniel,646,m,56.0,midnight cowboy,1969,m,True,True,False,False,2,1,0,0,Acting
ratso,4116,m,32.0,midnight cowboy,1969,m,True,True,False,False,2,1,0,0,Acting
rich lady - new,142,f,43.0,midnight cowboy,1969,m,True,True,False,False,2,1,0,0,Acting
sally buck - te,356,f,55.0,midnight cowboy,1969,m,True,True,False,False,2,1,0,0,Acting
shirley,980,f,30.0,midnight cowboy,1969,m,True,True,False,False,2,1,0,0,Acting
towny,1072,m,54.0,midnight cowboy,1969,m,True,True,False,False,2,1,0,0,Acting
woodsy niles - ,138,m,58.0,midnight cowboy,1969,m,True,True,False,False,2,1,0,0,Acting
annie wilkes,5507,f,42.0,misery,1990,f,False,True,False,True,0,1,0,1,Acting
buster,1044,m,70.0,misery,1990,f,False,True,False,True,0,1,0,1,Acting
libby,148,m,60.0,misery,1990,f,False,True,False,True,0,1,0,1,Acting
marcia sindell,522,f,66.0,misery,1990,f,False,True,False,True,0,1,0,1,Acting
paul sheldon,2438,m,50.0,misery,1990,f,False,True,False,True,0,1,0,1,Acting
virginia,285,f,60.0,misery,1990,f,False,True,False,True,0,1,0,1,Acting
buck grotowski,393,m,66.0,monsters ball,2001,f,False,True,False,True,0,1,0,1,Acting
hank grotowski,1486,m,46.0,monsters ball,2001,f,False,True,False,True,0,1,0,1,Acting
lawrence musgro,349,m,32.0,monsters ball,2001,f,False,True,False,True,0,1,0,1,Acting
leticia musgrov,889,f,35.0,monsters ball,2001,f,False,True,False,True,0,1,0,1,Acting
sonny grotowski,171,m,22.0,monsters ball,2001,f,False,True,False,True,0,1,0,1,Acting
tyrell musgrove,140,m,10.0,monsters ball,2001,f,False,True,False,True,0,1,0,1,Acting
bobo,228,m,73.0,moonstruck,1987,f,True,True,False,True,1,2,0,2,Acting
chrissy,330,f,20.0,moonstruck,1987,f,True,True,False,True,1,2,0,2,Acting
cosmo castorini,1196,m,67.0,moonstruck,1987,f,True,True,False,True,1,2,0,2,Acting
felix,204,m,70.0,moonstruck,1987,f,True,True,False,True,1,2,0,2,Acting
loretta castori,5344,f,41.0,moonstruck,1987,f,True,True,False,True,1,2,0,2,Acting
lucy,140,f,90.0,moonstruck,1987,f,True,True,False,True,1,2,0,2,Acting
mr. johnny camm,1658,m,54.0,moonstruck,1987,f,True,True,False,True,1,2,0,2,Acting
perry,1324,m,47.0,moonstruck,1987,f,True,True,False,True,1,2,0,2,Acting
raymond cappoma,978,m,69.0,moonstruck,1987,f,True,True,False,True,1,2,0,2,Acting
rita cappomaggi,470,f,57.0,moonstruck,1987,f,True,True,False,True,1,2,0,2,Acting
ronny cammareri,3288,m,23.0,moonstruck,1987,f,True,True,False,True,1,2,0,2,Acting
rose castorini,1902,f,56.0,moonstruck,1987,f,True,True,False,True,1,2,0,2,Acting
sheila,220,f,26.0,moonstruck,1987,f,True,True,False,True,1,2,0,2,Acting
shy waiter,192,m,43.0,moonstruck,1987,f,True,True,False,True,1,2,0,2,Acting
amy faulkner,148,f,64.0,mr deeds goes to town,1936,m,True,False,False,False,1,0,0,0,Acting
anderson,156,m,67.0,mr deeds goes to town,1936,m,True,False,False,False,1,0,0,0,Acting
babe bennett,4206,f,36.0,mr deeds goes to town,1936,m,True,False,False,False,1,0,0,0,Acting
bailiff,158,m,52.0,mr deeds goes to town,1936,m,True,False,False,False,1,0,0,0,Acting
bob,330,m,44.0,mr deeds goes to town,1936,m,True,False,False,False,1,0,0,0,Acting
brookfield,214,m,47.0,mr deeds goes to town,1936,m,True,False,False,False,1,0,0,0,Acting
budington,198,m,63.0,mr deeds goes to town,1936,m,True,False,False,False,1,0,0,0,Acting
butler,300,m,50.0,mr deeds goes to town,1936,m,True,False,False,False,1,0,0,0,Acting
charlie,122,m,44.0,mr deeds goes to town,1936,m,True,False,False,False,1,0,0,0,Acting
cornelius cobb,2814,m,28.0,mr deeds goes to town,1936,m,True,False,False,False,1,0,0,0,Acting
douglas,552,m,50.0,mr deeds goes to town,1936,m,True,False,False,False,1,0,0,0,Acting
dr. emile von h,372,m,73.0,mr deeds goes to town,1936,m,True,False,False,False,1,0,0,0,Acting
farmer,644,m,72.0,mr deeds goes to town,1936,m,True,False,False,False,1,0,0,0,Acting
frank,180,m,43.0,mr deeds goes to town,1936,m,True,False,False,False,1,0,0,0,Acting
hallor,518,m,31.0,mr deeds goes to town,1936,m,True,False,False,False,1,0,0,0,Acting
jane faulkner,282,f,64.0,mr deeds goes to town,1936,m,True,False,False,False,1,0,0,0,Acting
john cedar,5308,m,47.0,mr deeds goes to town,1936,m,True,False,False,False,1,0,0,0,Acting
judge may,1146,m,61.0,mr deeds goes to town,1936,m,True,False,False,False,1,0,0,0,Acting
longfellow deed,9870,m,35.0,mr deeds goes to town,1936,m,True,False,False,False,1,0,0,0,Acting
mabel dawson,634,f,40.0,mr deeds goes to town,1936,m,True,False,False,False,1,0,0,0,Acting
macwade,1676,m,54.0,mr deeds goes to town,1936,m,True,False,False,False,1,0,0,0,Acting
morrow,702,m,47.0,mr deeds goes to town,1936,m,True,False,False,False,1,0,0,0,Acting
mrs. meredith,602,f,62.0,mr deeds goes to town,1936,m,True,False,False,False,1,0,0,0,Acting
waiter,232,m,42.0,mr deeds goes to town,1936,m,True,False,False,False,1,0,0,0,Acting
walter,838,m,49.0,mr deeds goes to town,1936,m,True,False,False,False,1,0,0,0,Acting
archie brown,1126,m,28.0,mrs brown,1997,m,False,True,False,False,0,1,0,0,Acting
doctor jenner,398,m,71.0,mrs brown,1997,m,False,True,False,False,0,1,0,0,Acting
henry ponsonby,2134,m,70.0,mrs brown,1997,m,False,True,False,False,0,1,0,0,Acting
john brown,4336,m,55.0,mrs brown,1997,m,False,True,False,False,0,1,0,0,Acting
lord stanley,228,m,34.0,mrs brown,1997,m,False,True,False,False,0,1,0,0,Acting
prime minister ,2302,m,48.0,mrs brown,1997,m,False,True,False,False,0,1,0,0,Acting
prince of wales,1026,m,34.0,mrs brown,1997,m,False,True,False,False,0,1,0,0,Acting
queen victoria,3642,f,63.0,mrs brown,1997,m,False,True,False,False,0,1,0,0,Acting
assunta guaspar,672,f,73.0,music of the heart,1999,f,False,True,False,False,0,1,0,0,Acting
brian turner,1874,m,40.0,music of the heart,1999,f,False,True,False,False,0,1,0,0,Acting
dennis rausch,486,m,35.0,music of the heart,1999,f,False,True,False,False,0,1,0,0,Acting
dorothea von ha,702,f,38.0,music of the heart,1999,f,False,True,False,False,0,1,0,0,Acting
guadalupe at 9,150,f,10.0,music of the heart,1999,f,False,True,False,False,0,1,0,0,Acting
isabel vasquez,522,f,42.0,music of the heart,1999,f,False,True,False,False,0,1,0,0,Acting
mrs. adisa,214,f,34.0,music of the heart,1999,f,False,True,False,False,0,1,0,0,Acting
nick at 7,1212,m,12.0,music of the heart,1999,f,False,True,False,False,0,1,0,0,Acting
principal janet,2306,f,41.0,music of the heart,1999,f,False,True,False,False,0,1,0,0,Acting
ramon olivas,334,m,9.0,music of the heart,1999,f,False,True,False,False,0,1,0,0,Acting
roberta guaspar,12210,f,50.0,music of the heart,1999,f,False,True,False,False,0,1,0,0,Acting
arthur jacobs,486,m,44.0,my week with marilyn,2011,f,True,True,False,False,1,1,0,0,Acting
arthur miller,590,m,46.0,my week with marilyn,2011,f,True,True,False,False,1,1,0,0,Acting
barry,130,m,63.0,my week with marilyn,2011,f,True,True,False,False,1,1,0,0,Acting
colin clark,4331,m,29.0,my week with marilyn,2011,f,True,True,False,False,1,1,0,0,Acting
dame sybil thor,768,f,77.0,my week with marilyn,2011,f,True,True,False,False,1,1,0,0,Acting
david orton,617,m,44.0,my week with marilyn,2011,f,True,True,False,False,1,1,0,0,Acting
dr. connell,184,m,63.0,my week with marilyn,2011,f,True,True,False,False,1,1,0,0,Acting
hugh perceval,667,m,63.0,my week with marilyn,2011,f,True,True,False,False,1,1,0,0,Acting
lady jane clark,391,f,44.0,my week with marilyn,2011,f,True,True,False,False,1,1,0,0,Acting
lucy,776,f,21.0,my week with marilyn,2011,f,True,True,False,False,1,1,0,0,Acting
marilyn monroe,5025,f,31.0,my week with marilyn,2011,f,True,True,False,False,1,1,0,0,Acting
milton greene,1354,m,33.0,my week with marilyn,2011,f,True,True,False,False,1,1,0,0,Acting
paula strasberg,1060,f,62.0,my week with marilyn,2011,f,True,True,False,False,1,1,0,0,Acting
reporter #1,233,m,48.0,my week with marilyn,2011,f,True,True,False,False,1,1,0,0,Acting
roger smith,842,m,63.0,my week with marilyn,2011,f,True,True,False,False,1,1,0,0,Acting
sir kenneth cla,229,m,51.0,my week with marilyn,2011,f,True,True,False,False,1,1,0,0,Acting
sir laurence ol,3704,m,51.0,my week with marilyn,2011,f,True,True,False,False,1,1,0,0,Acting
sir owen morshe,321,m,73.0,my week with marilyn,2011,f,True,True,False,False,1,1,0,0,Acting
trevor,197,m,49.0,my week with marilyn,2011,f,True,True,False,False,1,1,0,0,Acting
vanessa,158,f,34.0,my week with marilyn,2011,f,True,True,False,False,1,1,0,0,Acting
vivien leigh,869,f,46.0,my week with marilyn,2011,f,True,True,False,False,1,1,0,0,Acting
albuquerque,726,f,40.0,nashville,1975,m,False,True,False,False,0,2,0,0,Acting
barbara jean,842,f,30.0,nashville,1975,m,False,True,False,False,0,2,0,0,Acting
barnett,1784,m,36.0,nashville,1975,m,False,True,False,False,0,2,0,0,Acting
bill,436,m,30.0,nashville,1975,m,False,True,False,False,0,2,0,0,Acting
delbert reese,858,m,38.0,nashville,1975,m,False,True,False,False,0,2,0,0,Acting
grand ole opry ,1054,m,21.0,nashville,1975,m,False,True,False,False,0,2,0,0,Acting
haven hamilton,884,m,40.0,nashville,1975,m,False,True,False,False,0,2,0,0,Acting
john triplette,1828,m,37.0,nashville,1975,m,False,True,False,False,0,2,0,0,Acting
kenny's mother,414,f,39.0,nashville,1975,m,False,True,False,False,0,2,0,0,Acting
l. a. joan,156,f,26.0,nashville,1975,m,False,True,False,False,0,2,0,0,Acting
lady pearl,258,f,52.0,nashville,1975,m,False,True,False,False,0,2,0,0,Acting
linnea reese,702,f,36.0,nashville,1975,m,False,True,False,False,0,2,0,0,Acting
mary,208,f,23.0,nashville,1975,m,False,True,False,False,0,2,0,0,Acting
mr. green,1352,m,59.0,nashville,1975,m,False,True,False,False,0,2,0,0,Acting
norman,834,m,34.0,nashville,1975,m,False,True,False,False,0,2,0,0,Acting
opal,276,f,31.0,nashville,1975,m,False,True,False,False,0,2,0,0,Acting
pfc. glenn kell,444,m,34.0,nashville,1975,m,False,True,False,False,0,2,0,0,Acting
star,346,m,50.0,nashville,1975,m,False,True,False,False,0,2,0,0,Acting
sueleen gay,672,f,24.0,nashville,1975,m,False,True,False,False,0,2,0,0,Acting
tommy brown,1252,m,38.0,nashville,1975,m,False,True,False,False,0,2,0,0,Acting
wade,962,m,41.0,nashville,1975,m,False,True,False,False,0,2,0,0,Acting
cardinal,191,m,85.0,nine,2009,m,False,True,False,False,0,1,0,0,Acting
carla,688,f,35.0,nine,2009,m,False,True,False,False,0,1,0,0,Acting
claudia,305,f,42.0,nine,2009,m,False,True,False,False,0,1,0,0,Acting
dante,796,m,54.0,nine,2009,m,False,True,False,False,0,1,0,0,Acting
de rossi,108,m,37.0,nine,2009,m,False,True,False,False,0,1,0,0,Acting
fausto,174,m,52.0,nine,2009,m,False,True,False,False,0,1,0,0,Acting
guido contini,3526,m,52.0,nine,2009,m,False,True,False,False,0,1,0,0,Acting
lilli,821,f,75.0,nine,2009,m,False,True,False,False,0,1,0,0,Acting
luisa contini,466,f,34.0,nine,2009,m,False,True,False,False,0,1,0,0,Acting
stephanie,283,f,30.0,nine,2009,m,False,True,False,False,0,1,0,0,Acting
anna - moscow r,586,f,37.0,ninotchka,1939,f,False,True,False,False,0,1,0,0,Acting
buljanoff,1088,m,47.0,ninotchka,1939,f,False,True,False,False,0,1,0,0,Acting
gaston,311,m,68.0,ninotchka,1939,f,False,True,False,False,0,1,0,0,Acting
iranoff,1072,m,55.0,ninotchka,1939,f,False,True,False,False,0,1,0,0,Acting
leon,6350,m,38.0,ninotchka,1939,f,False,True,False,False,0,1,0,0,Acting
manager,247,m,44.0,ninotchka,1939,f,False,True,False,False,0,1,0,0,Acting
mercier,269,m,53.0,ninotchka,1939,f,False,True,False,False,0,1,0,0,Acting
ninotchka,5146,f,34.0,ninotchka,1939,f,False,True,False,False,0,1,0,0,Acting
rakonin,153,m,39.0,ninotchka,1939,f,False,True,False,False,0,1,0,0,Acting
razinin,365,m,57.0,ninotchka,1939,f,False,True,False,False,0,1,0,0,Acting
russian visa of,260,m,38.0,ninotchka,1939,f,False,True,False,False,0,1,0,0,Acting
soviet lawyer,102,m,59.0,ninotchka,1939,f,False,True,False,False,0,1,0,0,Acting
berger,3126,m,45.0,ordinary people,1980,m,True,True,True,False,2,1,1,0,Acting
beth,4746,f,44.0,ordinary people,1980,m,True,True,True,False,2,1,1,0,Acting
buck,232,m,20.0,ordinary people,1980,m,True,True,True,False,2,1,1,0,Acting
calvin,5150,m,45.0,ordinary people,1980,m,True,True,True,False,2,1,1,0,Acting
conrad,7794,m,20.0,ordinary people,1980,m,True,True,True,False,2,1,1,0,Acting
grandmother,202,f,65.0,ordinary people,1980,m,True,True,True,False,2,1,1,0,Acting
karen,882,f,22.0,ordinary people,1980,m,True,True,True,False,2,1,1,0,Acting
stillman,196,m,18.0,ordinary people,1980,m,True,True,True,False,2,1,1,0,Acting
belinda conine,128,f,40.0,philadelphia,1993,m,True,False,True,False,1,0,1,0,Acting
bob seidman,682,m,45.0,philadelphia,1993,m,True,False,True,False,1,0,1,0,Acting
bud beckett,168,m,64.0,philadelphia,1993,m,True,False,True,False,1,0,1,0,Acting
chandra,188,f,24.0,philadelphia,1993,m,True,False,True,False,1,0,1,0,Acting
charles wheeler,2140,m,71.0,philadelphia,1993,m,True,False,True,False,1,0,1,0,Acting
jerome green,172,m,42.0,philadelphia,1993,m,True,False,True,False,1,0,1,0,Acting
jill beckett,104,f,37.0,philadelphia,1993,m,True,False,True,False,1,0,1,0,Acting
joe miller,7076,m,39.0,philadelphia,1993,m,True,False,True,False,1,0,1,0,Acting
judge garnett,954,m,57.0,philadelphia,1993,m,True,False,True,False,1,0,1,0,Acting
mr. laird,152,m,67.0,philadelphia,1993,m,True,False,True,False,1,0,1,0,Acting
rachel smilow,160,f,30.0,philadelphia,1993,m,True,False,True,False,1,0,1,0,Acting
sarah beckett,364,f,63.0,philadelphia,1993,m,True,False,True,False,1,0,1,0,Acting
walter kenton,508,m,62.0,philadelphia,1993,m,True,False,True,False,1,0,1,0,Acting
benek,144,m,51.0,the pianist,2002,m,True,False,True,False,1,0,1,0,Acting
dorota,722,f,28.0,the pianist,2002,m,True,False,True,False,1,0,1,0,Acting
dr. ehrlich,264,m,74.0,the pianist,2002,m,True,False,True,False,1,0,1,0,Acting
father,1042,m,76.0,the pianist,2002,m,True,False,True,False,1,0,1,0,Acting
gebczynski,352,m,45.0,the pianist,2002,m,True,False,True,False,1,0,1,0,Acting
henryk,1698,m,28.0,the pianist,2002,m,True,False,True,False,1,0,1,0,Acting
jurek,172,m,30.0,the pianist,2002,m,True,False,True,False,1,0,1,0,Acting
lednicki,250,m,29.0,the pianist,2002,m,True,False,True,False,1,0,1,0,Acting
majorek,588,m,30.0,the pianist,2002,m,True,False,True,False,1,0,1,0,Acting
mother,470,f,56.0,the pianist,2002,m,True,False,True,False,1,0,1,0,Acting
szalas,304,m,37.0,the pianist,2002,m,True,False,True,False,1,0,1,0,Acting
wladyslaw szpil,2804,m,29.0,the pianist,2002,m,True,False,True,False,1,0,1,0,Acting
ada mcgrath,350,f,35.0,the piano,1993,m,False,True,False,True,0,2,0,2,Acting
alisdair stewar,3558,m,46.0,the piano,1993,m,False,True,False,True,0,2,0,2,Acting
aunt morag,1020,f,45.0,the piano,1993,m,False,True,False,True,0,2,0,2,Acting
flora mcgrath,1664,f,11.0,the piano,1993,m,False,True,False,True,0,2,0,2,Acting
george baines,1826,m,54.0,the piano,1993,m,False,True,False,True,0,2,0,2,Acting
hira,670,f,52.0,the piano,1993,m,False,True,False,True,0,2,0,2,Acting
reverend,144,m,52.0,the piano,1993,m,False,True,False,True,0,2,0,2,Acting
big harold,484,m,25.0,platoon,1986,m,True,False,False,False,2,0,0,0,Acting
bunny,1096,m,21.0,platoon,1986,m,True,False,False,False,2,0,0,0,Acting
captain harris,592,m,42.0,platoon,1986,m,True,False,False,False,2,0,0,0,Acting
chris,3246,m,21.0,platoon,1986,m,True,False,False,False,2,0,0,0,Acting
crawford,296,m,23.0,platoon,1986,m,True,False,False,False,2,0,0,0,Acting
francis,538,m,22.0,platoon,1986,m,True,False,False,False,2,0,0,0,Acting
king,1918,m,30.0,platoon,1986,m,True,False,False,False,2,0,0,0,Acting
lerner,692,m,23.0,platoon,1986,m,True,False,False,False,2,0,0,0,Acting
lt. wolfe,648,m,28.0,platoon,1986,m,True,False,False,False,2,0,0,0,Acting
rhah,1812,m,23.0,platoon,1986,m,True,False,False,False,2,0,0,0,Acting
sgt. barnes,1948,m,37.0,platoon,1986,m,True,False,False,False,2,0,0,0,Acting
sgt. elias,2380,m,31.0,platoon,1986,m,True,False,False,False,2,0,0,0,Acting
sgt. o'neill,868,m,27.0,platoon,1986,m,True,False,False,False,2,0,0,0,Acting
tex,160,m,24.0,platoon,1986,m,True,False,False,False,2,0,0,0,Acting
caroline bingle,672,f,28.0,pride  prejudice,2005,f,False,True,False,False,0,1,0,0,Acting
charlotte lucas,699,f,31.0,pride  prejudice,2005,f,False,True,False,False,0,1,0,0,Acting
elizabeth benne,5642,f,20.0,pride  prejudice,2005,f,False,True,False,False,0,1,0,0,Acting
jane bennet,929,f,26.0,pride  prejudice,2005,f,False,True,False,False,0,1,0,0,Acting
kitty bennet,418,f,20.0,pride  prejudice,2005,f,False,True,False,False,0,1,0,0,Acting
lady catherine ,820,f,71.0,pride  prejudice,2005,f,False,True,False,False,0,1,0,0,Acting
lydia bennet,998,f,21.0,pride  prejudice,2005,f,False,True,False,False,0,1,0,0,Acting
mary bennet,245,f,20.0,pride  prejudice,2005,f,False,True,False,False,0,1,0,0,Acting
mr. bennet,1224,m,70.0,pride  prejudice,2005,f,False,True,False,False,0,1,0,0,Acting
mr. bingley,157,m,25.0,pride  prejudice,2005,f,False,True,False,False,0,1,0,0,Acting
mr. collins,729,m,38.0,pride  prejudice,2005,f,False,True,False,False,0,1,0,0,Acting
mr. darcy,2646,m,31.0,pride  prejudice,2005,f,False,True,False,False,0,1,0,0,Acting
mr. gardiner,125,m,55.0,pride  prejudice,2005,f,False,True,False,False,0,1,0,0,Acting
mr. wickham,558,m,24.0,pride  prejudice,2005,f,False,True,False,False,0,1,0,0,Acting
mrs. bennet,2426,f,59.0,pride  prejudice,2005,f,False,True,False,False,0,1,0,0,Acting
mrs. gardiner,350,f,59.0,pride  prejudice,2005,f,False,True,False,False,0,1,0,0,Acting
mrs. reynolds,238,f,66.0,pride  prejudice,2005,f,False,True,False,False,0,1,0,0,Acting
abby,1560,f,53.0,rachel getting married,2008,f,False,True,False,False,0,1,0,0,Acting
carol,438,f,58.0,rachel getting married,2008,f,False,True,False,False,0,1,0,0,Acting
kym,7768,f,26.0,rachel getting married,2008,f,False,True,False,False,0,1,0,0,Acting
paul,2778,m,58.0,rachel getting married,2008,f,False,True,False,False,0,1,0,0,Acting
walter,112,m,26.0,rachel getting married,2008,f,False,True,False,False,0,1,0,0,Acting
himself - radio,378,m,72.0,raging bull,1980,m,True,True,True,False,2,1,1,0,Acting
jackie curtie,108,m,60.0,raging bull,1980,m,True,True,True,False,2,1,1,0,Acting
jake la motta,13226,m,37.0,raging bull,1980,m,True,True,True,False,2,1,1,0,Acting
jeweler,116,m,61.0,raging bull,1980,m,True,True,True,False,2,1,1,0,Acting
joey,4750,m,37.0,raging bull,1980,m,True,True,True,False,2,1,1,0,Acting
salvy,472,m,41.0,raging bull,1980,m,True,True,True,False,2,1,1,0,Acting
tommy como,230,m,56.0,raging bull,1980,m,True,True,True,False,2,1,1,0,Acting
vickie la motta,2110,f,20.0,raging bull,1980,m,True,True,True,False,2,1,1,0,Acting
buddy,3606,m,15.0,rambling rose,1991,f,False,True,False,False,0,2,0,0,Acting
daddy hillyer,11556,m,60.0,rambling rose,1991,f,False,True,False,False,0,2,0,0,Acting
dave wilkie,2022,m,31.0,rambling rose,1991,f,False,True,False,False,0,2,0,0,Acting
doll,954,f,13.0,rambling rose,1991,f,False,True,False,False,0,2,0,0,Acting
dr. martinson,1806,m,49.0,rambling rose,1991,f,False,True,False,False,0,2,0,0,Acting
mother,7628,f,56.0,rambling rose,1991,f,False,True,False,False,0,2,0,0,Acting
willcox hillyer,1684,m,46.0,rambling rose,1991,f,False,True,False,False,0,2,0,0,Acting
brigitte,134,f,39.0,the reader,2008,m,False,True,False,True,0,1,0,1,Acting
carla berg,228,f,48.0,the reader,2008,m,False,True,False,True,0,1,0,1,Acting
dieter,760,m,28.0,the reader,2008,m,False,True,False,True,0,1,0,1,Acting
hanna schmitz,1938,f,33.0,the reader,2008,m,False,True,False,True,0,1,0,1,Acting
holger,138,m,26.0,the reader,2008,m,False,True,False,True,0,1,0,1,Acting
ilana mather,1232,f,53.0,the reader,2008,m,False,True,False,True,0,1,0,1,Acting
judge,1896,m,59.0,the reader,2008,m,False,True,False,True,0,1,0,1,Acting
julia,284,f,27.0,the reader,2008,m,False,True,False,True,0,1,0,1,Acting
marthe,246,f,24.0,the reader,2008,m,False,True,False,True,0,1,0,1,Acting
michael berg,4810,m,46.0,the reader,2008,m,False,True,False,True,0,1,0,1,Acting
ms. brenner,518,f,58.0,the reader,2008,m,False,True,False,True,0,1,0,1,Acting
peter berg,148,m,68.0,the reader,2008,m,False,True,False,True,0,1,0,1,Acting
professor rohl,1002,m,67.0,the reader,2008,m,False,True,False,True,0,1,0,1,Acting
prosecuting cou,586,m,50.0,the reader,2008,m,False,True,False,True,0,1,0,1,Acting
sophie,136,f,21.0,the reader,2008,m,False,True,False,True,0,1,0,1,Acting
teacher,248,m,45.0,the reader,2008,m,False,True,False,True,0,1,0,1,Acting
april wheeler,5756,f,33.0,revolutionary road,2008,f,True,False,False,False,1,0,0,0,Acting
frank wheeler,7126,m,34.0,revolutionary road,2008,f,True,False,False,False,1,0,0,0,Acting
jack ordway,424,m,49.0,revolutionary road,2008,f,True,False,False,False,1,0,0,0,Acting
john givings,1812,m,34.0,revolutionary road,2008,f,True,False,False,False,1,0,0,0,Acting
maureen grube,316,f,25.0,revolutionary road,2008,f,True,False,False,False,1,0,0,0,Acting
milly campbell,640,f,35.0,revolutionary road,2008,f,True,False,False,False,1,0,0,0,Acting
mr. givings,180,m,75.0,revolutionary road,2008,f,True,False,False,False,1,0,0,0,Acting
mrs. givings,1820,f,60.0,revolutionary road,2008,f,True,False,False,False,1,0,0,0,Acting
shep campbell,668,m,34.0,revolutionary road,2008,f,True,False,False,False,1,0,0,0,Acting
ted bandy,162,m,52.0,revolutionary road,2008,f,True,False,False,False,1,0,0,0,Acting
captain miller,5134,m,42.0,saving private ryan,1998,m,True,False,False,False,1,0,0,0,Acting
corporal upham,735,m,29.0,saving private ryan,1998,m,True,False,False,False,1,0,0,0,Acting
lieutenant colo,278,m,54.0,saving private ryan,1998,m,True,False,False,False,1,0,0,0,Acting
private jackson,1188,m,28.0,saving private ryan,1998,m,True,False,False,False,1,0,0,0,Acting
private reiben,1913,m,30.0,saving private ryan,1998,m,True,False,False,False,1,0,0,0,Acting
private ryan,280,m,28.0,saving private ryan,1998,m,True,False,False,False,1,0,0,0,Acting
t-4 medic wade,520,m,24.0,saving private ryan,1998,m,True,False,False,False,1,0,0,0,Acting
betsy,134,f,45.0,sense and sensibility,1995,f,False,True,False,False,0,2,0,0,Acting
charlotte palme,1416,f,39.0,sense and sensibility,1995,f,False,True,False,False,0,2,0,0,Acting
colonel brandon,2354,m,49.0,sense and sensibility,1995,f,False,True,False,False,0,2,0,0,Acting
edward ferrars,2528,m,35.0,sense and sensibility,1995,f,False,True,False,False,0,2,0,0,Acting
elinor dashwood,6130,f,36.0,sense and sensibility,1995,f,False,True,False,False,0,2,0,0,Acting
fanny dashwood,1914,f,45.0,sense and sensibility,1995,f,False,True,False,False,0,2,0,0,Acting
john dashwood,672,m,43.0,sense and sensibility,1995,f,False,True,False,False,0,2,0,0,Acting
john willoughby,1758,m,29.0,sense and sensibility,1995,f,False,True,False,False,0,2,0,0,Acting
lucy steele,2024,f,34.0,sense and sensibility,1995,f,False,True,False,False,0,2,0,0,Acting
marianne dashwo,5132,f,20.0,sense and sensibility,1995,f,False,True,False,False,0,2,0,0,Acting
mrs. dashwood,2896,f,53.0,sense and sensibility,1995,f,False,True,False,False,0,2,0,0,Acting
mrs. jennings,3456,f,66.0,sense and sensibility,1995,f,False,True,False,False,0,2,0,0,Acting
robert ferrars,262,m,30.0,sense and sensibility,1995,f,False,True,False,False,0,2,0,0,Acting
sir john middle,1654,m,70.0,sense and sensibility,1995,f,False,True,False,False,0,2,0,0,Acting
thomas,386,m,47.0,sense and sensibility,1995,f,False,True,False,False,0,2,0,0,Acting
cheryl,2888,f,49.0,the sessions,2012,m,False,True,False,False,0,1,0,0,Acting
dr. laura white,413,f,39.0,the sessions,2012,m,False,True,False,False,0,1,0,0,Acting
father brendan,1144,m,62.0,the sessions,2012,m,False,True,False,False,0,1,0,0,Acting
josh,154,m,56.0,the sessions,2012,m,False,True,False,False,0,1,0,0,Acting
mark,4839,m,53.0,the sessions,2012,m,False,True,False,False,0,1,0,0,Acting
rod,118,m,49.0,the sessions,2012,m,False,True,False,False,0,1,0,0,Acting
susan,305,f,43.0,the sessions,2012,m,False,True,False,False,0,1,0,0,Acting
vera,622,f,37.0,the sessions,2012,m,False,True,False,False,0,1,0,0,Acting
dr. moth,340,m,49.0,shakespeare in love,1998,m,True,True,False,True,1,2,0,2,Acting
first boatman,208,m,36.0,shakespeare in love,1998,m,True,True,False,True,1,2,0,2,Acting
hugh fennyman,1002,m,50.0,shakespeare in love,1998,m,True,True,False,True,1,2,0,2,Acting
lady de lesseps,110,f,46.0,shakespeare in love,1998,m,True,True,False,True,1,2,0,2,Acting
lord wessex,1770,m,38.0,shakespeare in love,1998,m,True,True,False,True,1,2,0,2,Acting
ned alleyn,708,m,26.0,shakespeare in love,1998,m,True,True,False,True,1,2,0,2,Acting
nurse,386,f,42.0,shakespeare in love,1998,m,True,True,False,True,1,2,0,2,Acting
philip henslowe,2054,m,47.0,shakespeare in love,1998,m,True,True,False,True,1,2,0,2,Acting
queen elizabeth,1234,f,64.0,shakespeare in love,1998,m,True,True,False,True,1,2,0,2,Acting
richard burbage,734,m,37.0,shakespeare in love,1998,m,True,True,False,True,1,2,0,2,Acting
sam gosse,240,m,19.0,shakespeare in love,1998,m,True,True,False,True,1,2,0,2,Acting
tilney - master,468,m,49.0,shakespeare in love,1998,m,True,True,False,True,1,2,0,2,Acting
viola de lessep,2818,f,26.0,shakespeare in love,1998,m,True,True,False,True,1,2,0,2,Acting
will shakespear,5856,m,28.0,shakespeare in love,1998,m,True,True,False,True,1,2,0,2,Acting
anjanette,118,f,30.0,shampoo,1975,f,True,True,False,True,1,1,0,1,Acting
felicia,2090,f,50.0,shampoo,1975,f,True,True,False,True,1,1,0,1,Acting
george,7602,m,38.0,shampoo,1975,f,True,True,False,True,1,1,0,1,Acting
jackie,4244,f,34.0,shampoo,1975,f,True,True,False,True,1,1,0,1,Acting
jill,3090,f,30.0,shampoo,1975,f,True,True,False,True,1,1,0,1,Acting
johnny pope,940,m,35.0,shampoo,1975,f,True,True,False,True,1,1,0,1,Acting
lester,5190,m,55.0,shampoo,1975,f,True,True,False,True,1,1,0,1,Acting
mr. pettis,448,m,43.0,shampoo,1975,f,True,True,False,True,1,1,0,1,Acting
norman,122,m,45.0,shampoo,1975,f,True,True,False,True,1,1,0,1,Acting
producer,122,m,59.0,shampoo,1975,f,True,True,False,True,1,1,0,1,Acting
red dog,172,m,35.0,shampoo,1975,f,True,True,False,True,1,1,0,1,Acting
senator east,104,m,58.0,shampoo,1975,f,True,True,False,True,1,1,0,1,Acting
1946 d.a.,637,m,47.0,the shawshank redemption,1994,m,True,False,False,False,1,0,0,0,Acting
andy dufresne,3127,m,36.0,the shawshank redemption,1994,m,True,False,False,False,1,0,0,0,Acting
bogs diamond,143,m,38.0,the shawshank redemption,1994,m,True,False,False,False,1,0,0,0,Acting
brooks hatlen,740,m,73.0,the shawshank redemption,1994,m,True,False,False,False,1,0,0,0,Acting
captain hadley,644,m,35.0,the shawshank redemption,1994,m,True,False,False,False,1,0,0,0,Acting
ellis boyd 'red,5788,m,57.0,the shawshank redemption,1994,m,True,False,False,False,1,0,0,0,Acting
heywood,619,m,44.0,the shawshank redemption,1994,m,True,False,False,False,1,0,0,0,Acting
tommy,311,m,27.0,the shawshank redemption,1994,m,True,False,False,False,1,0,0,0,Acting
warden norton,1271,m,49.0,the shawshank redemption,1994,m,True,False,False,False,1,0,0,0,Acting
cammi,230,f,32.0,sideways,2004,m,True,True,False,False,1,1,0,0,Acting
christine ergan,386,f,34.0,sideways,2004,m,True,True,False,False,1,1,0,0,Acting
gary the barten,272,m,36.0,sideways,2004,m,True,True,False,False,1,1,0,0,Acting
jack,11020,m,44.0,sideways,2004,m,True,True,False,False,1,1,0,0,Acting
maya,3090,f,43.0,sideways,2004,m,True,True,False,False,1,1,0,0,Acting
miles,10816,m,37.0,sideways,2004,m,True,True,False,False,1,1,0,0,Acting
miles's buildin,116,m,54.0,sideways,2004,m,True,True,False,False,1,1,0,0,Acting
stephanie,666,f,33.0,sideways,2004,m,True,True,False,False,1,1,0,0,Acting
victoria,286,f,39.0,sideways,2004,m,True,True,False,False,1,1,0,0,Acting
waiter,120,m,20.0,sideways,2004,m,True,True,False,False,1,1,0,0,Acting
doug,297,m,27.0,six degrees of separation,1993,f,False,True,False,False,0,1,0,0,Acting
dr. fine,502,m,45.0,six degrees of separation,1993,f,False,True,False,False,0,1,0,0,Acting
elizabeth,819,f,23.0,six degrees of separation,1993,f,False,True,False,False,0,1,0,0,Acting
flan,4288,m,58.0,six degrees of separation,1993,f,False,True,False,False,0,1,0,0,Acting
geoffrey,658,m,54.0,six degrees of separation,1993,f,False,True,False,False,0,1,0,0,Acting
hustler,139,m,30.0,six degrees of separation,1993,f,False,True,False,False,0,1,0,0,Acting
kitty,418,f,45.0,six degrees of separation,1993,f,False,True,False,False,0,1,0,0,Acting
larkin,345,m,47.0,six degrees of separation,1993,f,False,True,False,False,0,1,0,0,Acting
ouisa,6384,f,49.0,six degrees of separation,1993,f,False,True,False,False,0,1,0,0,Acting
paul,5020,m,25.0,six degrees of separation,1993,f,False,True,False,False,0,1,0,0,Acting
rick,697,m,28.0,six degrees of separation,1993,f,False,True,False,False,0,1,0,0,Acting
tess,552,f,23.0,six degrees of separation,1993,f,False,True,False,False,0,1,0,0,Acting
woody,138,m,19.0,six degrees of separation,1993,f,False,True,False,False,0,1,0,0,Acting
anna crowe,916,f,31.0,the sixth sense,1999,m,True,True,False,False,1,1,0,0,Acting
cole sear,3140,m,11.0,the sixth sense,1999,m,True,True,False,False,1,1,0,0,Acting
dr. hill,180,m,29.0,the sixth sense,1999,m,True,True,False,False,1,1,0,0,Acting
dr. malcolm cro,4994,m,44.0,the sixth sense,1999,m,True,True,False,False,1,1,0,0,Acting
lynn sear,1488,f,27.0,the sixth sense,1999,m,True,True,False,False,1,1,0,0,Acting
tommy tammisimo,314,m,13.0,the sixth sense,1999,m,True,True,False,False,1,1,0,0,Acting
young man buyin,142,m,33.0,the sixth sense,1999,m,True,True,False,False,1,1,0,0,Acting
bill cox,1908,m,41.0,sling blade,1996,m,True,False,False,False,1,0,0,0,Acting
charles bushman,1248,m,53.0,sling blade,1996,m,True,False,False,False,1,0,0,0,Acting
doyle hargraves,4128,m,40.0,sling blade,1996,m,True,False,False,False,1,0,0,0,Acting
frank wheatley,4642,m,14.0,sling blade,1996,m,True,False,False,False,1,0,0,0,Acting
frostee cream b,222,m,43.0,sling blade,1996,m,True,False,False,False,1,0,0,0,Acting
jerry woolridge,2630,m,60.0,sling blade,1996,m,True,False,False,False,1,0,0,0,Acting
karl childers,6298,m,41.0,sling blade,1996,m,True,False,False,False,1,0,0,0,Acting
linda wheatley,2590,f,34.0,sling blade,1996,m,True,False,False,False,1,0,0,0,Acting
marsha dwiggins,500,f,21.0,sling blade,1996,m,True,False,False,False,1,0,0,0,Acting
scooter hodges,192,m,35.0,sling blade,1996,m,True,False,False,False,1,0,0,0,Acting
terence,308,m,32.0,sling blade,1996,m,True,False,False,False,1,0,0,0,Acting
vaughan cunning,2192,m,48.0,sling blade,1996,m,True,False,False,False,1,0,0,0,Acting
ashleigh,174,f,22.0,the social network,2010,m,True,False,False,False,1,0,0,0,Acting
cameron winklev,1386,m,24.0,the social network,2010,m,True,False,False,False,1,0,0,0,Acting
divya narendra,1206,m,25.0,the social network,2010,m,True,False,False,False,1,0,0,0,Acting
dustin moskovit,251,m,27.0,the social network,2010,m,True,False,False,False,1,0,0,0,Acting
eduardo saverin,4305,m,27.0,the social network,2010,m,True,False,False,False,1,0,0,0,Acting
erica albright,878,f,25.0,the social network,2010,m,True,False,False,False,1,0,0,0,Acting
facebook lawyer,176,m,44.0,the social network,2010,m,True,False,False,False,1,0,0,0,Acting
gage,824,m,69.0,the social network,2010,m,True,False,False,False,1,0,0,0,Acting
mark zuckerberg,6083,m,27.0,the social network,2010,m,True,False,False,False,1,0,0,0,Acting
marylin delpy,182,f,34.0,the social network,2010,m,True,False,False,False,1,0,0,0,Acting
mr. cox,104,m,57.0,the social network,2010,m,True,False,False,False,1,0,0,0,Acting
policeman,104,m,41.0,the social network,2010,m,True,False,False,False,1,0,0,0,Acting
prince albert,159,m,53.0,the social network,2010,m,True,False,False,False,1,0,0,0,Acting
sean parker,2675,m,29.0,the social network,2010,m,True,False,False,False,1,0,0,0,Acting
sy,297,m,64.0,the social network,2010,m,True,False,False,False,1,0,0,0,Acting
tyler winklevos,857,m,28.0,the social network,2010,m,True,False,False,False,1,0,0,0,Acting
cameron,7586,m,35.0,the stunt man,1980,f,True,False,False,False,1,0,0,0,Acting
chuck barton,2884,m,45.0,the stunt man,1980,f,True,False,False,False,1,0,0,0,Acting
denise,550,f,40.0,the stunt man,1980,f,True,False,False,False,1,0,0,0,Acting
eli cross,7684,m,48.0,the stunt man,1980,f,True,False,False,False,1,0,0,0,Acting
eli's a.d.,474,m,42.0,the stunt man,1980,f,True,False,False,False,1,0,0,0,Acting
jake,1032,m,44.0,the stunt man,1980,f,True,False,False,False,1,0,0,0,Acting
lineman,102,m,60.0,the stunt man,1980,f,True,False,False,False,1,0,0,0,Acting
nina franklin,4184,f,32.0,the stunt man,1980,f,True,False,False,False,1,0,0,0,Acting
raymond bailey,238,m,43.0,the stunt man,1980,f,True,False,False,False,1,0,0,0,Acting
sam,1714,m,41.0,the stunt man,1980,f,True,False,False,False,1,0,0,0,Acting
artie green,378,m,30.0,sunset blvd,1950,f,True,True,False,False,2,2,0,0,Acting
betty schaefer,1777,f,22.0,sunset blvd,1950,f,True,True,False,False,2,2,0,0,Acting
cecil b. demill,212,m,69.0,sunset blvd,1950,f,True,True,False,False,2,2,0,0,Acting
joe gillis,4465,m,32.0,sunset blvd,1950,f,True,True,False,False,2,2,0,0,Acting
max von mayerli,985,m,65.0,sunset blvd,1950,f,True,True,False,False,2,2,0,0,Acting
morino,132,m,43.0,sunset blvd,1950,f,True,True,False,False,2,2,0,0,Acting
norma desmond,3863,f,51.0,sunset blvd,1950,f,True,True,False,False,2,2,0,0,Acting
sheldrake,337,m,36.0,sunset blvd,1950,f,True,True,False,False,2,2,0,0,Acting
arash,153,m,27.0,syriana,2005,m,True,False,True,False,1,0,1,0,Acting
bennett holiday,1754,m,40.0,syriana,2005,m,True,False,True,False,1,0,1,0,Acting
bob barnes,1934,m,44.0,syriana,2005,m,True,False,True,False,1,0,1,0,Acting
bryan woodman,1607,m,35.0,syriana,2005,m,True,False,True,False,1,0,1,0,Acting
danny dalton,343,m,41.0,syriana,2005,m,True,False,True,False,1,0,1,0,Acting
dean whiting,485,m,76.0,syriana,2005,m,True,False,True,False,1,0,1,0,Acting
emir hamed al-s,249,m,70.0,syriana,2005,m,True,False,True,False,1,0,1,0,Acting
fred franks,509,m,39.0,syriana,2005,m,True,False,True,False,1,0,1,0,Acting
jimmy pope,967,m,54.0,syriana,2005,m,True,False,True,False,1,0,1,0,Acting
julie woodman,448,f,33.0,syriana,2005,m,True,False,True,False,1,0,1,0,Acting
mohammed sheik ,405,m,32.0,syriana,2005,m,True,False,True,False,1,0,1,0,Acting
mussawi,631,m,42.0,syriana,2005,m,True,False,True,False,1,0,1,0,Acting
prince nasir al,1313,m,40.0,syriana,2005,m,True,False,True,False,1,0,1,0,Acting
robby barnes,357,m,20.0,syriana,2005,m,True,False,True,False,1,0,1,0,Acting
stan,466,m,55.0,syriana,2005,m,True,False,True,False,1,0,1,0,Acting
sydney hewitt,978,m,60.0,syriana,2005,m,True,False,True,False,1,0,1,0,Acting
terry,372,m,54.0,syriana,2005,m,True,False,True,False,1,0,1,0,Acting
tommy barton,311,m,64.0,syriana,2005,m,True,False,True,False,1,0,1,0,Acting
willy,253,m,31.0,syriana,2005,m,True,False,True,False,1,0,1,0,Acting
alvin maccarron,728,m,68.0,the talented mr ripley,1999,m,True,False,False,False,1,0,0,0,Acting
aunt joan,116,f,48.0,the talented mr ripley,1999,m,True,False,False,False,1,0,0,0,Acting
colonnello verr,370,m,53.0,the talented mr ripley,1999,m,True,False,False,False,1,0,0,0,Acting
dickie greenlea,3694,m,27.0,the talented mr ripley,1999,m,True,False,False,False,1,0,0,0,Acting
freddie miles,958,m,32.0,the talented mr ripley,1999,m,True,False,False,False,1,0,0,0,Acting
herbert greenle,972,m,51.0,the talented mr ripley,1999,m,True,False,False,False,1,0,0,0,Acting
inspector rover,720,m,40.0,the talented mr ripley,1999,m,True,False,False,False,1,0,0,0,Acting
marge sherwood,2886,f,27.0,the talented mr ripley,1999,m,True,False,False,False,1,0,0,0,Acting
meredith logue,1326,f,30.0,the talented mr ripley,1999,m,True,False,False,False,1,0,0,0,Acting
peter smith-kin,1844,m,26.0,the talented mr ripley,1999,m,True,False,False,False,1,0,0,0,Acting
silvana,104,f,28.0,the talented mr ripley,1999,m,True,False,False,False,1,0,0,0,Acting
tom ripley,8446,m,29.0,the talented mr ripley,1999,m,True,False,False,False,1,0,0,0,Acting
betsy,2254,f,26.0,taxi driver,1976,f,True,True,False,False,1,1,0,0,Acting
charles palanti,550,m,47.0,taxi driver,1976,f,True,True,False,False,1,1,0,0,Acting
doughboy,552,m,36.0,taxi driver,1976,f,True,True,False,False,1,1,0,0,Acting
iris,1366,f,14.0,taxi driver,1976,f,True,True,False,False,1,1,0,0,Acting
personnel offic,310,m,40.0,taxi driver,1976,f,True,True,False,False,1,1,0,0,Acting
sport,632,m,37.0,taxi driver,1976,f,True,True,False,False,1,1,0,0,Acting
tom,882,m,29.0,taxi driver,1976,f,True,True,False,False,1,1,0,0,Acting
travis bickle,7438,m,33.0,taxi driver,1976,f,True,True,False,False,1,1,0,0,Acting
wizard,1498,m,41.0,taxi driver,1976,f,True,True,False,False,1,1,0,0,Acting
darryl,324,m,36.0,thelma  louise,1991,f,False,True,False,False,0,2,0,0,Acting
hal,1696,m,52.0,thelma  louise,1991,f,False,True,False,False,0,2,0,0,Acting
harlan,269,m,38.0,thelma  louise,1991,f,False,True,False,False,0,2,0,0,Acting
j.d.,688,m,28.0,thelma  louise,1991,f,False,True,False,False,0,2,0,0,Acting
jimmy,1072,m,33.0,thelma  louise,1991,f,False,True,False,False,0,2,0,0,Acting
"lena, the waitr",184,f,37.0,thelma  louise,1991,f,False,True,False,False,0,2,0,0,Acting
louise,4636,f,45.0,thelma  louise,1991,f,False,True,False,False,0,2,0,0,Acting
max,389,m,40.0,thelma  louise,1991,f,False,True,False,False,0,2,0,0,Acting
thelma,4763,f,35.0,thelma  louise,1991,f,False,True,False,False,0,2,0,0,Acting
bill haydon,605,m,51.0,tinker tailor soldier spy,2011,m,True,False,False,False,1,0,0,0,Acting
connie sachs,565,f,47.0,tinker tailor soldier spy,2011,m,True,False,False,False,1,0,0,0,Acting
control,476,m,71.0,tinker tailor soldier spy,2011,m,True,False,False,False,1,0,0,0,Acting
george smiley,2756,m,53.0,tinker tailor soldier spy,2011,m,True,False,False,False,1,0,0,0,Acting
jerry westerby,306,m,38.0,tinker tailor soldier spy,2011,m,True,False,False,False,1,0,0,0,Acting
jim prideaux,608,m,48.0,tinker tailor soldier spy,2011,m,True,False,False,False,1,0,0,0,Acting
mendel,296,m,67.0,tinker tailor soldier spy,2011,m,True,False,False,False,1,0,0,0,Acting
minister,260,m,44.0,tinker tailor soldier spy,2011,m,True,False,False,False,1,0,0,0,Acting
oliver lacon,564,m,54.0,tinker tailor soldier spy,2011,m,True,False,False,False,1,0,0,0,Acting
percy alleline,574,m,44.0,tinker tailor soldier spy,2011,m,True,False,False,False,1,0,0,0,Acting
peter guillam,821,m,35.0,tinker tailor soldier spy,2011,m,True,False,False,False,1,0,0,0,Acting
polyakov,108,m,39.0,tinker tailor soldier spy,2011,m,True,False,False,False,1,0,0,0,Acting
ricki tarr,927,m,34.0,tinker tailor soldier spy,2011,m,True,False,False,False,1,0,0,0,Acting
roy bland,243,m,58.0,tinker tailor soldier spy,2011,m,True,False,False,False,1,0,0,0,Acting
toby esterhase,285,m,37.0,tinker tailor soldier spy,2011,m,True,False,False,False,1,0,0,0,Acting
det. alonzo har,5438,m,47.0,training day,2001,m,True,False,True,False,2,0,1,0,Acting
doug rosselli,212,m,64.0,training day,2001,m,True,False,True,False,2,0,1,0,Acting
jake hoyt,1961,m,31.0,training day,2001,m,True,False,True,False,2,0,1,0,Acting
letty,104,f,22.0,training day,2001,m,True,False,True,False,2,0,1,0,Acting
moreno,163,m,31.0,training day,2001,m,True,False,True,False,2,0,1,0,Acting
paul,154,m,36.0,training day,2001,m,True,False,True,False,2,0,1,0,Acting
roger,363,m,60.0,training day,2001,m,True,False,True,False,2,0,1,0,Acting
smiley,623,m,33.0,training day,2001,m,True,False,True,False,2,0,1,0,Acting
sniper,130,m,40.0,training day,2001,m,True,False,True,False,2,0,1,0,Acting
alex goran,1376,f,36.0,up in the air,2009,m,True,True,False,False,1,2,0,0,Acting
craig gregory,854,m,40.0,up in the air,2009,m,True,True,False,False,1,2,0,0,Acting
jim miller,326,m,33.0,up in the air,2009,m,True,True,False,False,1,2,0,0,Acting
julie bingham,221,f,32.0,up in the air,2009,m,True,True,False,False,1,2,0,0,Acting
karen barnes,106,f,35.0,up in the air,2009,m,True,True,False,False,1,2,0,0,Acting
kevin,138,m,25.0,up in the air,2009,m,True,True,False,False,1,2,0,0,Acting
natalie keener,2544,f,24.0,up in the air,2009,m,True,True,False,False,1,2,0,0,Acting
ryan bingham,5877,m,48.0,up in the air,2009,m,True,True,False,False,1,2,0,0,Acting
bishop brophy,598,m,66.0,the verdict,1982,m,True,False,False,False,2,0,0,0,Acting
dr. gruber,582,m,35.0,the verdict,1982,m,True,False,False,False,2,0,0,0,Acting
dr. towler,196,m,69.0,the verdict,1982,m,True,False,False,False,2,0,0,0,Acting
ed concannon,3272,m,73.0,the verdict,1982,m,True,False,False,False,2,0,0,0,Acting
frank galvin,9462,m,57.0,the verdict,1982,m,True,False,False,False,2,0,0,0,Acting
joseph alito,676,m,42.0,the verdict,1982,m,True,False,False,False,2,0,0,0,Acting
judge hoyle,1516,m,56.0,the verdict,1982,m,True,False,False,False,2,0,0,0,Acting
laura fischer,1026,f,36.0,the verdict,1982,m,True,False,False,False,2,0,0,0,Acting
mickey morrisse,3136,m,62.0,the verdict,1982,m,True,False,False,False,2,0,0,0,Acting
sally doneghy,350,f,30.0,the verdict,1982,m,True,False,False,False,2,0,0,0,Acting
amy cain,168,f,30.0,wag the dog,1997,m,True,False,False,False,1,0,0,0,Acting
cia agent charl,400,m,47.0,wag the dog,1997,m,True,False,False,False,1,0,0,0,Acting
conrad brean,7838,m,54.0,wag the dog,1997,m,True,False,False,False,1,0,0,0,Acting
fad king,584,m,40.0,wag the dog,1997,m,True,False,False,False,1,0,0,0,Acting
grace,136,f,39.0,wag the dog,1997,m,True,False,False,False,1,0,0,0,Acting
john levy,286,m,34.0,wag the dog,1997,m,True,False,False,False,1,0,0,0,Acting
liz butsky,372,f,50.0,wag the dog,1997,m,True,False,False,False,1,0,0,0,Acting
senator cole,276,m,80.0,wag the dog,1997,m,True,False,False,False,1,0,0,0,Acting
stanley motss,5786,m,60.0,wag the dog,1997,m,True,False,False,False,1,0,0,0,Acting
white house rep,270,m,55.0,wag the dog,1997,m,True,False,False,False,1,0,0,0,Acting
winifred ames,3320,f,28.0,wag the dog,1997,m,True,False,False,False,1,0,0,0,Acting
bud fox,10152,m,22.0,wall street,1987,m,True,False,True,False,1,0,1,0,Acting
carl fox,2390,m,47.0,wall street,1987,m,True,False,True,False,1,0,1,0,Acting
charlie,318,m,52.0,wall street,1987,m,True,False,True,False,1,0,1,0,Acting
cromwell,558,m,58.0,wall street,1987,m,True,False,True,False,1,0,1,0,Acting
darien taylor,2210,f,27.0,wall street,1987,m,True,False,True,False,1,0,1,0,Acting
duncan wilmore,270,m,45.0,wall street,1987,m,True,False,True,False,1,0,1,0,Acting
gordon gekko,8746,m,43.0,wall street,1987,m,True,False,True,False,1,0,1,0,Acting
harold salt,372,m,39.0,wall street,1987,m,True,False,True,False,1,0,1,0,Acting
kate gekko,296,f,28.0,wall street,1987,m,True,False,True,False,1,0,1,0,Acting
lou mannheim,634,m,62.0,wall street,1987,m,True,False,True,False,1,0,1,0,Acting
lynch,626,m,64.0,wall street,1987,m,True,False,True,False,1,0,1,0,Acting
marvin,1346,m,28.0,wall street,1987,m,True,False,True,False,1,0,1,0,Acting
ollie,120,m,41.0,wall street,1987,m,True,False,True,False,1,0,1,0,Acting
sir larry wildm,656,m,49.0,wall street,1987,m,True,False,True,False,1,0,1,0,Acting
tv business ana,114,m,55.0,wall street,1987,m,True,False,True,False,1,0,1,0,Acting
brendan conlon,1990,m,37.0,warrior,2011,m,True,False,False,False,1,0,0,0,Acting
bryan callen,1902,m,44.0,warrior,2011,m,True,False,False,False,1,0,0,0,Acting
Dan Taylor,212,m,46.0,warrior,2011,m,True,False,False,False,1,0,0,0,Acting
frank campana,876,m,48.0,warrior,2011,m,True,False,False,False,1,0,0,0,Acting
j.j. riley,204,m,47.0,warrior,2011,m,True,False,False,False,1,0,0,0,Acting
mark bradford,172,m,29.0,warrior,2011,m,True,False,False,False,1,0,0,0,Acting
paddy conlon,1086,m,70.0,warrior,2011,m,True,False,False,False,1,0,0,0,Acting
pilar fernandez,141,f,32.0,warrior,2011,m,True,False,False,False,1,0,0,0,Acting
Principal Zito,319,m,55.0,warrior,2011,m,True,False,False,False,1,0,0,0,Acting
tess conlon,536,f,32.0,warrior,2011,m,True,False,False,False,1,0,0,0,Acting
tommy conlon,1374,m,34.0,warrior,2011,m,True,False,False,False,1,0,0,0,Acting
beany thorn    ,172,f,24.0,wild at heart,1990,f,False,True,False,False,0,1,0,0,Acting
bobby peru,2450,m,35.0,wild at heart,1990,f,False,True,False,False,0,1,0,0,Acting
buddy,382,m,30.0,wild at heart,1990,f,False,True,False,False,0,1,0,0,Acting
chet       (sce,268,m,59.0,wild at heart,1990,f,False,True,False,False,0,1,0,0,Acting
george kovich,992,m,63.0,wild at heart,1990,f,False,True,False,False,0,1,0,0,Acting
good witch,118,f,23.0,wild at heart,1990,f,False,True,False,False,0,1,0,0,Acting
hotel manager,142,m,57.0,wild at heart,1990,f,False,True,False,False,0,1,0,0,Acting
johnnie farragu,1710,m,64.0,wild at heart,1990,f,False,True,False,False,0,1,0,0,Acting
juana durango,474,f,49.0,wild at heart,1990,f,False,True,False,False,0,1,0,0,Acting
lula fortune,9884,f,23.0,wild at heart,1990,f,False,True,False,False,0,1,0,0,Acting
marcelles santo,1136,m,44.0,wild at heart,1990,f,False,True,False,False,0,1,0,0,Acting
marietta fortun,2930,f,55.0,wild at heart,1990,f,False,True,False,False,0,1,0,0,Acting
mr. reindeer,328,m,58.0,wild at heart,1990,f,False,True,False,False,0,1,0,0,Acting
perdita durango,436,f,38.0,wild at heart,1990,f,False,True,False,False,0,1,0,0,Acting
reggie,1088,m,56.0,wild at heart,1990,f,False,True,False,False,0,1,0,0,Acting
sailor ripley,8050,m,26.0,wild at heart,1990,f,False,True,False,False,0,1,0,0,Acting
brad,199,m,36.0,the wolf of wall street,2013,m,True,False,False,False,2,0,0,0,Acting
captain ted bee,150,m,44.0,the wolf of wall street,2013,m,True,False,False,False,2,0,0,0,Acting
donnie azoff,1412,m,30.0,the wolf of wall street,2013,m,True,False,False,False,2,0,0,0,Acting
dwayne,114,m,44.0,the wolf of wall street,2013,m,True,False,False,False,2,0,0,0,Acting
jean jacques sa,375,m,41.0,the wolf of wall street,2013,m,True,False,False,False,2,0,0,0,Acting
jordan belfort,11718,m,39.0,the wolf of wall street,2013,m,True,False,False,False,2,0,0,0,Acting
manny riskin,168,m,47.0,the wolf of wall street,2013,m,True,False,False,False,2,0,0,0,Acting
mark hanna,422,m,44.0,the wolf of wall street,2013,m,True,False,False,False,2,0,0,0,Acting
max belfort,274,m,66.0,the wolf of wall street,2013,m,True,False,False,False,2,0,0,0,Acting
naomi lapaglia,1281,f,23.0,the wolf of wall street,2013,m,True,False,False,False,2,0,0,0,Acting
nicky koskoff (,257,m,39.0,the wolf of wall street,2013,m,True,False,False,False,2,0,0,0,Acting
steve madden,203,m,32.0,the wolf of wall street,2013,m,True,False,False,False,2,0,0,0,Acting
teresa petrillo,150,f,28.0,the wolf of wall street,2013,m,True,False,False,False,2,0,0,0,Acting
cassidy,2264,f,44.0,the wrestler,2008,f,True,True,False,False,1,1,0,0,Acting
nick volpe,340,m,38.0,the wrestler,2008,f,True,True,False,False,1,1,0,0,Acting
randy 'the ram',5220,m,56.0,the wrestler,2008,f,True,True,False,False,1,1,0,0,Acting
scott brumberg,294,m,39.0,the wrestler,2008,f,True,True,False,False,1,1,0,0,Acting
stephanie,1128,f,21.0,the wrestler,2008,f,True,True,False,False,1,1,0,0,Acting
the ayatollah,304,m,44.0,the wrestler,2008,f,True,True,False,False,1,1,0,0,Acting
wayne,278,m,44.0,the wrestler,2008,f,True,True,False,False,1,1,0,0,Acting
bob steegerson,780,m,39.0,you can count on me,2000,f,False,True,False,False,0,1,0,0,Acting
brian everett,2434,m,38.0,you can count on me,2000,f,False,True,False,False,0,1,0,0,Acting
ron,868,m,38.0,you can count on me,2000,f,False,True,False,False,0,1,0,0,Acting
rudy prescott,1172,m,11.0,you can count on me,2000,f,False,True,False,False,0,1,0,0,Acting
samantha 'sammy,8146,f,36.0,you can count on me,2000,f,False,True,False,False,0,1,0,0,Acting
sheila,176,f,18.0,you can count on me,2000,f,False,True,False,False,0,1,0,0,Acting
sheriff darryl,346,m,50.0,you can count on me,2000,f,False,True,False,False,0,1,0,0,Acting
terry prescott,8422,m,33.0,you can count on me,2000,f,False,True,False,False,0,1,0,0,Acting
c.i.a. director,261,m,51.0,zero dark thirty,2012,f,False,True,False,False,0,1,0,0,Acting
dan,2656,m,43.0,zero dark thirty,2012,f,False,True,False,False,0,1,0,0,Acting
debbie,136,f,29.0,zero dark thirty,2012,f,False,True,False,False,0,1,0,0,Acting
george,1025,m,49.0,zero dark thirty,2012,f,False,True,False,False,0,1,0,0,Acting
hakim,240,m,39.0,zero dark thirty,2012,f,False,True,False,False,0,1,0,0,Acting
hassan ghul,137,m,65.0,zero dark thirty,2012,f,False,True,False,False,0,1,0,0,Acting
jack,389,m,49.0,zero dark thirty,2012,f,False,True,False,False,0,1,0,0,Acting
jeremy,227,m,45.0,zero dark thirty,2012,f,False,True,False,False,0,1,0,0,Acting
jessica,1141,f,43.0,zero dark thirty,2012,f,False,True,False,False,0,1,0,0,Acting
joseph bradley,631,m,47.0,zero dark thirty,2012,f,False,True,False,False,0,1,0,0,Acting
justin - devgru,394,m,33.0,zero dark thirty,2012,f,False,True,False,False,0,1,0,0,Acting
larry from grou,337,m,35.0,zero dark thirty,2012,f,False,True,False,False,0,1,0,0,Acting
maya,3787,f,35.0,zero dark thirty,2012,f,False,True,False,False,0,1,0,0,Acting
national securi,313,m,55.0,zero dark thirty,2012,f,False,True,False,False,0,1,0,0,Acting
patrick - squad,228,m,38.0,zero dark thirty,2012,f,False,True,False,False,0,1,0,0,Acting
saber - devgru,128,m,37.0,zero dark thirty,2012,f,False,True,False,False,0,1,0,0,Acting
squadron comman,124,m,49.0,zero dark thirty,2012,f,False,True,False,False,0,1,0,0,Acting
steve,366,m,36.0,zero dark thirty,2012,f,False,True,False,False,0,1,0,0,Acting
the wolf,121,m,53.0,zero dark thirty,2012,f,False,True,False,False,0,1,0,0,Acting
andrew 'pope' c,1059,m,41.0,animal kingdom,2010,m,False,True,False,False,0,1,0,0,Acting
barry 'baz' bro,649,m,36.0,animal kingdom,2010,m,False,True,False,False,0,1,0,0,Acting
craig cody,706,m,33.0,animal kingdom,2010,m,False,True,False,False,0,1,0,0,Acting
darren cody,391,m,29.0,animal kingdom,2010,m,False,True,False,False,0,1,0,0,Acting
detective randa,201,m,33.0,animal kingdom,2010,m,False,True,False,False,0,1,0,0,Acting
detective senio,1451,m,43.0,animal kingdom,2010,m,False,True,False,False,0,1,0,0,Acting
janine 'smurf' ,1361,f,63.0,animal kingdom,2010,m,False,True,False,False,0,1,0,0,Acting
bob's girlfrien,1866,f,25.0,the assassination of jesse james by the coward robert ford,2007,m,True,False,False,False,1,0,0,0,Acting
bowery saloon s,115,m,50.0,the assassination of jesse james by the coward robert ford,2007,m,True,False,False,False,1,0,0,0,Acting
charley ford,1163,m,39.0,the assassination of jesse james by the coward robert ford,2007,m,True,False,False,False,1,0,0,0,Acting
dick liddil,719,m,31.0,the assassination of jesse james by the coward robert ford,2007,m,True,False,False,False,1,0,0,0,Acting
ed miller,141,m,43.0,the assassination of jesse james by the coward robert ford,2007,m,True,False,False,False,1,0,0,0,Acting
frank james,249,m,64.0,the assassination of jesse james by the coward robert ford,2007,m,True,False,False,False,1,0,0,0,Acting
governor critte,327,m,63.0,the assassination of jesse james by the coward robert ford,2007,m,True,False,False,False,1,0,0,0,Acting
henry craig,154,m,67.0,the assassination of jesse james by the coward robert ford,2007,m,True,False,False,False,1,0,0,0,Acting
jesse james,2206,m,44.0,the assassination of jesse james by the coward robert ford,2007,m,True,False,False,False,1,0,0,0,Acting
martha bolton,117,f,37.0,the assassination of jesse james by the coward robert ford,2007,m,True,False,False,False,1,0,0,0,Acting
sarah hite,130,f,27.0,the assassination of jesse james by the coward robert ford,2007,m,True,False,False,False,1,0,0,0,Acting
wood hite,260,m,36.0,the assassination of jesse james by the coward robert ford,2007,m,True,False,False,False,1,0,0,0,Acting
"briony tallis, ",1196,f,13.0,atonement,2007,m,False,True,False,False,0,1,0,0,Acting
cecilia tallis,915,f,22.0,atonement,2007,m,False,True,False,False,0,1,0,0,Acting
emily tallis,162,f,57.0,atonement,2007,m,False,True,False,False,0,1,0,0,Acting
fiona maguire,197,f,29.0,atonement,2007,m,False,True,False,False,0,1,0,0,Acting
leon tallis,262,m,30.0,atonement,2007,m,False,True,False,False,0,1,0,0,Acting
lola quincey,298,f,18.0,atonement,2007,m,False,True,False,False,0,1,0,0,Acting
luc cornet,352,m,26.0,atonement,2007,m,False,True,False,False,0,1,0,0,Acting
older briony,430,f,70.0,atonement,2007,m,False,True,False,False,0,1,0,0,Acting
paul marshall,450,m,31.0,atonement,2007,m,False,True,False,False,0,1,0,0,Acting
robbie turner,1202,m,28.0,atonement,2007,m,False,True,False,False,0,1,0,0,Acting
sister drummond,181,f,43.0,atonement,2007,m,False,True,False,False,0,1,0,0,Acting
tommy nettle,474,m,29.0,atonement,2007,m,False,True,False,False,0,1,0,0,Acting
bobby,249,m,31.0,blue valentine,2010,m,False,True,False,False,0,1,0,0,Acting
cindy,2295,f,30.0,blue valentine,2010,m,False,True,False,False,0,1,0,0,Acting
dean,3907,m,30.0,blue valentine,2010,m,False,True,False,False,0,1,0,0,Acting
dr. feinberg,102,m,42.0,blue valentine,2010,m,False,True,False,False,0,1,0,0,Acting
frankie,157,f,6.0,blue valentine,2010,m,False,True,False,False,0,1,0,0,Acting
jerry,165,m,65.0,blue valentine,2010,m,False,True,False,False,0,1,0,0,Acting
brian roberts,959,m,30.0,cabaret,1972,f,True,True,True,True,1,1,1,1,Acting
fritz wendel,310,m,31.0,cabaret,1972,f,True,True,True,True,1,1,1,1,Acting
fräulein kost,113,f,44.0,cabaret,1972,f,True,True,True,True,1,1,1,1,Acting
natalia landaue,380,f,25.0,cabaret,1972,f,True,True,True,True,1,1,1,1,Acting
nazi with colle,108,m,19.0,cabaret,1972,f,True,True,True,True,1,1,1,1,Acting
sally bowles,2785,f,26.0,cabaret,1972,f,True,True,True,True,1,1,1,1,Acting
anouk rocher,137,f,9.0,chocolat,2000,f,False,True,False,False,0,2,0,0,Acting
armande voizin,558,f,66.0,chocolat,2000,f,False,True,False,False,0,2,0,0,Acting
caroline clairm,355,f,33.0,chocolat,2000,f,False,True,False,False,0,2,0,0,Acting
comte de reynau,1244,m,47.0,chocolat,2000,f,False,True,False,False,0,2,0,0,Acting
guillaume bléro,181,m,70.0,chocolat,2000,f,False,True,False,False,0,2,0,0,Acting
josephine musca,571,f,45.0,chocolat,2000,f,False,True,False,False,0,2,0,0,Acting
roux,463,m,37.0,chocolat,2000,f,False,True,False,False,0,2,0,0,Acting
serge muscat,640,m,47.0,chocolat,2000,f,False,True,False,False,0,2,0,0,Acting
vianne rocher,962,f,36.0,chocolat,2000,f,False,True,False,False,0,2,0,0,Acting
clint von hoose,125,m,32.0,the client,1994,f,False,True,False,False,0,1,0,0,Acting
dianne sway,365,f,30.0,the client,1994,f,False,True,False,False,0,1,0,0,Acting
dr. greenway,106,m,44.0,the client,1994,f,False,True,False,False,0,1,0,0,Acting
harry bono,282,m,52.0,the client,1994,f,False,True,False,False,0,1,0,0,Acting
jack nance,113,m,44.0,the client,1994,f,False,True,False,False,0,1,0,0,Acting
mark sway,122,m,12.0,the client,1994,f,False,True,False,False,0,1,0,0,Acting
paul gronke,212,m,36.0,the client,1994,f,False,True,False,False,0,1,0,0,Acting
reggie love,2716,f,48.0,the client,1994,f,False,True,False,False,0,1,0,0,Acting
roy foltrigg,325,m,48.0,the client,1994,f,False,True,False,False,0,1,0,0,Acting
sgt. hardy,224,m,40.0,the client,1994,f,False,True,False,False,0,1,0,0,Acting
thomas fink,231,m,35.0,the client,1994,f,False,True,False,False,0,1,0,0,Acting
doolittle lynn,3601,m,34.0,coal miners daughter,1980,f,False,True,False,True,0,1,0,1,Acting
hugh cherry,108,m,43.0,coal miners daughter,1980,f,False,True,False,True,0,1,0,1,Acting
lee dollarhide,141,m,36.0,coal miners daughter,1980,f,False,True,False,True,0,1,0,1,Acting
loretta lynn,3816,f,31.0,coal miners daughter,1980,f,False,True,False,True,0,1,0,1,Acting
patsy cline,744,f,29.0,coal miners daughter,1980,f,False,True,False,True,0,1,0,1,Acting
ted webb,565,m,40.0,coal miners daughter,1980,f,False,True,False,True,0,1,0,1,Acting
alibi,298,m,39.0,cool hand luke,1967,m,True,False,True,False,2,0,1,0,Acting
arletta,428,f,52.0,cool hand luke,1967,m,True,False,True,False,2,0,1,0,Acting
blind dick,131,m,37.0,cool hand luke,1967,m,True,False,True,False,2,0,1,0,Acting
boss godfrey,143,m,42.0,cool hand luke,1967,m,True,False,True,False,2,0,1,0,Acting
boss paul,511,m,35.0,cool hand luke,1967,m,True,False,True,False,2,0,1,0,Acting
captain,545,m,48.0,cool hand luke,1967,m,True,False,True,False,2,0,1,0,Acting
carr,482,m,46.0,cool hand luke,1967,m,True,False,True,False,2,0,1,0,Acting
dog boy,367,m,31.0,cool hand luke,1967,m,True,False,True,False,2,0,1,0,Acting
dragline,3001,m,42.0,cool hand luke,1967,m,True,False,True,False,2,0,1,0,Acting
gambler,310,m,34.0,cool hand luke,1967,m,True,False,True,False,2,0,1,0,Acting
koko,626,m,33.0,cool hand luke,1967,m,True,False,True,False,2,0,1,0,Acting
loudmouth steve,215,m,29.0,cool hand luke,1967,m,True,False,True,False,2,0,1,0,Acting
luke,2412,m,42.0,cool hand luke,1967,m,True,False,True,False,2,0,1,0,Acting
society red,538,m,45.0,cool hand luke,1967,m,True,False,True,False,2,0,1,0,Acting
tattoo,382,m,42.0,cool hand luke,1967,m,True,False,True,False,2,0,1,0,Acting
tramp,161,m,41.0,cool hand luke,1967,m,True,False,True,False,2,0,1,0,Acting
bad blake,6010,m,60.0,crazy heart,2009,f,True,True,True,False,1,1,1,0,Acting
bill wilson,150,m,71.0,crazy heart,2009,f,True,True,True,False,1,1,1,0,Acting
doctor,220,m,66.0,crazy heart,2009,f,True,True,True,False,1,1,1,0,Acting
jack greene,584,m,63.0,crazy heart,2009,f,True,True,True,False,1,1,1,0,Acting
jean craddock,1537,f,32.0,crazy heart,2009,f,True,True,True,False,1,1,1,0,Acting
manager,130,m,57.0,crazy heart,2009,f,True,True,True,False,1,1,1,0,Acting
tommy sweet,724,m,33.0,crazy heart,2009,f,True,True,True,False,1,1,1,0,Acting
tony,243,m,28.0,crazy heart,2009,f,True,True,True,False,1,1,1,0,Acting
wayne,273,m,78.0,crazy heart,2009,f,True,True,True,False,1,1,1,0,Acting
wesley barnes,183,m,54.0,crazy heart,2009,f,True,True,True,False,1,1,1,0,Acting
david wayne,170,m,43.0,dallas buyers club,2013,m,True,False,True,False,2,0,2,0,Acting
dr. vass,388,m,58.0,dallas buyers club,2013,m,True,False,True,False,2,0,2,0,Acting
eve,1016,f,41.0,dallas buyers club,2013,m,True,False,True,False,2,0,2,0,Acting
rayon,587,m,42.0,dallas buyers club,2013,m,True,False,True,False,2,0,2,0,Acting
ron woodroof,3966,m,44.0,dallas buyers club,2013,m,True,False,True,False,2,0,2,0,Acting
t.j.,149,m,37.0,dallas buyers club,2013,m,True,False,True,False,2,0,2,0,Acting
tucker,166,m,46.0,dallas buyers club,2013,m,True,False,True,False,2,0,2,0,Acting
andy sachs,4396,f,24.0,the devil wears prada,2006,f,False,True,False,False,0,1,0,0,Acting
christian thomp,783,m,37.0,the devil wears prada,2006,f,False,True,False,False,0,1,0,0,Acting
doug,146,m,28.0,the devil wears prada,2006,f,False,True,False,False,0,1,0,0,Acting
emily,1802,f,23.0,the devil wears prada,2006,f,False,True,False,False,0,1,0,0,Acting
lily,223,f,31.0,the devil wears prada,2006,f,False,True,False,False,0,1,0,0,Acting
miranda priestl,2169,f,57.0,the devil wears prada,2006,f,False,True,False,False,0,1,0,0,Acting
nate,583,m,30.0,the devil wears prada,2006,f,False,True,False,False,0,1,0,0,Acting
nigel,994,m,46.0,the devil wears prada,2006,f,False,True,False,False,0,1,0,0,Acting
richard sachs,235,m,51.0,the devil wears prada,2006,f,False,True,False,False,0,1,0,0,Acting
brenda,107,f,57.0,erin brockovich,2000,f,True,True,False,True,1,1,0,1,Acting
charles embry,312,m,53.0,erin brockovich,2000,f,True,True,False,True,1,1,0,1,Acting
donna jensen,709,f,42.0,erin brockovich,2000,f,True,True,False,True,1,1,0,1,Acting
ed masry,3214,m,64.0,erin brockovich,2000,f,True,True,False,True,1,1,0,1,Acting
erin brockovich,7415,f,33.0,erin brockovich,2000,f,True,True,False,True,1,1,0,1,Acting
george,1478,m,32.0,erin brockovich,2000,f,True,True,False,True,1,1,0,1,Acting
kurt potter,233,m,59.0,erin brockovich,2000,f,True,True,False,True,1,1,0,1,Acting
matthew brockov,101,m,10.0,erin brockovich,2000,f,True,True,False,True,1,1,0,1,Acting
pamela duncan,406,f,44.0,erin brockovich,2000,f,True,True,False,True,1,1,0,1,Acting
ted daniels,102,m,39.0,erin brockovich,2000,f,True,True,False,True,1,1,0,1,Acting
theresa dallava,172,f,37.0,erin brockovich,2000,f,True,True,False,True,1,1,0,1,Acting
burke dennings,106,m,55.0,the exorcist,1973,f,True,True,False,False,1,2,0,0,Acting
chris macneil,2200,f,41.0,the exorcist,1973,f,True,True,False,False,1,2,0,0,Acting
dr. barringer -,172,m,39.0,the exorcist,1973,f,True,True,False,False,1,2,0,0,Acting
dr. klein,530,m,36.0,the exorcist,1973,f,True,True,False,False,1,2,0,0,Acting
father karras,1520,m,34.0,the exorcist,1973,f,True,True,False,False,1,2,0,0,Acting
father merrin,896,m,44.0,the exorcist,1973,f,True,True,False,False,1,2,0,0,Acting
karras' uncle,154,m,56.0,the exorcist,1973,f,True,True,False,False,1,2,0,0,Acting
psychiatrist,118,m,48.0,the exorcist,1973,f,True,True,False,False,1,2,0,0,Acting
regan,404,f,14.0,the exorcist,1973,f,True,True,False,False,1,2,0,0,Acting
sharon,161,f,29.0,the exorcist,1973,f,True,True,False,False,1,2,0,0,Acting
cathy whitaker,4731,f,42.0,far from heaven,2002,f,False,True,False,False,0,1,0,0,Acting
david whitaker,348,m,12.0,far from heaven,2002,f,False,True,False,False,0,1,0,0,Acting
dr. bowman,341,m,54.0,far from heaven,2002,f,False,True,False,False,0,1,0,0,Acting
eleanor fine,906,f,43.0,far from heaven,2002,f,False,True,False,False,0,1,0,0,Acting
frank whitaker,1399,m,48.0,far from heaven,2002,f,False,True,False,False,0,1,0,0,Acting
janice whitaker,205,f,10.0,far from heaven,2002,f,False,True,False,False,0,1,0,0,Acting
mrs. leacock,177,f,78.0,far from heaven,2002,f,False,True,False,False,0,1,0,0,Acting
raymond deagan,1239,m,48.0,far from heaven,2002,f,False,True,False,False,0,1,0,0,Acting
stan fine,107,m,40.0,far from heaven,2002,f,False,True,False,False,0,1,0,0,Acting
sybil,384,f,37.0,far from heaven,2002,f,False,True,False,False,0,1,0,0,Acting
anne,1624,f,43.0,the fisher king,1991,m,True,True,False,True,1,1,0,1,Acting
doctor,308,m,43.0,the fisher king,1991,m,True,True,False,True,1,1,0,1,Acting
edwin,119,m,33.0,the fisher king,1991,m,True,True,False,True,1,1,0,1,Acting
jack,2907,m,42.0,the fisher king,1991,m,True,True,False,True,1,1,0,1,Acting
lydia,696,f,34.0,the fisher king,1991,m,True,True,False,True,1,1,0,1,Acting
news reporter,153,m,36.0,the fisher king,1991,m,True,True,False,True,1,1,0,1,Acting
parry,1911,m,40.0,the fisher king,1991,m,True,True,False,True,1,1,0,1,Acting
sondra,128,f,29.0,the fisher king,1991,m,True,True,False,True,1,1,0,1,Acting
big george,147,m,39.0,fried green tomatoes,1991,f,False,True,False,False,0,1,0,0,Acting
buddy threadgoo,232,m,21.0,fried green tomatoes,1991,f,False,True,False,False,0,1,0,0,Acting
ed couch,212,m,45.0,fried green tomatoes,1991,f,False,True,False,False,0,1,0,0,Acting
evelyn couch,1611,f,43.0,fried green tomatoes,1991,f,False,True,False,False,0,1,0,0,Acting
grady kilgore,767,m,32.0,fried green tomatoes,1991,f,False,True,False,False,0,1,0,0,Acting
idgie threadgoo,2590,f,25.0,fried green tomatoes,1991,f,False,True,False,False,0,1,0,0,Acting
janeen,227,f,42.0,fried green tomatoes,1991,f,False,True,False,False,0,1,0,0,Acting
mama threadgood,144,f,61.0,fried green tomatoes,1991,f,False,True,False,False,0,1,0,0,Acting
ninny threadgoo,2144,f,82.0,fried green tomatoes,1991,f,False,True,False,False,0,1,0,0,Acting
prosecutor perc,142,m,59.0,fried green tomatoes,1991,f,False,True,False,False,0,1,0,0,Acting
reverend scrogg,237,m,43.0,fried green tomatoes,1991,f,False,True,False,False,0,1,0,0,Acting
ruth jamison,1258,f,27.0,fried green tomatoes,1991,f,False,True,False,False,0,1,0,0,Acting
sipsey,596,f,67.0,fried green tomatoes,1991,f,False,True,False,False,0,1,0,0,Acting
sue otis,109,f,40.0,fried green tomatoes,1991,f,False,True,False,False,0,1,0,0,Acting
teacher,117,f,47.0,fried green tomatoes,1991,f,False,True,False,False,0,1,0,0,Acting
barzini,196,m,62.0,the godfather,1972,m,True,False,True,False,4,0,1,0,Acting
bonasera,377,m,59.0,the godfather,1972,m,True,False,True,False,4,0,1,0,Acting
capt. mccluskey,199,m,56.0,the godfather,1972,m,True,False,True,False,4,0,1,0,Acting
carlo,134,m,29.0,the godfather,1972,m,True,False,True,False,4,0,1,0,Acting
clemenza,856,m,39.0,the godfather,1972,m,True,False,True,False,4,0,1,0,Acting
connie,308,f,26.0,the godfather,1972,m,True,False,True,False,4,0,1,0,Acting
don vito corleo,2321,m,48.0,the godfather,1972,m,True,False,True,False,4,0,1,0,Acting
fredo,186,m,37.0,the godfather,1972,m,True,False,True,False,4,0,1,0,Acting
jack woltz,178,m,65.0,the godfather,1972,m,True,False,True,False,4,0,1,0,Acting
johnny fontane,126,m,45.0,the godfather,1972,m,True,False,True,False,4,0,1,0,Acting
kay adams,499,f,26.0,the godfather,1972,m,True,False,True,False,4,0,1,0,Acting
mama corleone,155,f,42.0,the godfather,1972,m,True,False,True,False,4,0,1,0,Acting
michael corleon,2812,m,32.0,the godfather,1972,m,True,False,True,False,4,0,1,0,Acting
moe greene,229,m,36.0,the godfather,1972,m,True,False,True,False,4,0,1,0,Acting
paulie gatto,109,m,35.0,the godfather,1972,m,True,False,True,False,4,0,1,0,Acting
sollozzo,752,m,44.0,the godfather,1972,m,True,False,True,False,4,0,1,0,Acting
sonny corleone,1494,m,32.0,the godfather,1972,m,True,False,True,False,4,0,1,0,Acting
tessio,334,m,51.0,the godfather,1972,m,True,False,True,False,4,0,1,0,Acting
tom hagen,1576,m,41.0,the godfather,1972,m,True,False,True,False,4,0,1,0,Acting
al neri,341,m,37.0,the godfather part ii,1974,m,True,True,True,False,4,1,1,0,Acting
carmine rosato,299,m,40.0,the godfather part ii,1974,m,True,True,True,False,4,1,1,0,Acting
connie corleone,644,f,28.0,the godfather part ii,1974,m,True,True,True,False,4,1,1,0,Acting
deanna corleone,270,f,33.0,the godfather part ii,1974,m,True,True,True,False,4,1,1,0,Acting
f.b.i. man #1,135,m,48.0,the godfather part ii,1974,m,True,True,True,False,4,1,1,0,Acting
fanucci,116,m,45.0,the godfather part ii,1974,m,True,True,True,False,4,1,1,0,Acting
frankie pentang,1457,m,51.0,the godfather part ii,1974,m,True,True,True,False,4,1,1,0,Acting
fredo corleone,1457,m,39.0,the godfather part ii,1974,m,True,True,True,False,4,1,1,0,Acting
genco,332,m,22.0,the godfather part ii,1974,m,True,True,True,False,4,1,1,0,Acting
johnny ola,286,m,43.0,the godfather part ii,1974,m,True,True,True,False,4,1,1,0,Acting
kay,972,f,28.0,the godfather part ii,1974,m,True,True,True,False,4,1,1,0,Acting
michael,5163,m,34.0,the godfather part ii,1974,m,True,True,True,False,4,1,1,0,Acting
rocco lampone,185,m,46.0,the godfather part ii,1974,m,True,True,True,False,4,1,1,0,Acting
sandra corleone,254,f,30.0,the godfather part ii,1974,m,True,True,True,False,4,1,1,0,Acting
senator #1,582,m,52.0,the godfather part ii,1974,m,True,True,True,False,4,1,1,0,Acting
signor roberto,185,m,57.0,the godfather part ii,1974,m,True,True,True,False,4,1,1,0,Acting
sonny corleone,138,m,34.0,the godfather part ii,1974,m,True,True,True,False,4,1,1,0,Acting
tom hagen,2368,m,43.0,the godfather part ii,1974,m,True,True,True,False,4,1,1,0,Acting
vito corleone,1026,m,31.0,the godfather part ii,1974,m,True,True,True,False,4,1,1,0,Acting
young clemenza,616,m,25.0,the godfather part ii,1974,m,True,True,True,False,4,1,1,0,Acting
bert gordon,2158,m,34.0,the hustler,1961,f,True,True,False,False,3,1,0,0,Acting
big john,188,m,34.0,the hustler,1961,f,True,True,False,False,3,1,0,0,Acting
charlie burns,808,m,53.0,the hustler,1961,f,True,True,False,False,3,1,0,0,Acting
eddie felson,4259,m,36.0,the hustler,1961,f,True,True,False,False,3,1,0,0,Acting
findley,384,m,38.0,the hustler,1961,f,True,True,False,False,3,1,0,0,Acting
minnesota fats,296,m,45.0,the hustler,1961,f,True,True,False,False,3,1,0,0,Acting
sarah packard,1491,f,29.0,the hustler,1961,f,True,True,False,False,3,1,0,0,Acting
angie,148,f,24.0,in the valley of elah,2007,f,True,False,False,False,1,0,0,0,Acting
arnold bickman,138,m,67.0,in the valley of elah,2007,f,True,False,False,False,1,0,0,0,Acting
chief buchwald,257,m,39.0,in the valley of elah,2007,f,True,False,False,False,1,0,0,0,Acting
corporal steve ,601,m,29.0,in the valley of elah,2007,f,True,False,False,False,1,0,0,0,Acting
det. emily sand,2127,f,32.0,in the valley of elah,2007,f,True,False,False,False,1,0,0,0,Acting
detective hodge,116,m,46.0,in the valley of elah,2007,f,True,False,False,False,1,0,0,0,Acting
evie,138,f,55.0,in the valley of elah,2007,f,True,False,False,False,1,0,0,0,Acting
hank deerfield,2618,m,61.0,in the valley of elah,2007,f,True,False,False,False,1,0,0,0,Acting
joan deerfield,242,f,61.0,in the valley of elah,2007,f,True,False,False,False,1,0,0,0,Acting
lt. burke,117,m,40.0,in the valley of elah,2007,f,True,False,False,False,1,0,0,0,Acting
lt. kirklander,422,m,41.0,in the valley of elah,2007,f,True,False,False,False,1,0,0,0,Acting
medical examine,115,m,48.0,in the valley of elah,2007,f,True,False,False,False,1,0,0,0,Acting
mike deerfield,191,m,25.0,in the valley of elah,2007,f,True,False,False,False,1,0,0,0,Acting
private robert ,126,m,27.0,in the valley of elah,2007,f,True,False,False,False,1,0,0,0,Acting
spc. ennis long,123,m,27.0,in the valley of elah,2007,f,True,False,False,False,1,0,0,0,Acting
spc. gordon bon,382,m,25.0,in the valley of elah,2007,f,True,False,False,False,1,0,0,0,Acting
bridget von ham,1190,f,33.0,inglourious basterds,2009,f,True,False,True,False,1,0,1,0,Acting
col. hans landa,3863,m,53.0,inglourious basterds,2009,f,True,False,True,False,1,0,1,0,Acting
fredrick zoller,1000,m,31.0,inglourious basterds,2009,f,True,False,True,False,1,0,1,0,Acting
gen. ed fenech,534,m,46.0,inglourious basterds,2009,f,True,False,True,False,1,0,1,0,Acting
german soldier,212,m,44.0,inglourious basterds,2009,f,True,False,True,False,1,0,1,0,Acting
hitler,349,m,47.0,inglourious basterds,2009,f,True,False,True,False,1,0,1,0,Acting
joseph goebbels,707,m,51.0,inglourious basterds,2009,f,True,False,True,False,1,0,1,0,Acting
lt. aldo raine,2018,m,46.0,inglourious basterds,2009,f,True,False,True,False,1,0,1,0,Acting
lt. archie hico,943,m,32.0,inglourious basterds,2009,f,True,False,True,False,1,0,1,0,Acting
major hellstrom,555,m,33.0,inglourious basterds,2009,f,True,False,True,False,1,0,1,0,Acting
marcel,315,m,32.0,inglourious basterds,2009,f,True,False,True,False,1,0,1,0,Acting
narrator,464,m,61.0,inglourious basterds,2009,f,True,False,True,False,1,0,1,0,Acting
perrier lapadit,472,m,33.0,inglourious basterds,2009,f,True,False,True,False,1,0,1,0,Acting
pola negri,210,m,28.0,inglourious basterds,2009,f,True,False,True,False,1,0,1,0,Acting
pvt. butz,161,m,37.0,inglourious basterds,2009,f,True,False,True,False,1,0,1,0,Acting
sgt. donny dono,662,m,37.0,inglourious basterds,2009,f,True,False,True,False,1,0,1,0,Acting
shosanna,1498,f,26.0,inglourious basterds,2009,f,True,False,True,False,1,0,1,0,Acting
ali,1021,f,21.0,the karate kid,1984,m,True,False,False,False,1,0,0,0,Acting
daniel,2518,m,23.0,the karate kid,1984,m,True,False,False,False,1,0,0,0,Acting
freddy,133,m,21.0,the karate kid,1984,m,True,False,False,False,1,0,0,0,Acting
kreese,657,m,38.0,the karate kid,1984,m,True,False,False,False,1,0,0,0,Acting
lucille,987,f,37.0,the karate kid,1984,m,True,False,False,False,1,0,0,0,Acting
miyagi,1996,m,52.0,the karate kid,1984,m,True,False,False,False,1,0,0,0,Acting
referee,688,m,45.0,the karate kid,1984,m,True,False,False,False,1,0,0,0,Acting
ring announcer,256,m,50.0,the karate kid,1984,m,True,False,False,False,1,0,0,0,Acting
billy kramer,839,m,8.0,kramer vs kramer,1979,m,True,True,True,True,2,2,1,1,Acting
gressen,468,m,48.0,kramer vs kramer,1979,m,True,True,True,True,2,2,1,1,Acting
interviewer,142,m,35.0,kramer vs kramer,1979,m,True,True,True,True,2,2,1,1,Acting
jim o'connor,809,m,50.0,kramer vs kramer,1979,m,True,True,True,True,2,2,1,1,Acting
joanna kramer,1528,f,30.0,kramer vs kramer,1979,m,True,True,True,True,2,2,1,1,Acting
john shaunessy,1094,m,66.0,kramer vs kramer,1979,m,True,True,True,True,2,2,1,1,Acting
judge atkins,123,m,68.0,kramer vs kramer,1979,m,True,True,True,True,2,2,1,1,Acting
phyllis bernard,350,f,31.0,kramer vs kramer,1979,m,True,True,True,True,2,2,1,1,Acting
surgeon,136,m,46.0,kramer vs kramer,1979,m,True,True,True,True,2,2,1,1,Acting
ted kramer,5336,m,42.0,kramer vs kramer,1979,m,True,True,True,True,2,2,1,1,Acting
brad adamson,1552,m,33.0,little children,2006,m,True,True,False,False,1,1,0,0,Acting
icu counselor,138,m,59.0,little children,2006,m,True,True,False,False,1,1,0,0,Acting
jean,113,f,62.0,little children,2006,m,True,True,False,False,1,1,0,0,Acting
kathy adamson,503,f,36.0,little children,2006,m,True,True,False,False,1,1,0,0,Acting
larry hedges,686,m,41.0,little children,2006,m,True,True,False,False,1,1,0,0,Acting
lucy pierce,272,f,4.0,little children,2006,m,True,True,False,False,1,1,0,0,Acting
may mcgorvey,418,f,63.0,little children,2006,m,True,True,False,False,1,1,0,0,Acting
richard pierce,179,m,48.0,little children,2006,m,True,True,False,False,1,1,0,0,Acting
ronnie j. mcgor,259,m,45.0,little children,2006,m,True,True,False,False,1,1,0,0,Acting
sarah pierce,955,f,31.0,little children,2006,m,True,True,False,False,1,1,0,0,Acting
sheila,195,f,41.0,little children,2006,m,True,True,False,False,1,1,0,0,Acting
theresa,212,f,39.0,little children,2006,m,True,True,False,False,1,1,0,0,Acting
dwayne,259,m,22.0,little miss sunshine,2006,f,True,True,True,False,1,1,1,0,Acting
frank ginsberg,1588,m,44.0,little miss sunshine,2006,f,True,True,True,False,1,1,1,0,Acting
grandpa edwin h,645,m,72.0,little miss sunshine,2006,f,True,True,True,False,1,1,1,0,Acting
mechanic,243,m,51.0,little miss sunshine,2006,f,True,True,True,False,1,1,1,0,Acting
olive hoover,698,f,10.0,little miss sunshine,2006,f,True,True,True,False,1,1,1,0,Acting
richard hoover,2638,m,43.0,little miss sunshine,2006,f,True,True,True,False,1,1,1,0,Acting
sheryl hoover,1947,f,34.0,little miss sunshine,2006,f,True,True,True,False,1,1,1,0,Acting
stan grossman,111,m,50.0,little miss sunshine,2006,f,True,True,True,False,1,1,1,0,Acting
state trooper m,110,m,43.0,little miss sunshine,2006,f,True,True,True,False,1,1,1,0,Acting
blanca,818,f,22.0,maria full of grace,2004,f,False,True,False,False,0,1,0,0,Acting
customs inspect,347,f,32.0,maria full of grace,2004,f,False,True,False,False,0,1,0,0,Acting
javier,548,m,57.0,maria full of grace,2004,f,False,True,False,False,0,1,0,0,Acting
Maria Alvarez,2690,f,23.0,maria full of grace,2004,f,False,True,False,False,0,1,0,0,Acting
bonnie dummar,220,f,31.0,melvin and howard,1980,m,True,True,False,True,1,1,0,1,Acting
darcy dummar,159,f,13.0,melvin and howard,1980,m,True,True,False,True,1,1,0,1,Acting
easy street ann,102,m,42.0,melvin and howard,1980,m,True,True,False,True,1,1,0,1,Acting
freese - attorn,378,m,36.0,melvin and howard,1980,m,True,True,False,True,1,1,0,1,Acting
Judge Keith Hay,302,m,48.0,melvin and howard,1980,m,True,True,False,True,1,1,0,1,Acting
lynda dummar,1069,f,27.0,melvin and howard,1980,m,True,True,False,True,1,1,0,1,Acting
melvin dummar,2350,m,35.0,melvin and howard,1980,m,True,True,False,True,1,1,0,1,Acting
anna,256,f,27.0,michael clayton,2007,m,True,True,False,True,2,1,0,1,Acting
arthur edens,1168,m,59.0,michael clayton,2007,m,True,True,False,True,2,1,0,1,Acting
barry grissom,250,m,52.0,michael clayton,2007,m,True,True,False,True,2,1,0,1,Acting
henry clayton,487,m,11.0,michael clayton,2007,m,True,True,False,True,2,1,0,1,Acting
karen crowder,902,f,47.0,michael clayton,2007,m,True,True,False,True,2,1,0,1,Acting
marty bach,616,m,73.0,michael clayton,2007,m,True,True,False,True,2,1,0,1,Acting
michael clayton,2670,m,46.0,michael clayton,2007,m,True,True,False,True,2,1,0,1,Acting
mr. greer,220,m,45.0,michael clayton,2007,m,True,True,False,True,2,1,0,1,Acting
alex,629,m,43.0,the mirror has two faces,1996,f,False,True,False,False,0,1,0,0,Acting
barry,121,m,56.0,the mirror has two faces,1996,f,False,True,False,False,0,1,0,0,Acting
candy,258,f,32.0,the mirror has two faces,1996,f,False,True,False,False,0,1,0,0,Acting
claire,456,f,40.0,the mirror has two faces,1996,f,False,True,False,False,0,1,0,0,Acting
gregory larkin,3852,m,47.0,the mirror has two faces,1996,f,False,True,False,False,0,1,0,0,Acting
hannah morgan,1374,f,72.0,the mirror has two faces,1996,f,False,True,False,False,0,1,0,0,Acting
henry fine,1156,m,62.0,the mirror has two faces,1996,f,False,True,False,False,0,1,0,0,Acting
rose morgan,5176,f,54.0,the mirror has two faces,1996,f,False,True,False,False,0,1,0,0,Acting
bill griffith,133,m,47.0,mr smith goes to washington,1939,m,True,False,False,False,3,0,0,0,Acting
chick mcgann,1066,m,50.0,mr smith goes to washington,1939,m,True,False,False,False,3,0,0,0,Acting
diz moore,971,m,47.0,mr smith goes to washington,1939,m,True,False,False,False,3,0,0,0,Acting
hopper boy,351,m,11.0,mr smith goes to washington,1939,m,True,False,False,False,3,0,0,0,Acting
jefferson smith,6397,m,31.0,mr smith goes to washington,1939,m,True,False,False,False,3,0,0,0,Acting
jim taylor,2075,m,49.0,mr smith goes to washington,1939,m,True,False,False,False,3,0,0,0,Acting
kenneth allen,271,m,62.0,mr smith goes to washington,1939,m,True,False,False,False,3,0,0,0,Acting
ma smith,323,f,50.0,mr smith goes to washington,1939,m,True,False,False,False,3,0,0,0,Acting
nosey,223,m,34.0,mr smith goes to washington,1939,m,True,False,False,False,3,0,0,0,Acting
otis hopper,111,m,6.0,mr smith goes to washington,1939,m,True,False,False,False,3,0,0,0,Acting
president of th,748,m,61.0,mr smith goes to washington,1939,m,True,False,False,False,3,0,0,0,Acting
senator,381,m,53.0,mr smith goes to washington,1939,m,True,False,False,False,3,0,0,0,Acting
senator joseph ,3688,m,50.0,mr smith goes to washington,1939,m,True,False,False,False,3,0,0,0,Acting
susan paine,391,f,34.0,mr smith goes to washington,1939,m,True,False,False,False,3,0,0,0,Acting
third radio spe,244,f,63.0,mr smith goes to washington,1939,m,True,False,False,False,3,0,0,0,Acting
aunt martha,348,f,81.0,nebraska,2013,m,True,True,False,False,1,1,0,0,Acting
cole,153,m,36.0,nebraska,2013,m,True,True,False,False,1,1,0,0,Acting
david grant,2729,m,43.0,nebraska,2013,m,True,True,False,False,1,1,0,0,Acting
ed pegram,760,m,72.0,nebraska,2013,m,True,True,False,False,1,1,0,0,Acting
kate grant,1529,f,84.0,nebraska,2013,m,True,True,False,False,1,1,0,0,Acting
peg nagy,318,f,79.0,nebraska,2013,m,True,True,False,False,1,1,0,0,Acting
ross grant,540,m,51.0,nebraska,2013,m,True,True,False,False,1,1,0,0,Acting
uncle ray,180,m,85.0,nebraska,2013,m,True,True,False,False,1,1,0,0,Acting
woody grant,1492,m,77.0,nebraska,2013,m,True,True,False,False,1,1,0,0,Acting
arthur jensen,356,m,39.0,network,1976,m,True,True,True,True,3,2,1,2,Acting
barbara schlesi,215,f,33.0,network,1976,m,True,True,True,True,3,2,1,2,Acting
bill herron,233,m,45.0,network,1976,m,True,True,True,True,3,2,1,2,Acting
edward george r,492,m,63.0,network,1976,m,True,True,True,True,3,2,1,2,Acting
frank hackett,2378,m,45.0,network,1976,m,True,True,True,True,3,2,1,2,Acting
harry hunter,225,m,39.0,network,1976,m,True,True,True,True,3,2,1,2,Acting
howard beale,3400,m,60.0,network,1976,m,True,True,True,True,3,2,1,2,Acting
jack snowden,122,m,50.0,network,1976,m,True,True,True,True,3,2,1,2,Acting
joe donnelly,125,m,50.0,network,1976,m,True,True,True,True,3,2,1,2,Acting
laureen hobbs,244,f,36.0,network,1976,m,True,True,True,True,3,2,1,2,Acting
max schumacher,2997,m,58.0,network,1976,m,True,True,True,True,3,2,1,2,Acting
narrator,495,m,50.0,network,1976,m,True,True,True,True,3,2,1,2,Acting
nelson chaney,377,m,63.0,network,1976,m,True,True,True,True,3,2,1,2,Acting
sam haywood,247,m,52.0,network,1976,m,True,True,True,True,3,2,1,2,Acting
walter c. amund,240,m,47.0,network,1976,m,True,True,True,True,3,2,1,2,Acting
'jack jones',555,m,64.0,nixon,1995,m,True,True,False,False,1,1,0,0,Acting
alexander haig,632,m,47.0,nixon,1995,m,True,True,False,False,1,1,0,0,Acting
charles colson,151,m,39.0,nixon,1995,m,True,True,False,False,1,1,0,0,Acting
e. howard hunt,345,m,45.0,nixon,1995,m,True,True,False,False,1,1,0,0,Acting
frank nixon,121,m,57.0,nixon,1995,m,True,True,False,False,1,1,0,0,Acting
gordon liddy,183,m,45.0,nixon,1995,m,True,True,False,False,1,1,0,0,Acting
h.r. haldeman,2122,m,48.0,nixon,1995,m,True,True,False,False,1,1,0,0,Acting
hannah nixon,288,f,42.0,nixon,1995,m,True,True,False,False,1,1,0,0,Acting
harold nixon,123,m,35.0,nixon,1995,m,True,True,False,False,1,1,0,0,Acting
henry kissinger,1028,m,56.0,nixon,1995,m,True,True,False,False,1,1,0,0,Acting
herb klein,190,m,47.0,nixon,1995,m,True,True,False,False,1,1,0,0,Acting
john dean,686,m,36.0,nixon,1995,m,True,True,False,False,1,1,0,0,Acting
john ehrlichman,917,m,52.0,nixon,1995,m,True,True,False,False,1,1,0,0,Acting
john mitchell,511,m,81.0,nixon,1995,m,True,True,False,False,1,1,0,0,Acting
julie nixon eis,109,f,24.0,nixon,1995,m,True,True,False,False,1,1,0,0,Acting
leonid brezhnev,122,m,73.0,nixon,1995,m,True,True,False,False,1,1,0,0,Acting
martha mitchell,231,f,53.0,nixon,1995,m,True,True,False,False,1,1,0,0,Acting
murray chotiner,214,m,73.0,nixon,1995,m,True,True,False,False,1,1,0,0,Acting
nelson rockefel,264,m,52.0,nixon,1995,m,True,True,False,False,1,1,0,0,Acting
pat nixon,1165,f,39.0,nixon,1995,m,True,True,False,False,1,1,0,0,Acting
reporter #1,392,m,34.0,nixon,1995,m,True,True,False,False,1,1,0,0,Acting
richard m. nixo,14086,m,58.0,nixon,1995,m,True,True,False,False,1,1,0,0,Acting
ron ziegler,187,m,41.0,nixon,1995,m,True,True,False,False,1,1,0,0,Acting
byron mayo,853,m,52.0,an officer and a gentleman,1982,m,True,True,True,False,1,1,1,0,Acting
casey seeger,254,f,26.0,an officer and a gentleman,1982,m,True,True,True,False,1,1,1,0,Acting
joe pokrifiki,179,m,48.0,an officer and a gentleman,1982,m,True,True,True,False,1,1,1,0,Acting
lynette pomeroy,955,f,25.0,an officer and a gentleman,1982,m,True,True,True,False,1,1,1,0,Acting
paula pokrifki,1462,f,27.0,an officer and a gentleman,1982,m,True,True,True,False,1,1,1,0,Acting
perryman,253,m,33.0,an officer and a gentleman,1982,m,True,True,True,False,1,1,1,0,Acting
sgt. emil foley,2654,m,46.0,an officer and a gentleman,1982,m,True,True,True,False,1,1,1,0,Acting
sid worley,1521,m,28.0,an officer and a gentleman,1982,m,True,True,True,False,1,1,1,0,Acting
topper daniels,186,m,26.0,an officer and a gentleman,1982,m,True,True,True,False,1,1,1,0,Acting
troy,101,m,26.0,an officer and a gentleman,1982,m,True,True,True,False,1,1,1,0,Acting
zack mayo,2967,m,33.0,an officer and a gentleman,1982,m,True,True,True,False,1,1,1,0,Acting
billy ray,888,m,15.0,on golden pond,1981,f,True,True,True,True,1,2,1,1,Acting
charlie martin,258,m,59.0,on golden pond,1981,f,True,True,True,True,1,2,1,1,Acting
chelsea thayer ,542,f,44.0,on golden pond,1981,f,True,True,True,True,1,2,1,1,Acting
ethel thayer,1954,f,74.0,on golden pond,1981,f,True,True,True,True,1,2,1,1,Acting
norman thayer j,2420,m,76.0,on golden pond,1981,f,True,True,True,True,1,2,1,1,Acting
'pop' doyle,678,m,61.0,on the waterfront,1954,f,True,True,True,True,4,1,1,1,Acting
big mac,346,m,41.0,on the waterfront,1954,f,True,True,True,True,4,1,1,1,Acting
charley malloy,869,m,29.0,on the waterfront,1954,f,True,True,True,True,4,1,1,1,Acting
edie doyle,1816,f,30.0,on the waterfront,1954,f,True,True,True,True,4,1,1,1,Acting
father barry,1692,m,42.0,on the waterfront,1954,f,True,True,True,True,4,1,1,1,Acting
glover,353,m,43.0,on the waterfront,1954,f,True,True,True,True,4,1,1,1,Acting
moose,183,m,42.0,on the waterfront,1954,f,True,True,True,True,4,1,1,1,Acting
mrs. collins,123,f,37.0,on the waterfront,1954,f,True,True,True,True,4,1,1,1,Acting
terry malloy,3954,m,30.0,on the waterfront,1954,f,True,True,True,True,4,1,1,1,Acting
truck,108,m,44.0,on the waterfront,1954,f,True,True,True,True,4,1,1,1,Acting
acres,192,m,44.0,the poseidon adventure,1972,m,False,True,False,False,0,1,0,0,Acting
belle rosen,374,f,50.0,the poseidon adventure,1972,m,False,True,False,False,0,1,0,0,Acting
linda rogo,304,f,36.0,the poseidon adventure,1972,m,False,True,False,False,0,1,0,0,Acting
manny rosen,385,m,65.0,the poseidon adventure,1972,m,False,True,False,False,0,1,0,0,Acting
martin,862,m,53.0,the poseidon adventure,1972,m,False,True,False,False,0,1,0,0,Acting
nonnie perry,166,f,30.0,the poseidon adventure,1972,m,False,True,False,False,0,1,0,0,Acting
purser,113,m,41.0,the poseidon adventure,1972,m,False,True,False,False,0,1,0,0,Acting
reverend scott,1386,m,42.0,the poseidon adventure,1972,m,False,True,False,False,0,1,0,0,Acting
robin,286,m,12.0,the poseidon adventure,1972,m,False,True,False,False,0,1,0,0,Acting
rogo,1154,m,55.0,the poseidon adventure,1972,m,False,True,False,False,0,1,0,0,Acting
susan,312,f,19.0,the poseidon adventure,1972,m,False,True,False,False,0,1,0,0,Acting
the captain,355,m,46.0,the poseidon adventure,1972,m,False,True,False,False,0,1,0,0,Acting
bouchon,111,m,38.0,quills,2000,m,True,False,False,False,1,0,0,0,Acting
charlotte,165,f,30.0,quills,2000,m,True,False,False,False,1,0,0,0,Acting
coulmier,2331,m,26.0,quills,2000,m,True,False,False,False,1,0,0,0,Acting
delbené,420,m,55.0,quills,2000,m,True,False,False,False,1,0,0,0,Acting
franval,263,m,45.0,quills,2000,m,True,False,False,False,1,0,0,0,Acting
madeleine,1216,f,25.0,quills,2000,m,True,False,False,False,1,0,0,0,Acting
renee pelagie,716,f,41.0,quills,2000,m,True,False,False,False,1,0,0,0,Acting
royer-collard,1943,m,67.0,quills,2000,m,True,False,False,False,1,0,0,0,Acting
simone,216,f,18.0,quills,2000,m,True,False,False,False,1,0,0,0,Acting
the marquis de ,3045,m,49.0,quills,2000,m,True,False,False,False,1,0,0,0,Acting
albert freedman,286,m,30.0,quiz show,1994,m,True,False,False,False,1,0,0,0,Acting
car salesman,127,m,45.0,quiz show,1994,m,True,False,False,False,1,0,0,0,Acting
chairman,325,m,65.0,quiz show,1994,m,True,False,False,False,1,0,0,0,Acting
congressman dev,178,m,67.0,quiz show,1994,m,True,False,False,False,1,0,0,0,Acting
dan enright,1329,m,40.0,quiz show,1994,m,True,False,False,False,1,0,0,0,Acting
dick goodwin,1717,m,32.0,quiz show,1994,m,True,False,False,False,1,0,0,0,Acting
dorothy van dor,342,f,73.0,quiz show,1994,m,True,False,False,False,1,0,0,0,Acting
herbie stempel,3297,m,37.0,quiz show,1994,m,True,False,False,False,1,0,0,0,Acting
jack barry,837,m,39.0,quiz show,1994,m,True,False,False,False,1,0,0,0,Acting
Mark Van Doren,777,m,72.0,quiz show,1994,m,True,False,False,False,1,0,0,0,Acting
robert kintner,338,m,68.0,quiz show,1994,m,True,False,False,False,1,0,0,0,Acting
sandra goodwin,229,f,27.0,quiz show,1994,m,True,False,False,False,1,0,0,0,Acting
toby stempel,380,f,37.0,quiz show,1994,m,True,False,False,False,1,0,0,0,Acting
today announcer,201,m,66.0,quiz show,1994,m,True,False,False,False,1,0,0,0,Acting
becca,2340,f,43.0,rabbit hole,2010,m,False,True,False,False,0,1,0,0,Acting
gabby,309,f,39.0,rabbit hole,2010,m,False,True,False,False,0,1,0,0,Acting
howie,1561,m,42.0,rabbit hole,2010,m,False,True,False,False,0,1,0,0,Acting
izzy,571,f,34.0,rabbit hole,2010,m,False,True,False,False,0,1,0,0,Acting
jason,559,m,23.0,rabbit hole,2010,m,False,True,False,False,0,1,0,0,Acting
nat,808,f,62.0,rabbit hole,2010,m,False,True,False,False,0,1,0,0,Acting
ada,339,f,61.0,requiem for a dream,2000,f,False,True,False,False,0,1,0,0,Acting
arnold the shri,102,m,32.0,requiem for a dream,2000,f,False,True,False,False,0,1,0,0,Acting
big tim,386,m,44.0,requiem for a dream,2000,f,False,True,False,False,0,1,0,0,Acting
harry goldfarb,2711,m,29.0,requiem for a dream,2000,f,False,True,False,False,0,1,0,0,Acting
marion silver,1049,f,30.0,requiem for a dream,2000,f,False,True,False,False,0,1,0,0,Acting
sara goldfarb,2162,f,68.0,requiem for a dream,2000,f,False,True,False,False,0,1,0,0,Acting
southern doctor,229,m,41.0,requiem for a dream,2000,f,False,True,False,False,0,1,0,0,Acting
tappy tibbons,326,m,45.0,requiem for a dream,2000,f,False,True,False,False,0,1,0,0,Acting
tyrone c. love,1156,m,28.0,requiem for a dream,2000,f,False,True,False,False,0,1,0,0,Acting
baxter,110,m,42.0,a simple plan,1998,m,True,False,False,False,1,0,0,0,Acting
carl,571,m,56.0,a simple plan,1998,m,True,False,False,False,1,0,0,0,Acting
hank,3475,m,43.0,a simple plan,1998,m,True,False,False,False,1,0,0,0,Acting
jacob,1899,m,43.0,a simple plan,1998,m,True,False,False,False,1,0,0,0,Acting
lou,1319,m,37.0,a simple plan,1998,m,True,False,False,False,1,0,0,0,Acting
sarah,1743,f,34.0,a simple plan,1998,m,True,False,False,False,1,0,0,0,Acting
carlos,208,m,24.0,a single man,2009,m,True,False,False,False,1,0,0,0,Acting
charley,908,f,49.0,a single man,2009,m,True,False,False,False,1,0,0,0,Acting
george,3095,m,49.0,a single man,2009,m,True,False,False,False,1,0,0,0,Acting
grant,134,m,30.0,a single man,2009,m,True,False,False,False,1,0,0,0,Acting
jim,484,m,31.0,a single man,2009,m,True,False,False,False,1,0,0,0,Acting
kenny,953,m,20.0,a single man,2009,m,True,False,False,False,1,0,0,0,Acting
beinstock,362,m,41.0,some like it hot,1959,m,True,False,False,False,1,0,0,0,Acting
det. mulligan,482,m,60.0,some like it hot,1959,m,True,False,False,False,1,0,0,0,Acting
dolores,120,f,26.0,some like it hot,1959,m,True,False,False,False,1,0,0,0,Acting
jerry,3660,m,34.0,some like it hot,1959,m,True,False,False,False,1,0,0,0,Acting
joe,4448,m,34.0,some like it hot,1959,m,True,False,False,False,1,0,0,0,Acting
nellie,147,f,43.0,some like it hot,1959,m,True,False,False,False,1,0,0,0,Acting
osgood fielding,575,m,67.0,some like it hot,1959,m,True,False,False,False,1,0,0,0,Acting
sig poliakoff,279,m,55.0,some like it hot,1959,m,True,False,False,False,1,0,0,0,Acting
spats colombo,518,m,58.0,some like it hot,1959,m,True,False,False,False,1,0,0,0,Acting
sugar kane kowa,3108,f,33.0,some like it hot,1959,m,True,False,False,False,1,0,0,0,Acting
sweet sue,362,f,33.0,some like it hot,1959,m,True,False,False,False,1,0,0,0,Acting
toothpick charl,150,m,56.0,some like it hot,1959,m,True,False,False,False,1,0,0,0,Acting
camille,784,f,39.0,sounder,1972,f,True,True,False,False,1,1,0,0,Acting
david lee morga,1966,m,14.0,sounder,1972,f,True,True,False,False,1,1,0,0,Acting
guard #1,115,m,37.0,sounder,1972,f,True,True,False,False,1,1,0,0,Acting
ike,299,m,30.0,sounder,1972,f,True,True,False,False,1,1,0,0,Acting
mrs. boatwright,449,f,58.0,sounder,1972,f,True,True,False,False,1,1,0,0,Acting
nathan lee morg,2173,m,33.0,sounder,1972,f,True,True,False,False,1,1,0,0,Acting
rebecca morgan,1557,f,48.0,sounder,1972,f,True,True,False,False,1,1,0,0,Acting
sheriff young,205,m,46.0,sounder,1972,f,True,True,False,False,1,1,0,0,Acting
duke,805,m,33.0,stalag 17,1953,m,True,False,True,False,2,0,1,0,Acting
geneva man,296,m,70.0,stalag 17,1953,m,True,False,True,False,2,0,1,0,Acting
lt. james dunba,310,m,33.0,stalag 17,1953,m,True,False,True,False,2,0,1,0,Acting
marko the mailm,439,m,27.0,stalag 17,1953,m,True,False,True,False,2,0,1,0,Acting
oberst von sche,1213,m,48.0,stalag 17,1953,m,True,False,True,False,2,0,1,0,Acting
sgt. 'blondie' ,191,m,26.0,stalag 17,1953,m,True,False,True,False,2,0,1,0,Acting
sgt. 'hoffy' ho,1394,m,28.0,stalag 17,1953,m,True,False,True,False,2,0,1,0,Acting
sgt. bagradian,364,m,29.0,stalag 17,1953,m,True,False,True,False,2,0,1,0,Acting
sgt. clarence h,1923,m,31.0,stalag 17,1953,m,True,False,True,False,2,0,1,0,Acting
sgt. frank pric,877,m,27.0,stalag 17,1953,m,True,False,True,False,2,0,1,0,Acting
sgt. harry shap,1169,m,30.0,stalag 17,1953,m,True,False,True,False,2,0,1,0,Acting
sgt. j.j. sefto,2699,m,35.0,stalag 17,1953,m,True,False,True,False,2,0,1,0,Acting
sgt. johann seb,1109,m,69.0,stalag 17,1953,m,True,False,True,False,2,0,1,0,Acting
anthony,657,m,19.0,sweeney todd the demon barber of fleet street,2007,f,True,False,False,False,1,0,0,0,Acting
beadle,343,m,50.0,sweeney todd the demon barber of fleet street,2007,f,True,False,False,False,1,0,0,0,Acting
beggar woman,256,f,26.0,sweeney todd the demon barber of fleet street,2007,f,True,False,False,False,1,0,0,0,Acting
johanna,143,f,20.0,sweeney todd the demon barber of fleet street,2007,f,True,False,False,False,1,0,0,0,Acting
judge turpin,751,m,61.0,sweeney todd the demon barber of fleet street,2007,f,True,False,False,False,1,0,0,0,Acting
mrs. lovett,2875,f,41.0,sweeney todd the demon barber of fleet street,2007,f,True,False,False,False,1,0,0,0,Acting
pirelli,317,m,36.0,sweeney todd the demon barber of fleet street,2007,f,True,False,False,False,1,0,0,0,Acting
sweeney todd,2372,m,44.0,sweeney todd the demon barber of fleet street,2007,f,True,False,False,False,1,0,0,0,Acting
toby,721,m,14.0,sweeney todd the demon barber of fleet street,2007,f,True,False,False,False,1,0,0,0,Acting
dixie,570,f,36.0,tender mercies,1983,m,True,False,True,False,1,0,1,0,Acting
harry,1184,m,49.0,tender mercies,1983,m,True,False,True,False,1,0,1,0,Acting
mac sledge,3035,m,52.0,tender mercies,1983,m,True,False,True,False,1,0,1,0,Acting
robert,1379,m,25.0,tender mercies,1983,m,True,False,True,False,1,0,1,0,Acting
rosa lee,1765,f,33.0,tender mercies,1983,m,True,False,True,False,1,0,1,0,Acting
sue anne,766,f,29.0,tender mercies,1983,m,True,False,True,False,1,0,1,0,Acting
aurora greenway,2431,f,49.0,terms of endearment,1983,f,True,True,True,True,2,2,1,1,Acting
emma horton,2586,f,28.0,terms of endearment,1983,f,True,True,True,True,2,2,1,1,Acting
flap horton,642,m,28.0,terms of endearment,1983,f,True,True,True,True,2,2,1,1,Acting
garrett breedlo,570,m,46.0,terms of endearment,1983,f,True,True,True,True,2,2,1,1,Acting
sam burns,218,m,38.0,terms of endearment,1983,f,True,True,True,True,2,2,1,1,Acting
teddy horton,147,m,9.0,terms of endearment,1983,f,True,True,True,True,2,2,1,1,Acting
tommy horton,180,m,11.0,terms of endearment,1983,f,True,True,True,True,2,2,1,1,Acting
vernon dahlart,151,m,39.0,terms of endearment,1983,f,True,True,True,True,2,2,1,1,Acting
dorothy wynant,1220,f,23.0,the thin man,1934,m,True,False,False,False,1,0,0,0,Acting
gilbert wynant,527,m,20.0,the thin man,1934,m,True,False,False,False,1,0,0,0,Acting
guild,1830,m,39.0,the thin man,1934,m,True,False,False,False,1,0,0,0,Acting
julia wolf,391,f,33.0,the thin man,1934,m,True,False,False,False,1,0,0,0,Acting
maccaulay,1233,m,46.0,the thin man,1934,m,True,False,False,False,1,0,0,0,Acting
mimi wynant jor,1220,f,42.0,the thin man,1934,m,True,False,False,False,1,0,0,0,Acting
morelli,570,m,39.0,the thin man,1934,m,True,False,False,False,1,0,0,0,Acting
nick charles,5516,m,42.0,the thin man,1934,m,True,False,False,False,1,0,0,0,Acting
nora charles,2358,f,29.0,the thin man,1934,m,True,False,False,False,1,0,0,0,Acting
nunheim,522,m,25.0,the thin man,1934,m,True,False,False,False,1,0,0,0,Acting
tanner,290,m,29.0,the thin man,1934,m,True,False,False,False,1,0,0,0,Acting
2nd officer lig,153,m,34.0,titanic,1997,f,False,True,False,False,0,2,0,0,Acting
brock lovett,1062,m,42.0,titanic,1997,f,False,True,False,False,0,2,0,0,Acting
bruce ismay,286,m,49.0,titanic,1997,f,False,True,False,False,0,2,0,0,Acting
caledon 'cal' h,1210,m,31.0,titanic,1997,f,False,True,False,False,0,2,0,0,Acting
captain edward ,252,m,53.0,titanic,1997,f,False,True,False,False,0,2,0,0,Acting
col. archibald ,102,m,70.0,titanic,1997,f,False,True,False,False,0,2,0,0,Acting
fabrizio,189,m,29.0,titanic,1997,f,False,True,False,False,0,2,0,0,Acting
jack dawson,2607,m,23.0,titanic,1997,f,False,True,False,False,0,2,0,0,Acting
lizzy calvert,158,f,35.0,titanic,1997,f,False,True,False,False,0,2,0,0,Acting
molly brown,474,f,49.0,titanic,1997,f,False,True,False,False,0,2,0,0,Acting
old rose,641,f,87.0,titanic,1997,f,False,True,False,False,0,2,0,0,Acting
rose dewitt buk,2792,f,22.0,titanic,1997,f,False,True,False,False,0,2,0,0,Acting
ruth dewitt buk,502,f,45.0,titanic,1997,f,False,True,False,False,0,2,0,0,Acting
spicer lovejoy,287,m,56.0,titanic,1997,f,False,True,False,False,0,2,0,0,Acting
thomas andrews,559,m,48.0,titanic,1997,f,False,True,False,False,0,2,0,0,Acting
tommy ryan,166,m,25.0,titanic,1997,f,False,True,False,False,0,2,0,0,Acting
woman,116,f,52.0,titanic,1997,f,False,True,False,False,0,2,0,0,Acting
claire keesey,2234,f,28.0,the town,2010,f,True,False,False,False,1,0,0,0,Acting
dino ciampa,761,m,49.0,the town,2010,f,True,False,False,False,1,0,0,0,Acting
doug macray,3774,m,38.0,the town,2010,f,True,False,False,False,1,0,0,0,Acting
fbi s.a. adam f,2533,m,39.0,the town,2010,f,True,False,False,False,1,0,0,0,Acting
fergus 'fergie',181,m,64.0,the town,2010,f,True,False,False,False,1,0,0,0,Acting
krista coughlin,482,f,23.0,the town,2010,f,True,False,False,False,1,0,0,0,Acting
dave kujan,2437,m,43.0,the usual suspects,1995,m,True,False,True,False,1,0,1,0,Acting
edie finneran,325,f,33.0,the usual suspects,1995,m,True,False,True,False,1,0,1,0,Acting
fenster,385,m,28.0,the usual suspects,1995,m,True,False,True,False,1,0,1,0,Acting
hockney,519,m,38.0,the usual suspects,1995,m,True,False,True,False,1,0,1,0,Acting
jack baer,641,m,37.0,the usual suspects,1995,m,True,False,True,False,1,0,1,0,Acting
jeff rabin,508,m,55.0,the usual suspects,1995,m,True,False,True,False,1,0,1,0,Acting
keaton,1434,m,45.0,the usual suspects,1995,m,True,False,True,False,1,0,1,0,Acting
kobayashi,1114,m,49.0,the usual suspects,1995,m,True,False,True,False,1,0,1,0,Acting
mcmanus,789,m,29.0,the usual suspects,1995,m,True,False,True,False,1,0,1,0,Acting
redfoot the fen,272,m,30.0,the usual suspects,1995,m,True,False,True,False,1,0,1,0,Acting
verbal,3223,m,36.0,the usual suspects,1995,m,True,False,True,False,1,0,1,0,Acting
cristina,1799,f,24.0,vicky cristina barcelona,2008,m,False,True,False,True,0,1,0,1,Acting
doug,1113,m,34.0,vicky cristina barcelona,2008,m,False,True,False,True,0,1,0,1,Acting
juan antonio,3302,m,39.0,vicky cristina barcelona,2008,m,False,True,False,True,0,1,0,1,Acting
judy,734,f,49.0,vicky cristina barcelona,2008,m,False,True,False,True,0,1,0,1,Acting
maria elena,1104,f,34.0,vicky cristina barcelona,2008,m,False,True,False,True,0,1,0,1,Acting
mark,228,m,52.0,vicky cristina barcelona,2008,m,False,True,False,True,0,1,0,1,Acting
narrator,2447,m,43.0,vicky cristina barcelona,2008,m,False,True,False,True,0,1,0,1,Acting
vicky,2896,f,26.0,vicky cristina barcelona,2008,m,False,True,False,True,0,1,0,1,Acting
april,161,f,43.0,winters bone,2010,f,True,True,False,False,1,1,0,0,Acting
gail,199,f,22.0,winters bone,2010,f,True,True,False,False,1,1,0,0,Acting
merab,493,f,49.0,winters bone,2010,f,True,True,False,False,1,1,0,0,Acting
ree,1969,f,20.0,winters bone,2010,f,True,True,False,False,1,1,0,0,Acting
sheriff baskin,302,m,46.0,winters bone,2010,f,True,True,False,False,1,1,0,0,Acting
sonya,203,f,46.0,winters bone,2010,f,True,True,False,False,1,1,0,0,Acting
teardrop,741,m,51.0,winters bone,2010,f,True,True,False,False,1,1,0,0,Acting
alice baxter,141,f,31.0,working girl,1988,f,False,True,False,False,0,3,0,0,Acting
bob speck,137,m,29.0,working girl,1988,f,False,True,False,False,0,3,0,0,Acting
cyn,487,f,26.0,working girl,1988,f,False,True,False,False,0,3,0,0,Acting
ginny,113,f,36.0,working girl,1988,f,False,True,False,False,0,3,0,0,Acting
jack trainer,1957,m,46.0,working girl,1988,f,False,True,False,False,0,3,0,0,Acting
Katharine Parke,1975,f,39.0,working girl,1988,f,False,True,False,False,0,3,0,0,Acting
mick dugan,373,m,30.0,working girl,1988,f,False,True,False,False,0,3,0,0,Acting
oren trask,472,m,58.0,working girl,1988,f,False,True,False,False,0,3,0,0,Acting
tess mcgill,3663,f,31.0,working girl,1988,f,False,True,False,False,0,3,0,0,Acting
anne,1340,f,85.0,amour,2012,m,False,True,False,False,0,1,0,0,Acting
eva,718,f,59.0,amour,2012,m,False,True,False,False,0,1,0,0,Acting
georges,4183,m,82.0,amour,2012,m,False,True,False,False,0,1,0,0,Acting
barbara weston,3405,f,46.0,august osage county,2013,f,False,True,False,False,0,2,0,0,Acting
beverly weston,610,m,70.0,august osage county,2013,f,False,True,False,False,0,2,0,0,Acting
bill fordham,983,m,42.0,august osage county,2013,f,False,True,False,False,0,2,0,0,Acting
charlie aiken,940,m,62.0,august osage county,2013,f,False,True,False,False,0,2,0,0,Acting
dr. burke,115,m,78.0,august osage county,2013,f,False,True,False,False,0,2,0,0,Acting
ivy weston,955,f,42.0,august osage county,2013,f,False,True,False,False,0,2,0,0,Acting
jean fordham,668,f,17.0,august osage county,2013,f,False,True,False,False,0,2,0,0,Acting
johnna monevata,250,f,31.0,august osage county,2013,f,False,True,False,False,0,2,0,0,Acting
karen weston,1211,f,40.0,august osage county,2013,f,False,True,False,False,0,2,0,0,Acting
little charles ,325,m,37.0,august osage county,2013,f,False,True,False,False,0,2,0,0,Acting
mattie fae aike,1083,f,62.0,august osage county,2013,f,False,True,False,False,0,2,0,0,Acting
steve huberbrec,407,m,50.0,august osage county,2013,f,False,True,False,False,0,2,0,0,Acting
violet weston,4053,f,64.0,august osage county,2013,f,False,True,False,False,0,2,0,0,Acting
jake,1092,m,45.0,birdman or the unexpected virtue of ignorance,2014,m,True,True,False,False,2,1,0,0,Acting
laura,536,f,33.0,birdman or the unexpected virtue of ignorance,2014,m,True,True,False,False,2,1,0,0,Acting
lesley,827,f,46.0,birdman or the unexpected virtue of ignorance,2014,m,True,True,False,False,2,1,0,0,Acting
mike,1688,m,45.0,birdman or the unexpected virtue of ignorance,2014,m,True,True,False,False,2,1,0,0,Acting
riggan,3300,m,63.0,birdman or the unexpected virtue of ignorance,2014,m,True,True,False,False,2,1,0,0,Acting
sam,883,f,26.0,birdman or the unexpected virtue of ignorance,2014,m,True,True,False,False,2,1,0,0,Acting
sylvia,490,f,46.0,birdman or the unexpected virtue of ignorance,2014,m,True,True,False,False,2,1,0,0,Acting
tabitha,287,f,64.0,birdman or the unexpected virtue of ignorance,2014,m,True,True,False,False,2,1,0,0,Acting
young birdman,620,m,37.0,birdman or the unexpected virtue of ignorance,2014,m,True,True,False,False,2,1,0,0,Acting
charlie,236,m,22.0,boyhood,2014,m,True,True,False,True,1,1,0,1,Acting
dad,4648,m,44.0,boyhood,2014,m,True,True,False,True,1,1,0,1,Acting
jill,273,f,19.0,boyhood,2014,m,True,True,False,True,1,1,0,1,Acting
jim,616,m,38.0,boyhood,2014,m,True,True,False,True,1,1,0,1,Acting
mason,3027,m,20.0,boyhood,2014,m,True,True,False,True,1,1,0,1,Acting
mom,2828,f,46.0,boyhood,2014,m,True,True,False,True,1,1,0,1,Acting
samantha,1305,f,20.0,boyhood,2014,m,True,True,False,True,1,1,0,1,Acting
sheena,531,f,20.0,boyhood,2014,m,True,True,False,True,1,1,0,1,Acting
agent williams,532,m,53.0,bridge of spies,2015,m,True,False,True,False,1,0,1,0,Acting
allen dulles,433,m,72.0,bridge of spies,2015,m,True,False,True,False,1,0,1,0,Acting
bates,132,m,36.0,bridge of spies,2015,m,True,False,True,False,1,0,1,0,Acting
harald ott,173,m,66.0,bridge of spies,2015,m,True,False,True,False,1,0,1,0,Acting
ivan schischkin,623,m,50.0,bridge of spies,2015,m,True,False,True,False,1,0,1,0,Acting
james b. donova,4353,m,59.0,bridge of spies,2015,m,True,False,True,False,1,0,1,0,Acting
mary donovan,272,f,47.0,bridge of spies,2015,m,True,False,True,False,1,0,1,0,Acting
rudolf abel,738,m,55.0,bridge of spies,2015,m,True,False,True,False,1,0,1,0,Acting
thomas watters ,239,m,79.0,bridge of spies,2015,m,True,False,True,False,1,0,1,0,Acting
wolfgang vogel,563,m,53.0,bridge of spies,2015,m,True,False,True,False,1,0,1,0,Acting
dorothy,170,f,25.0,brooklyn,2015,m,False,True,False,False,0,1,0,0,Acting
eilis,3407,f,21.0,brooklyn,2015,m,False,True,False,False,0,1,0,0,Acting
father flood,778,m,66.0,brooklyn,2015,m,False,True,False,False,0,1,0,0,Acting
georgina,423,f,41.0,brooklyn,2015,m,False,True,False,False,0,1,0,0,Acting
jim farrell,715,m,32.0,brooklyn,2015,m,False,True,False,False,0,1,0,0,Acting
miss fortini,401,f,35.0,brooklyn,2015,m,False,True,False,False,0,1,0,0,Acting
miss kelly,405,f,60.0,brooklyn,2015,m,False,True,False,False,0,1,0,0,Acting
patty,254,f,24.0,brooklyn,2015,m,False,True,False,False,0,1,0,0,Acting
rose,221,f,33.0,brooklyn,2015,m,False,True,False,False,0,1,0,0,Acting
sheila,210,f,31.0,brooklyn,2015,m,False,True,False,False,0,1,0,0,Acting
tony,1500,m,25.0,brooklyn,2015,m,False,True,False,False,0,1,0,0,Acting
abby gerhard,608,f,41.0,carol,2015,f,False,True,False,False,0,2,0,0,Acting
carol aird,3499,f,46.0,carol,2015,f,False,True,False,False,0,2,0,0,Acting
fred haymes,300,m,57.0,carol,2015,f,False,True,False,False,0,2,0,0,Acting
harge aird,383,m,50.0,carol,2015,f,False,True,False,False,0,2,0,0,Acting
therese belivet,2532,f,30.0,carol,2015,f,False,True,False,False,0,2,0,0,Acting
Alan Turing,3861,m,38.0,the imitation game,2014,f,True,True,False,False,1,1,0,0,Acting
commander denni,969,m,68.0,the imitation game,2014,f,True,True,False,False,1,1,0,0,Acting
Detective Rober,608,m,36.0,the imitation game,2014,f,True,True,False,False,1,1,0,0,Acting
helen,240,f,27.0,the imitation game,2014,f,True,True,False,False,1,1,0,0,Acting
hugh alexander,913,m,36.0,the imitation game,2014,f,True,True,False,False,1,1,0,0,Acting
Joan Clarke,1596,f,29.0,the imitation game,2014,f,True,True,False,False,1,1,0,0,Acting
john cairncross,581,m,33.0,the imitation game,2014,f,True,True,False,False,1,1,0,0,Acting
peter hilton,350,m,25.0,the imitation game,2014,f,True,True,False,False,1,1,0,0,Acting
Sergeant Staehl,374,m,46.0,the imitation game,2014,f,True,True,False,False,1,1,0,0,Acting
stewart menzies,563,m,51.0,the imitation game,2014,f,True,True,False,False,1,1,0,0,Acting
Superintendent ,144,m,46.0,the imitation game,2014,f,True,True,False,False,1,1,0,0,Acting
baker,2280,m,36.0,into the woods,2014,m,False,True,False,False,0,1,0,0,Acting
baker's wife,1137,f,31.0,into the woods,2014,m,False,True,False,False,0,1,0,0,Acting
cinderella,448,f,29.0,into the woods,2014,m,False,True,False,False,0,1,0,0,Acting
Cinderella's Pr,468,m,34.0,into the woods,2014,m,False,True,False,False,0,1,0,0,Acting
giant,111,f,70.0,into the woods,2014,m,False,True,False,False,0,1,0,0,Acting
jack,445,m,15.0,into the woods,2014,m,False,True,False,False,0,1,0,0,Acting
jack's mother,283,f,55.0,into the woods,2014,m,False,True,False,False,0,1,0,0,Acting
rapunzel,114,f,26.0,into the woods,2014,m,False,True,False,False,0,1,0,0,Acting
Rapunzel's Prin,166,m,29.0,into the woods,2014,m,False,True,False,False,0,1,0,0,Acting
stepmother,256,f,62.0,into the woods,2014,m,False,True,False,False,0,1,0,0,Acting
witch,811,f,65.0,into the woods,2014,m,False,True,False,False,0,1,0,0,Acting
jack,1888,m,9.0,room,2015,f,False,True,False,True,0,1,0,1,Acting
laura,198,f,29.0,room,2015,f,False,True,False,True,0,1,0,1,Acting
lawyer,183,m,34.0,room,2015,f,False,True,False,True,0,1,0,1,Acting
leo,274,m,60.0,room,2015,f,False,True,False,True,0,1,0,1,Acting
ma,3838,f,26.0,room,2015,f,False,True,False,True,0,1,0,1,Acting
nancy,714,f,59.0,room,2015,f,False,True,False,True,0,1,0,1,Acting
old nick,381,m,47.0,room,2015,f,False,True,False,True,0,1,0,1,Acting
robert,198,m,65.0,room,2015,f,False,True,False,True,0,1,0,1,Acting
talk show hoste,208,f,59.0,room,2015,f,False,True,False,True,0,1,0,1,Acting
andy hertzfeld,886,m,47.0,steve jobs,2015,m,True,True,False,False,1,1,0,0,Acting
chrisann brenna,812,f,35.0,steve jobs,2015,m,True,True,False,False,1,1,0,0,Acting
joanna hoffman,2997,f,40.0,steve jobs,2015,m,True,True,False,False,1,1,0,0,Acting
joel pforzheime,307,m,47.0,steve jobs,2015,m,True,True,False,False,1,1,0,0,Acting
john sculley,1990,m,60.0,steve jobs,2015,m,True,True,False,False,1,1,0,0,Acting
lisa brennan (1,902,f,18.0,steve jobs,2015,m,True,True,False,False,1,1,0,0,Acting
steve jobs,10443,m,38.0,steve jobs,2015,m,True,True,False,False,1,1,0,0,Acting
steve wozniak,1881,m,33.0,steve jobs,2015,m,True,True,False,False,1,1,0,0,Acting
anthony bourdai,156,m,59.0,the big short,2015,m,True,False,False,False,1,0,0,0,Acting
ben rickert,737,m,52.0,the big short,2015,m,True,False,False,False,1,0,0,0,Acting
cynthia baum,445,f,51.0,the big short,2015,m,True,False,False,False,1,0,0,0,Acting
georgia hale,206,f,55.0,the big short,2015,m,True,False,False,False,1,0,0,0,Acting
jamie shipley,904,m,31.0,the big short,2015,m,True,False,False,False,1,0,0,0,Acting
jared vennett,1004,m,35.0,the big short,2015,m,True,False,False,False,1,0,0,0,Acting
lawrence fields,413,m,50.0,the big short,2015,m,True,False,False,False,1,0,0,0,Acting
mark baum,374,m,53.0,the big short,2015,m,True,False,False,False,1,0,0,0,Acting
michael burry,1568,m,41.0,the big short,2015,m,True,False,False,False,1,0,0,0,Acting
porter collins,253,m,39.0,the big short,2015,m,True,False,False,False,1,0,0,0,Acting
scarlett johans,170,f,31.0,the big short,2015,m,True,False,False,False,1,0,0,0,Acting
selena gomez,173,f,23.0,the big short,2015,m,True,False,False,False,1,0,0,0,Acting
beryl wilde,112,f,47.0,the theory of everything,2014,f,True,True,True,False,1,1,1,0,Acting
brian,501,m,31.0,the theory of everything,2014,f,True,True,True,False,1,1,1,0,Acting
dennis sciama,577,m,51.0,the theory of everything,2014,f,True,True,True,False,1,1,1,0,Acting
elaine mason,196,f,40.0,the theory of everything,2014,f,True,True,True,False,1,1,1,0,Acting
frank hawking,195,m,57.0,the theory of everything,2014,f,True,True,True,False,1,1,1,0,Acting
jane hawking,1498,f,31.0,the theory of everything,2014,f,True,True,True,False,1,1,1,0,Acting
jonathan hellye,404,m,32.0,the theory of everything,2014,f,True,True,True,False,1,1,1,0,Acting
roger penrose,213,m,41.0,the theory of everything,2014,f,True,True,True,False,1,1,1,0,Acting
senior doctor -,106,m,50.0,the theory of everything,2014,f,True,True,True,False,1,1,1,0,Acting
stephen hawking,1894,m,32.0,the theory of everything,2014,f,True,True,True,False,1,1,1,0,Acting
swiss doctor,101,m,46.0,the theory of everything,2014,f,True,True,True,False,1,1,1,0,Acting
arlen hird,757,m,48.0,trumbo,2015,f,True,False,False,False,1,0,0,0,Acting
buddy ross,261,m,53.0,trumbo,2015,f,True,False,False,False,1,0,0,0,Acting
cleo trumbo,725,f,50.0,trumbo,2015,f,True,False,False,False,1,0,0,0,Acting
Dalton Trumbo,3396,m,59.0,trumbo,2015,f,True,False,False,False,1,0,0,0,Acting
edward g. robin,681,m,47.0,trumbo,2015,f,True,False,False,False,1,0,0,0,Acting
frank king,449,m,63.0,trumbo,2015,f,True,False,False,False,1,0,0,0,Acting
hedda hopper,853,f,70.0,trumbo,2015,f,True,False,False,False,1,0,0,0,Acting
Ian McLellan Hu,153,m,44.0,trumbo,2015,f,True,False,False,False,1,0,0,0,Acting
john wayne,335,m,55.0,trumbo,2015,f,True,False,False,False,1,0,0,0,Acting
kirk douglas,268,m,39.0,trumbo,2015,f,True,False,False,False,1,0,0,0,Acting
louis b. mayer,140,m,68.0,trumbo,2015,f,True,False,False,False,1,0,0,0,Acting
Otto Preminger,163,m,58.0,trumbo,2015,f,True,False,False,False,1,0,0,0,Acting
cassandra,111,f,44.0,american history x,1998,m,True,False,False,False,1,0,0,0,Acting
chris,151,m,24.0,american history x,1998,m,True,False,False,False,1,0,0,0,Acting
danny vinyard,1362,m,21.0,american history x,1998,m,True,False,False,False,1,0,0,0,Acting
davina vinyard,427,f,24.0,american history x,1998,m,True,False,False,False,1,0,0,0,Acting
dennis vinyard,229,m,48.0,american history x,1998,m,True,False,False,False,1,0,0,0,Acting
derek vinyard,2454,m,29.0,american history x,1998,m,True,False,False,False,1,0,0,0,Acting
doris vinyard,376,f,47.0,american history x,1998,m,True,False,False,False,1,0,0,0,Acting
dr. bob sweeney,636,m,50.0,american history x,1998,m,True,False,False,False,1,0,0,0,Acting
jason,111,m,19.0,american history x,1998,m,True,False,False,False,1,0,0,0,Acting
lawrence,161,m,27.0,american history x,1998,m,True,False,False,False,1,0,0,0,Acting
murray,228,m,60.0,american history x,1998,m,True,False,False,False,1,0,0,0,Acting
rasmussen,183,m,50.0,american history x,1998,m,True,False,False,False,1,0,0,0,Acting
seth ryan,879,m,22.0,american history x,1998,m,True,False,False,False,1,0,0,0,Acting
stacey,388,f,24.0,american history x,1998,m,True,False,False,False,1,0,0,0,Acting
alicia nash,1496,f,31.0,a beautiful mind,2001,f,True,True,False,True,1,1,0,1,Acting
charles,653,m,30.0,a beautiful mind,2001,f,True,True,False,True,1,1,0,1,Acting
dr. rosen,747,m,72.0,a beautiful mind,2001,f,True,True,False,True,1,1,0,1,Acting
john nash,3486,m,37.0,a beautiful mind,2001,f,True,True,False,True,1,1,0,1,Acting
professor horne,145,m,57.0,a beautiful mind,2001,f,True,True,False,True,1,1,0,1,Acting
arlen bitterbuc,101,m,47.0,the green mile,1999,m,True,False,False,False,1,0,0,0,Acting
brutus 'brutal',1310,m,46.0,the green mile,1999,m,True,False,False,False,1,0,0,0,Acting
burt hammersmit,532,m,44.0,the green mile,1999,m,True,False,False,False,1,0,0,0,Acting
dean stanton,412,m,29.0,the green mile,1999,m,True,False,False,False,1,0,0,0,Acting
eduard delacroi,628,m,47.0,the green mile,1999,m,True,False,False,False,1,0,0,0,Acting
elaine connelly,312,f,70.0,the green mile,1999,m,True,False,False,False,1,0,0,0,Acting
harry terwillig,438,m,52.0,the green mile,1999,m,True,False,False,False,1,0,0,0,Acting
jan edgecomb,546,f,38.0,the green mile,1999,m,True,False,False,False,1,0,0,0,Acting
john coffey,1374,m,42.0,the green mile,1999,m,True,False,False,False,1,0,0,0,Acting
melinda moores,237,f,40.0,the green mile,1999,m,True,False,False,False,1,0,0,0,Acting
paul edgecomb,4545,m,43.0,the green mile,1999,m,True,False,False,False,1,0,0,0,Acting
percy wetmore,945,m,39.0,the green mile,1999,m,True,False,False,False,1,0,0,0,Acting
toot-toot,199,m,73.0,the green mile,1999,m,True,False,False,False,1,0,0,0,Acting
warden hal moor,826,m,59.0,the green mile,1999,m,True,False,False,False,1,0,0,0,Acting
big willie litt,210,m,28.0,million dollar baby,2004,m,True,True,True,True,2,1,1,1,Acting
danger barch,265,m,22.0,million dollar baby,2004,m,True,True,True,True,2,1,1,1,Acting
earline fitzger,327,f,53.0,million dollar baby,2004,m,True,True,True,True,2,1,1,1,Acting
eddie scrap-iro,3722,m,67.0,million dollar baby,2004,m,True,True,True,True,2,1,1,1,Acting
father horvak,215,m,37.0,million dollar baby,2004,m,True,True,True,True,2,1,1,1,Acting
frankie dunn,3755,m,74.0,million dollar baby,2004,m,True,True,True,True,2,1,1,1,Acting
maggie fitzgera,1708,f,30.0,million dollar baby,2004,m,True,True,True,True,2,1,1,1,Acting
sally mendoza,117,m,47.0,million dollar baby,2004,m,True,True,True,True,2,1,1,1,Acting
shawrelle berry,123,m,26.0,million dollar baby,2004,m,True,True,True,True,2,1,1,1,Acting
bandy,224,m,64.0,there will be blood,2007,m,True,False,True,False,1,0,1,0,Acting
daniel plainvie,5323,m,50.0,there will be blood,2007,m,True,False,True,False,1,0,1,0,Acting
fletcher,182,m,54.0,there will be blood,2007,m,True,False,True,False,1,0,1,0,Acting
h.m. tilford,237,m,46.0,there will be blood,2007,m,True,False,True,False,1,0,1,0,Acting
henry,866,m,44.0,there will be blood,2007,m,True,False,True,False,1,0,1,0,Acting
hw,224,m,11.0,there will be blood,2007,m,True,False,True,False,1,0,1,0,Acting
paul sunday,421,m,23.0,there will be blood,2007,m,True,False,True,False,1,0,1,0,Acting
allison mccoll,135,f,39.0,captain phillips,2013,m,True,False,False,False,1,0,0,0,Acting
andrea phillips,352,f,54.0,captain phillips,2013,m,True,False,False,False,1,0,0,0,Acting
captain richard,3229,m,57.0,captain phillips,2013,m,True,False,False,False,1,0,0,0,Acting
mike perry,167,m,52.0,captain phillips,2013,m,True,False,False,False,1,0,0,0,Acting
Muse,1254,m,28.0,captain phillips,2013,m,True,False,False,False,1,0,0,0,Acting
nemo,268,m,34.0,captain phillips,2013,m,True,False,False,False,1,0,0,0,Acting
seal commander,321,m,44.0,captain phillips,2013,m,True,False,False,False,1,0,0,0,Acting
shane murphy,565,m,36.0,captain phillips,2013,m,True,False,False,False,1,0,0,0,Acting
anton chigurh,1303,m,38.0,no country for old men,2007,m,True,False,True,False,1,0,1,0,Acting
carla jean moss,628,f,31.0,no country for old men,2007,m,True,False,True,False,1,0,1,0,Acting
carla jean's mo,189,f,58.0,no country for old men,2007,m,True,False,True,False,1,0,1,0,Acting
carson wells,600,m,46.0,no country for old men,2007,m,True,False,True,False,1,0,1,0,Acting
ed tom bell,1940,m,61.0,no country for old men,2007,m,True,False,True,False,1,0,1,0,Acting
ellis,392,m,67.0,no country for old men,2007,m,True,False,True,False,1,0,1,0,Acting
ins official,145,m,55.0,no country for old men,2007,m,True,False,True,False,1,0,1,0,Acting
llewelyn moss,1508,m,39.0,no country for old men,2007,m,True,False,True,False,1,0,1,0,Acting
man who hires w,383,m,56.0,no country for old men,2007,m,True,False,True,False,1,0,1,0,Acting
wendell,421,m,43.0,no country for old men,2007,m,True,False,True,False,1,0,1,0,Acting
amy dunne,3398,f,35.0,gone girl,2014,f,False,True,False,False,0,1,0,0,Acting
andie fitzgeral,139,f,23.0,gone girl,2014,f,False,True,False,False,0,1,0,0,Acting
desi collings,294,m,41.0,gone girl,2014,f,False,True,False,False,0,1,0,0,Acting
detective rhond,1715,f,49.0,gone girl,2014,f,False,True,False,False,0,1,0,0,Acting
greta,202,f,24.0,gone girl,2014,f,False,True,False,False,0,1,0,0,Acting
margo dunne,842,f,33.0,gone girl,2014,f,False,True,False,False,0,1,0,0,Acting
marybeth elliot,155,f,59.0,gone girl,2014,f,False,True,False,False,0,1,0,0,Acting
nick dunne,3808,m,42.0,gone girl,2014,f,False,True,False,False,0,1,0,0,Acting
officer james g,196,m,32.0,gone girl,2014,f,False,True,False,False,0,1,0,0,Acting
tanner bolt,355,m,45.0,gone girl,2014,f,False,True,False,False,0,1,0,0,Acting
tommy o'hara,152,m,37.0,gone girl,2014,f,False,True,False,False,0,1,0,0,Acting
alice the waitr,131,f,27.0,adaptation,2002,m,True,True,True,False,2,1,1,0,Acting
charlie kaufman,3440,m,38.0,adaptation,2002,m,True,True,True,False,2,1,1,0,Acting
john laroche,2457,m,51.0,adaptation,2002,m,True,True,True,False,2,1,1,0,Acting
marty bowen,245,m,35.0,adaptation,2002,m,True,True,True,False,2,1,1,0,Acting
robert mckee,675,m,56.0,adaptation,2002,m,True,True,True,False,2,1,1,0,Acting
susan orlean,2503,f,53.0,adaptation,2002,m,True,True,True,False,2,1,1,0,Acting
valerie thomas,229,f,42.0,adaptation,2002,m,True,True,True,False,2,1,1,0,Acting
capt. 'painless,417,m,30.0,mash,1970,m,False,True,False,False,0,1,0,0,Acting
cpl. 'radar' o',418,m,27.0,mash,1970,m,False,True,False,False,0,1,0,0,Acting
dr. oliver 'spe,551,m,32.0,mash,1970,m,False,True,False,False,0,1,0,0,Acting
duke forrest,1993,m,37.0,mash,1970,m,False,True,False,False,0,1,0,0,Acting
hawkeye pierce,5284,m,35.0,mash,1970,m,False,True,False,False,0,1,0,0,Acting
korean doctor,257,m,45.0,mash,1970,m,False,True,False,False,0,1,0,0,Acting
lt. col. henry ,1006,m,38.0,mash,1970,m,False,True,False,False,0,1,0,0,Acting
maj. frank burn,544,m,39.0,mash,1970,m,False,True,False,False,0,1,0,0,Acting
maj. margaret ',593,f,33.0,mash,1970,m,False,True,False,False,0,1,0,0,Acting
sgt. major voll,126,m,29.0,mash,1970,m,False,True,False,False,0,1,0,0,Acting
trapper john mc,1973,m,32.0,mash,1970,m,False,True,False,False,0,1,0,0,Acting
anthony meredit,406,m,34.0,gosford park,2001,f,False,True,False,False,0,2,0,0,Acting
barnes,139,m,33.0,gosford park,2001,f,False,True,False,False,0,2,0,0,Acting
constance trent,1171,f,67.0,gosford park,2001,f,False,True,False,False,0,2,0,0,Acting
dorothy,312,f,39.0,gosford park,2001,f,False,True,False,False,0,2,0,0,Acting
elsie,939,f,34.0,gosford park,2001,f,False,True,False,False,0,2,0,0,Acting
george,230,m,44.0,gosford park,2001,f,False,True,False,False,0,2,0,0,Acting
henry denton,351,m,27.0,gosford park,2001,f,False,True,False,False,0,2,0,0,Acting
inspector thomp,494,m,44.0,gosford park,2001,f,False,True,False,False,0,2,0,0,Acting
isobel mccordle,310,f,25.0,gosford park,2001,f,False,True,False,False,0,2,0,0,Acting
ivor novello,353,m,40.0,gosford park,2001,f,False,True,False,False,0,2,0,0,Acting
jennings,783,m,67.0,gosford park,2001,f,False,True,False,False,0,2,0,0,Acting
jeremy blond,182,m,22.0,gosford park,2001,f,False,True,False,False,0,2,0,0,Acting
lord raymond st,475,m,55.0,gosford park,2001,f,False,True,False,False,0,2,0,0,Acting
louisa stockbri,210,f,34.0,gosford park,2001,f,False,True,False,False,0,2,0,0,Acting
mary maceachran,1210,f,25.0,gosford park,2001,f,False,True,False,False,0,2,0,0,Acting
morris weissman,603,m,56.0,gosford park,2001,f,False,True,False,False,0,2,0,0,Acting
mrs. croft,392,f,67.0,gosford park,2001,f,False,True,False,False,0,2,0,0,Acting
mrs. wilson,600,f,56.0,gosford park,2001,f,False,True,False,False,0,2,0,0,Acting
probert,195,m,63.0,gosford park,2001,f,False,True,False,False,0,2,0,0,Acting
robert parks,520,m,37.0,gosford park,2001,f,False,True,False,False,0,2,0,0,Acting
william mccordl,331,m,61.0,gosford park,2001,f,False,True,False,False,0,2,0,0,Acting
anita vanger,292,f,46.0,the girl with the dragon tattoo,2011,m,False,True,False,False,0,1,0,0,Acting
armansky,145,m,39.0,the girl with the dragon tattoo,2011,m,False,True,False,False,0,1,0,0,Acting
bjurman,460,m,47.0,the girl with the dragon tattoo,2011,m,False,True,False,False,0,1,0,0,Acting
cecilia,242,f,61.0,the girl with the dragon tattoo,2011,m,False,True,False,False,0,1,0,0,Acting
detective morel,489,m,68.0,the girl with the dragon tattoo,2011,m,False,True,False,False,0,1,0,0,Acting
erika berger,473,f,45.0,the girl with the dragon tattoo,2011,m,False,True,False,False,0,1,0,0,Acting
frode,765,m,74.0,the girl with the dragon tattoo,2011,m,False,True,False,False,0,1,0,0,Acting
harald,206,m,78.0,the girl with the dragon tattoo,2011,m,False,True,False,False,0,1,0,0,Acting
henrik vanger,1346,m,82.0,the girl with the dragon tattoo,2011,m,False,True,False,False,0,1,0,0,Acting
lisbeth salande,2340,f,26.0,the girl with the dragon tattoo,2011,m,False,True,False,False,0,1,0,0,Acting
liv,146,f,40.0,the girl with the dragon tattoo,2011,m,False,True,False,False,0,1,0,0,Acting
martin vanger,1605,m,60.0,the girl with the dragon tattoo,2011,m,False,True,False,False,0,1,0,0,Acting
mikael blomkvis,3736,m,43.0,the girl with the dragon tattoo,2011,m,False,True,False,False,0,1,0,0,Acting
plague,108,m,33.0,the girl with the dragon tattoo,2011,m,False,True,False,False,0,1,0,0,Acting
al eustis,104,m,64.0,a civil action,1998,m,True,False,False,False,1,0,0,0,Acting
anne anderson,255,f,44.0,a civil action,1998,m,True,False,False,False,1,0,0,0,Acting
james gordon,388,m,48.0,a civil action,1998,m,True,False,False,False,1,0,0,0,Acting
jan schlichtman,1798,m,44.0,a civil action,1998,m,True,False,False,False,1,0,0,0,Acting
jerome facher,779,m,67.0,a civil action,1998,m,True,False,False,False,1,0,0,0,Acting
john riley,204,m,58.0,a civil action,1998,m,True,False,False,False,1,0,0,0,Acting
judge walter j.,236,m,53.0,a civil action,1998,m,True,False,False,False,1,0,0,0,Acting
kevin conway,544,m,45.0,a civil action,1998,m,True,False,False,False,1,0,0,0,Acting
mr. granger,128,m,48.0,a civil action,1998,m,True,False,False,False,1,0,0,0,Acting
pinder,170,m,41.0,a civil action,1998,m,True,False,False,False,1,0,0,0,Acting
william cheesem,202,m,38.0,a civil action,1998,m,True,False,False,False,1,0,0,0,Acting
brogan-moore,243,m,54.0,witness for the prosecution,1957,m,True,True,False,False,1,1,0,0,Acting
carter,438,m,61.0,witness for the prosecution,1957,m,True,True,False,False,1,1,0,0,Acting
christine,1867,f,56.0,witness for the prosecution,1957,m,True,True,False,False,1,1,0,0,Acting
inspector hearn,332,m,60.0,witness for the prosecution,1957,m,True,True,False,False,1,1,0,0,Acting
janet mackenzie,520,f,77.0,witness for the prosecution,1957,m,True,True,False,False,1,1,0,0,Acting
judge,204,m,72.0,witness for the prosecution,1957,m,True,True,False,False,1,1,0,0,Acting
leonard vole,2818,m,43.0,witness for the prosecution,1957,m,True,True,False,False,1,1,0,0,Acting
mayhew,460,m,63.0,witness for the prosecution,1957,m,True,True,False,False,1,1,0,0,Acting
miss plimsoll,410,f,55.0,witness for the prosecution,1957,m,True,True,False,False,1,1,0,0,Acting
mr. myers,1095,m,52.0,witness for the prosecution,1957,m,True,True,False,False,1,1,0,0,Acting
sir wilfrid rob,4462,m,58.0,witness for the prosecution,1957,m,True,True,False,False,1,1,0,0,Acting
cheech,744,m,42.0,bullets over broadway,1994,f,True,True,False,True,1,2,0,1,Acting
David Shayne,1358,m,28.0,bullets over broadway,1994,f,True,True,False,True,1,2,0,1,Acting
ellen,327,f,46.0,bullets over broadway,1994,f,True,True,False,True,1,2,0,1,Acting
helen sinclair,954,f,46.0,bullets over broadway,1994,f,True,True,False,True,1,2,0,1,Acting
julian marx,494,m,74.0,bullets over broadway,1994,f,True,True,False,True,1,2,0,1,Acting
nick valenti,674,m,57.0,bullets over broadway,1994,f,True,True,False,True,1,2,0,1,Acting
olive neal,402,f,36.0,bullets over broadway,1994,f,True,True,False,True,1,2,0,1,Acting
rocco,141,m,52.0,bullets over broadway,1994,f,True,True,False,True,1,2,0,1,Acting
sheldon flender,107,m,47.0,bullets over broadway,1994,f,True,True,False,True,1,2,0,1,Acting
warner purcell,117,m,45.0,bullets over broadway,1994,f,True,True,False,True,1,2,0,1,Acting
andrew,2396,m,27.0,whiplash,2014,m,True,False,True,False,1,0,1,0,Acting
bassist (nassau,105,m,20.0,whiplash,2014,m,True,False,True,False,1,0,1,0,Acting
fletcher,5103,m,59.0,whiplash,2014,m,True,False,True,False,1,0,1,0,Acting
nicole,149,f,26.0,whiplash,2014,m,True,False,True,False,1,0,1,0,Acting
rachel bornhold,348,f,52.0,whiplash,2014,m,True,False,True,False,1,0,1,0,Acting
uncle frank,226,m,66.0,whiplash,2014,m,True,False,True,False,1,0,1,0,Acting
aimee,209,f,32.0,wild,2014,f,False,True,False,False,0,2,0,0,Acting
bobbi,477,f,47.0,wild,2014,f,False,True,False,False,0,2,0,0,Acting
cheryl,5708,f,38.0,wild,2014,f,False,True,False,False,0,2,0,0,Acting
ed,211,m,69.0,wild,2014,f,False,True,False,False,0,2,0,0,Acting
frank,316,m,51.0,wild,2014,f,False,True,False,False,0,2,0,0,Acting
greg,411,m,38.0,wild,2014,f,False,True,False,False,0,2,0,0,Acting
jonathan,281,m,33.0,wild,2014,f,False,True,False,False,0,2,0,0,Acting
paul,614,m,38.0,wild,2014,f,False,True,False,False,0,2,0,0,Acting
ranger,323,m,45.0,wild,2014,f,False,True,False,False,0,2,0,0,Acting
richie,112,m,28.0,wild,2014,f,False,True,False,False,0,2,0,0,Acting
stacey,119,f,50.0,wild,2014,f,False,True,False,False,0,2,0,0,Acting
tattooist,104,m,52.0,wild,2014,f,False,True,False,False,0,2,0,0,Acting
vera,166,f,76.0,wild,2014,f,False,True,False,False,0,2,0,0,Acting
c.p. kennedy,232,m,39.0,the judge,2014,m,True,False,False,False,1,0,0,0,Acting
doc morris,204,m,52.0,the judge,2014,m,True,False,False,False,1,0,0,0,Acting
dwight dickham,814,m,59.0,the judge,2014,m,True,False,False,False,1,0,0,0,Acting
glen palmer,348,m,55.0,the judge,2014,m,True,False,False,False,1,0,0,0,Acting
hank palmer,4950,m,49.0,the judge,2014,m,True,False,False,False,1,0,0,0,Acting
Joseph Palmer,2386,m,83.0,the judge,2014,m,True,False,False,False,1,0,0,0,Acting
mike kattan,197,m,36.0,the judge,2014,m,True,False,False,False,1,0,0,0,Acting
samantha powell,704,f,41.0,the judge,2014,m,True,False,False,False,1,0,0,0,Acting
alice howland,3796,f,54.0,still alice,2014,f,False,True,False,True,0,1,0,1,Acting
anna howland-jo,514,f,31.0,still alice,2014,f,False,True,False,True,0,1,0,1,Acting
charlie howland,111,m,37.0,still alice,2014,f,False,True,False,True,0,1,0,1,Acting
eric wellman,216,m,63.0,still alice,2014,f,False,True,False,True,0,1,0,1,Acting
john howland,2149,m,56.0,still alice,2014,f,False,True,False,True,0,1,0,1,Acting
lydia howland,1227,f,24.0,still alice,2014,f,False,True,False,True,0,1,0,1,Acting
tom howland,224,m,27.0,still alice,2014,f,False,True,False,True,0,1,0,1,Acting
bob zelnick,713,m,48.0,frostnixon,2008,m,True,False,False,False,1,0,0,0,Acting
caroline cushin,492,f,26.0,frostnixon,2008,m,True,False,False,False,1,0,0,0,Acting
david frost,3457,m,39.0,frostnixon,2008,m,True,False,False,False,1,0,0,0,Acting
jack brennan,941,m,50.0,frostnixon,2008,m,True,False,False,False,1,0,0,0,Acting
"james reston, j",1418,m,40.0,frostnixon,2008,m,True,False,False,False,1,0,0,0,Acting
john birt,1212,m,34.0,frostnixon,2008,m,True,False,False,False,1,0,0,0,Acting
richard nixon,4865,m,70.0,frostnixon,2008,m,True,False,False,False,1,0,0,0,Acting
swifty lazar,530,m,41.0,frostnixon,2008,m,True,False,False,False,1,0,0,0,Acting
col. stonehill,615,m,70.0,true grit,2010,f,True,True,False,False,1,1,0,0,Acting
emmett quincy,172,m,42.0,true grit,2010,f,True,True,False,False,1,1,0,0,Acting
LaBoeuf,1153,m,40.0,true grit,2010,f,True,True,False,False,1,1,0,0,Acting
lucky ned peppe,511,m,40.0,true grit,2010,f,True,True,False,False,1,1,0,0,Acting
mattie ross,3200,f,14.0,true grit,2010,f,True,True,False,False,1,1,0,0,Acting
moon (the kid),152,m,27.0,true grit,2010,f,True,True,False,False,1,1,0,0,Acting
rooster cogburn,676,m,61.0,true grit,2010,f,True,True,False,False,1,1,0,0,Acting
sheriff,252,m,69.0,true grit,2010,f,True,True,False,False,1,1,0,0,Acting
tom chaney,327,m,42.0,true grit,2010,f,True,True,False,False,1,1,0,0,Acting
undertaker,105,m,66.0,true grit,2010,f,True,True,False,False,1,1,0,0,Acting
alvaro de la qu,245,m,30.0,elizabeth,1998,f,False,True,False,False,0,1,0,0,Acting
bishop gardiner,215,m,61.0,elizabeth,1998,f,False,True,False,False,0,1,0,0,Acting
duke of norfolk,288,m,34.0,elizabeth,1998,f,False,True,False,False,0,1,0,0,Acting
earl of arundel,273,m,66.0,elizabeth,1998,f,False,True,False,False,0,1,0,0,Acting
earl of sussex,267,m,40.0,elizabeth,1998,f,False,True,False,False,0,1,0,0,Acting
elizabeth i,2912,f,29.0,elizabeth,1998,f,False,True,False,False,0,1,0,0,Acting
mary of guise,324,f,49.0,elizabeth,1998,f,False,True,False,False,0,1,0,0,Acting
Monsieur de Foi,454,m,32.0,elizabeth,1998,f,False,True,False,False,0,1,0,0,Acting
palace chamberl,205,m,78.0,elizabeth,1998,f,False,True,False,False,0,1,0,0,Acting
"robert dudley, ",635,m,28.0,elizabeth,1998,f,False,True,False,False,0,1,0,0,Acting
sir francis wal,452,m,47.0,elizabeth,1998,f,False,True,False,False,0,1,0,0,Acting
sir william cec,1365,m,75.0,elizabeth,1998,f,False,True,False,False,0,1,0,0,Acting
"waad, chancello",198,m,42.0,elizabeth,1998,f,False,True,False,False,0,1,0,0,Acting
george benson,182,m,51.0,norma rae,1979,f,False,True,False,True,0,1,0,1,Acting
leona,153,f,56.0,norma rae,1979,f,False,True,False,True,0,1,0,1,Acting
leroy mason,141,m,48.0,norma rae,1979,f,False,True,False,True,0,1,0,1,Acting
norma rae,2757,f,33.0,norma rae,1979,f,False,True,False,True,0,1,0,1,Acting
reuben,2618,m,42.0,norma rae,1979,f,False,True,False,True,0,1,0,1,Acting
sam dakin,167,m,60.0,norma rae,1979,f,False,True,False,True,0,1,0,1,Acting
sonny,836,m,38.0,norma rae,1979,f,False,True,False,True,0,1,0,1,Acting
vernon,149,m,55.0,norma rae,1979,f,False,True,False,True,0,1,0,1,Acting
donna,240,f,30.0,the goodbye girl,1977,m,True,True,True,False,1,2,1,0,Acting
elliot garfield,6735,m,30.0,the goodbye girl,1977,m,True,True,True,False,1,2,1,0,Acting
linda,109,f,33.0,the goodbye girl,1977,m,True,True,True,False,1,2,1,0,Acting
lucy mcfadden,1346,f,10.0,the goodbye girl,1977,m,True,True,True,False,1,2,1,0,Acting
mark,585,m,39.0,the goodbye girl,1977,m,True,True,True,False,1,2,1,0,Acting
mrs. crosby,105,f,53.0,the goodbye girl,1977,m,True,True,True,False,1,2,1,0,Acting
paula mcfadden,4106,f,35.0,the goodbye girl,1977,m,True,True,True,False,1,2,1,0,Acting
ava gardner,828,f,31.0,the aviator,2004,m,True,True,False,True,2,1,0,1,Acting
emcee,131,m,53.0,the aviator,2004,m,True,True,False,True,2,1,0,1,Acting
errol flynn,106,m,32.0,the aviator,2004,m,True,True,False,True,2,1,0,1,Acting
glenn odekirk,874,m,34.0,the aviator,2004,m,True,True,False,True,2,1,0,1,Acting
howard hughes,8480,m,30.0,the aviator,2004,m,True,True,False,True,2,1,0,1,Acting
jack frye,373,m,42.0,the aviator,2004,m,True,True,False,True,2,1,0,1,Acting
johnny meyer,152,m,31.0,the aviator,2004,m,True,True,False,True,2,1,0,1,Acting
juan trippe,662,m,46.0,the aviator,2004,m,True,True,False,True,2,1,0,1,Acting
Katharine Hepbu,1483,f,35.0,the aviator,2004,m,True,True,False,True,2,1,0,1,Acting
mrs. hepburn,169,f,51.0,the aviator,2004,m,True,True,False,True,2,1,0,1,Acting
noah dietrich,471,m,39.0,the aviator,2004,m,True,True,False,True,2,1,0,1,Acting
professor fitz,104,m,73.0,the aviator,2004,m,True,True,False,True,2,1,0,1,Acting
senator ralph o,702,m,68.0,the aviator,2004,m,True,True,False,True,2,1,0,1,Acting
dr. robert,123,m,67.0,philomena,2013,m,False,True,False,False,0,1,0,0,Acting
jane,357,f,35.0,philomena,2013,m,False,True,False,False,0,1,0,0,Acting
marcia weller,121,f,47.0,philomena,2013,m,False,True,False,False,0,1,0,0,Acting
martin sixsmith,3257,m,48.0,philomena,2013,m,False,True,False,False,0,1,0,0,Acting
mary,145,f,54.0,philomena,2013,m,False,True,False,False,0,1,0,0,Acting
pete olsson,134,m,46.0,philomena,2013,m,False,True,False,False,0,1,0,0,Acting
philomena,3754,f,79.0,philomena,2013,m,False,True,False,False,0,1,0,0,Acting
sister hildegar,241,f,83.0,philomena,2013,m,False,True,False,False,0,1,0,0,Acting
claude kersek,681,m,55.0,cape fear,1991,m,True,True,False,False,1,1,0,0,Acting
danny's girlfri,724,f,15.0,cape fear,1991,m,True,True,False,False,1,1,0,0,Acting
lee heller,280,m,75.0,cape fear,1991,m,True,True,False,False,1,1,0,0,Acting
lieutenant elga,302,m,74.0,cape fear,1991,m,True,True,False,False,1,1,0,0,Acting
lori davis,585,f,26.0,cape fear,1991,m,True,True,False,False,1,1,0,0,Acting
max cady,1447,m,48.0,cape fear,1991,m,True,True,False,False,1,1,0,0,Acting
sam bowden,2403,m,50.0,cape fear,1991,m,True,True,False,False,1,1,0,0,Acting
tom broadbent,168,m,49.0,cape fear,1991,m,True,True,False,False,1,1,0,0,Acting
biggles,551,m,28.0,american sniper,2014,f,True,False,False,False,1,0,0,0,Acting
chris kyle,504,m,39.0,american sniper,2014,f,True,False,False,False,1,0,0,0,Acting
dia agent snead,114,m,47.0,american sniper,2014,f,True,False,False,False,1,0,0,0,Acting
goat-winston,126,m,28.0,american sniper,2014,f,True,False,False,False,1,0,0,0,Acting
instructor roll,286,m,42.0,american sniper,2014,f,True,False,False,False,1,0,0,0,Acting
lt. col. jones,164,m,47.0,american sniper,2014,f,True,False,False,False,1,0,0,0,Acting
marc lee,545,m,30.0,american sniper,2014,f,True,False,False,False,1,0,0,0,Acting
ranger one,116,m,36.0,american sniper,2014,f,True,False,False,False,1,0,0,0,Acting
taya,1183,f,33.0,american sniper,2014,f,True,False,False,False,1,0,0,0,Acting
berman,125,m,26.0,serpico,1973,m,True,False,False,False,1,0,0,0,Acting
bob blair,747,m,34.0,serpico,1973,m,True,False,False,False,1,0,0,0,Acting
delaney,129,m,56.0,serpico,1973,m,True,False,False,False,1,0,0,0,Acting
det. glover,154,m,39.0,serpico,1973,m,True,False,False,False,1,0,0,0,Acting
laurie,386,f,28.0,serpico,1973,m,True,False,False,False,1,0,0,0,Acting
leslie,383,f,30.0,serpico,1973,m,True,False,False,False,1,0,0,0,Acting
lombardo,219,m,41.0,serpico,1973,m,True,False,False,False,1,0,0,0,Acting
sarno,130,m,51.0,serpico,1973,m,True,False,False,False,1,0,0,0,Acting
serpico,3842,m,33.0,serpico,1973,m,True,False,False,False,1,0,0,0,Acting
sidney green,342,m,58.0,serpico,1973,m,True,False,False,False,1,0,0,0,Acting
'bim' nolan,371,m,40.0,the lost weekend,1945,m,True,False,True,False,1,0,1,0,Acting
don birnam,5253,m,40.0,the lost weekend,1945,m,True,False,True,False,1,0,1,0,Acting
gloria,553,f,22.0,the lost weekend,1945,m,True,False,True,False,1,0,1,0,Acting
headwaiter,214,m,55.0,the lost weekend,1945,m,True,False,True,False,1,0,1,0,Acting
helen st. james,1838,f,28.0,the lost weekend,1945,m,True,False,True,False,1,0,1,0,Acting
mr. st. james,103,m,56.0,the lost weekend,1945,m,True,False,True,False,1,0,1,0,Acting
mrs. deveridge,252,f,66.0,the lost weekend,1945,m,True,False,True,False,1,0,1,0,Acting
nat,706,m,36.0,the lost weekend,1945,m,True,False,True,False,1,0,1,0,Acting
opera cloak roo,249,m,65.0,the lost weekend,1945,m,True,False,True,False,1,0,1,0,Acting
wick birnam,986,m,36.0,the lost weekend,1945,m,True,False,True,False,1,0,1,0,Acting
annabeth markum,502,f,39.0,mystic river,2003,m,True,True,True,False,2,1,2,0,Acting
boy,126,m,12.0,mystic river,2003,m,True,True,True,False,2,1,2,0,Acting
brendan harris,692,m,22.0,mystic river,2003,m,True,True,True,False,2,1,2,0,Acting
celeste boyle,435,f,44.0,mystic river,2003,m,True,True,True,False,2,1,2,0,Acting
dave boyle,1766,m,45.0,mystic river,2003,m,True,True,True,False,2,1,2,0,Acting
driver,142,m,58.0,mystic river,2003,m,True,True,True,False,2,1,2,0,Acting
esther harris,114,f,61.0,mystic river,2003,m,True,True,True,False,2,1,2,0,Acting
jimmy markum,2142,m,43.0,mystic river,2003,m,True,True,True,False,2,1,2,0,Acting
pete,219,m,26.0,mystic river,2003,m,True,True,True,False,2,1,2,0,Acting
sean devine,2069,m,45.0,mystic river,2003,m,True,True,True,False,2,1,2,0,Acting
theo,124,m,61.0,mystic river,2003,m,True,True,True,False,2,1,2,0,Acting
whitey powers,1715,m,42.0,mystic river,2003,m,True,True,True,False,2,1,2,0,Acting
young jimmy,140,m,12.0,mystic river,2003,m,True,True,True,False,2,1,2,0,Acting
ben bradlee,782,m,54.0,all the presidents men,1976,m,True,True,True,False,1,1,1,0,Acting
bob woodward,2693,m,40.0,all the presidents men,1976,m,True,True,True,False,1,1,1,0,Acting
carl bernstein,2461,m,39.0,all the presidents men,1976,m,True,True,True,False,1,1,1,0,Acting
dardis' secreta,144,f,39.0,all the presidents men,1976,m,True,True,True,False,1,1,1,0,Acting
debbie sloan,459,f,29.0,all the presidents men,1976,m,True,True,True,False,1,1,1,0,Acting
deep throat,552,m,51.0,all the presidents men,1976,m,True,True,True,False,1,1,1,0,Acting
donald segretti,205,m,33.0,all the presidents men,1976,m,True,True,True,False,1,1,1,0,Acting
foreign editor,183,m,47.0,all the presidents men,1976,m,True,True,True,False,1,1,1,0,Acting
harry rosenfeld,590,m,56.0,all the presidents men,1976,m,True,True,True,False,1,1,1,0,Acting
howard simons,182,m,57.0,all the presidents men,1976,m,True,True,True,False,1,1,1,0,Acting
national editor,126,m,54.0,all the presidents men,1976,m,True,True,True,False,1,1,1,0,Acting
billy,230,m,33.0,a history of violence,2005,f,True,False,False,False,1,0,0,0,Acting
bobby singer,227,m,21.0,a history of violence,2005,f,True,False,False,False,1,0,0,0,Acting
edie stall,2501,f,38.0,a history of violence,2005,f,True,False,False,False,1,0,0,0,Acting
jack stall,576,m,27.0,a history of violence,2005,f,True,False,False,False,1,0,0,0,Acting
judy danvers,207,f,19.0,a history of violence,2005,f,True,False,False,False,1,0,0,0,Acting
leland,287,m,58.0,a history of violence,2005,f,True,False,False,False,1,0,0,0,Acting
richie cusack,336,m,55.0,a history of violence,2005,f,True,False,False,False,1,0,0,0,Acting
tom stall,3753,m,47.0,a history of violence,2005,f,True,False,False,False,1,0,0,0,Acting
"donna, ron's gi",188,f,24.0,born on the fourth of july,1989,m,True,False,False,False,1,0,0,0,Acting
infantry colone,107,m,45.0,born on the fourth of july,1989,m,True,False,False,False,1,0,0,0,Acting
legion commande,278,m,51.0,born on the fourth of july,1989,m,True,False,False,False,1,0,0,0,Acting
Mrs. Kovic,340,f,40.0,born on the fourth of july,1989,m,True,False,False,False,1,0,0,0,Acting
Mrs. Kovic,334,m,50.0,born on the fourth of july,1989,m,True,False,False,False,1,0,0,0,Acting
Recruiting Gunn,367,m,40.0,born on the fourth of july,1989,m,True,False,False,False,1,0,0,0,Acting
ron kovic,3270,m,27.0,born on the fourth of july,1989,m,True,False,False,False,1,0,0,0,Acting
steve boyer,332,m,32.0,born on the fourth of july,1989,m,True,False,False,False,1,0,0,0,Acting
Tommy Kovic,473,m,18.0,born on the fourth of july,1989,m,True,False,False,False,1,0,0,0,Acting
barbara,105,f,52.0,spotlight,2015,m,True,True,False,False,1,1,0,0,Acting
ben bradlee jr.,749,m,53.0,spotlight,2015,m,True,True,False,False,1,1,0,0,Acting
cardinal law,223,m,76.0,spotlight,2015,m,True,True,False,False,1,1,0,0,Acting
eric macleish,440,m,47.0,spotlight,2015,m,True,True,False,False,1,1,0,0,Acting
jon albano,110,m,57.0,spotlight,2015,m,True,True,False,False,1,1,0,0,Acting
marty baron,1143,m,48.0,spotlight,2015,m,True,True,False,False,1,1,0,0,Acting
Matt Carroll,585,m,47.0,spotlight,2015,m,True,True,False,False,1,1,0,0,Acting
mike rezendes,3077,m,48.0,spotlight,2015,m,True,True,False,False,1,1,0,0,Acting
mitchell garabe,1034,m,55.0,spotlight,2015,m,True,True,False,False,1,1,0,0,Acting
richard gilman,227,m,60.0,spotlight,2015,m,True,True,False,False,1,1,0,0,Acting
richard sipe,617,m,68.0,spotlight,2015,m,True,True,False,False,1,1,0,0,Acting
sacha pfeiffer,797,f,37.0,spotlight,2015,m,True,True,False,False,1,1,0,0,Acting
walter 'robby' ,3062,m,64.0,spotlight,2015,m,True,True,False,False,1,1,0,0,Acting
charles spencer,3132,m,27.0,chaplin,1992,m,True,False,False,False,1,0,0,0,Acting
douglas fairban,513,m,45.0,chaplin,1992,m,True,False,False,False,1,0,0,0,Acting
fred karno,293,m,50.0,chaplin,1992,m,True,False,False,False,1,0,0,0,Acting
george hayden,638,m,55.0,chaplin,1992,m,True,False,False,False,1,0,0,0,Acting
hannah chaplin,285,f,48.0,chaplin,1992,m,True,False,False,False,1,0,0,0,Acting
j. edgar hoover,245,m,36.0,chaplin,1992,m,True,False,False,False,1,0,0,0,Acting
joan barry,136,f,31.0,chaplin,1992,m,True,False,False,False,1,0,0,0,Acting
joseph scott,225,m,45.0,chaplin,1992,m,True,False,False,False,1,0,0,0,Acting
mack sennett,495,m,40.0,chaplin,1992,m,True,False,False,False,1,0,0,0,Acting
paulette goddar,170,f,27.0,chaplin,1992,m,True,False,False,False,1,0,0,0,Acting
stage manager,116,m,47.0,chaplin,1992,m,True,False,False,False,1,0,0,0,Acting
sydney chaplin,621,m,29.0,chaplin,1992,m,True,False,False,False,1,0,0,0,Acting
joy,5903,f,25.0,joy,2015,f,False,True,False,False,0,1,0,0,Acting
parking lot wom,203,f,42.0,joy,2015,f,False,True,False,False,0,1,0,0,Acting
rudy,1370,m,72.0,joy,2015,f,False,True,False,False,0,1,0,0,Acting
tony,1179,m,38.0,joy,2015,f,False,True,False,False,0,1,0,0,Acting
charlie,511,m,42.0,an unmarried woman,1978,f,False,True,False,False,0,1,0,0,Acting
claire,180,f,31.0,an unmarried woman,1978,f,False,True,False,False,0,1,0,0,Acting
dr. jacobs,124,m,45.0,an unmarried woman,1978,f,False,True,False,False,0,1,0,0,Acting
edward,108,m,39.0,an unmarried woman,1978,f,False,True,False,False,0,1,0,0,Acting
elaine,434,f,34.0,an unmarried woman,1978,f,False,True,False,False,0,1,0,0,Acting
erica,4639,f,34.0,an unmarried woman,1978,f,False,True,False,False,0,1,0,0,Acting
jeannette,497,f,36.0,an unmarried woman,1978,f,False,True,False,False,0,1,0,0,Acting
martin,890,m,40.0,an unmarried woman,1978,f,False,True,False,False,0,1,0,0,Acting
patti,777,f,17.0,an unmarried woman,1978,f,False,True,False,False,0,1,0,0,Acting
saul kaplan,1196,m,44.0,an unmarried woman,1978,f,False,True,False,False,0,1,0,0,Acting
sue,493,f,41.0,an unmarried woman,1978,f,False,True,False,False,0,1,0,0,Acting
tanya,423,f,61.0,an unmarried woman,1978,f,False,True,False,False,0,1,0,0,Acting
bill gambini,325,m,31.0,my cousin vinny,1992,m,False,True,False,True,0,1,0,1,Acting
jim trotter iii,317,m,56.0,my cousin vinny,1992,m,False,True,False,True,0,1,0,1,Acting
john gibbons,164,m,52.0,my cousin vinny,1992,m,False,True,False,True,0,1,0,1,Acting
judge chamberla,583,m,66.0,my cousin vinny,1992,m,False,True,False,True,0,1,0,1,Acting
mona lisa vito,409,f,28.0,my cousin vinny,1992,m,False,True,False,True,0,1,0,1,Acting
sam tipton,124,m,43.0,my cousin vinny,1992,m,False,True,False,True,0,1,0,1,Acting
stan rothenstei,451,m,28.0,my cousin vinny,1992,m,False,True,False,True,0,1,0,1,Acting
vinny gambini,1764,m,49.0,my cousin vinny,1992,m,False,True,False,True,0,1,0,1,Acting
bridger,411,m,22.0,the revenant,2015,m,True,False,True,False,2,0,1,0,Acting
captain andrew ,833,m,32.0,the revenant,2015,m,True,False,True,False,2,0,1,0,Acting
hugh glass,1148,m,41.0,the revenant,2015,m,True,False,True,False,2,0,1,0,Acting
john fitzgerald,1722,m,38.0,the revenant,2015,m,True,False,True,False,2,0,1,0,Acting
murphy,137,m,43.0,the revenant,2015,m,True,False,True,False,2,0,1,0,Acting
bart,2057,m,35.0,blazing saddles,1974,m,False,True,False,False,0,1,0,0,Acting
charlie,181,m,52.0,blazing saddles,1974,m,False,True,False,False,0,1,0,0,Acting
hedley lamarr,722,m,47.0,blazing saddles,1974,m,False,True,False,False,0,1,0,0,Acting
howard johnson,182,m,42.0,blazing saddles,1974,m,False,True,False,False,0,1,0,0,Acting
lili von shtupp,309,f,32.0,blazing saddles,1974,m,False,True,False,False,0,1,0,0,Acting
lyle,327,m,36.0,blazing saddles,1974,m,False,True,False,False,0,1,0,0,Acting
mongo,190,m,39.0,blazing saddles,1974,m,False,True,False,False,0,1,0,0,Acting
olson johnson,213,m,44.0,blazing saddles,1974,m,False,True,False,False,0,1,0,0,Acting
taggart,767,m,55.0,blazing saddles,1974,m,False,True,False,False,0,1,0,0,Acting
van johnson,114,m,42.0,blazing saddles,1974,m,False,True,False,False,0,1,0,0,Acting
artemidorus,118,m,55.0,julius caesar,1953,m,True,False,False,False,1,0,0,0,Acting
brutus,4085,m,44.0,julius caesar,1953,m,True,False,False,False,1,0,0,0,Acting
calpurnia,198,f,49.0,julius caesar,1953,m,True,False,False,False,1,0,0,0,Acting
casca,864,m,38.0,julius caesar,1953,m,True,False,False,False,1,0,0,0,Acting
cassius,2853,m,49.0,julius caesar,1953,m,True,False,False,False,1,0,0,0,Acting
cinna,206,m,35.0,julius caesar,1953,m,True,False,False,False,1,0,0,0,Acting
decius brutus,231,m,48.0,julius caesar,1953,m,True,False,False,False,1,0,0,0,Acting
julius caesar,1119,m,58.0,julius caesar,1953,m,True,False,False,False,1,0,0,0,Acting
lucilius,114,m,56.0,julius caesar,1953,m,True,False,False,False,1,0,0,0,Acting
mark antony,2185,m,29.0,julius caesar,1953,m,True,False,False,False,1,0,0,0,Acting
marullus,178,m,54.0,julius caesar,1953,m,True,False,False,False,1,0,0,0,Acting
octavius caesar,224,m,32.0,julius caesar,1953,m,True,False,False,False,1,0,0,0,Acting
portia,450,f,32.0,julius caesar,1953,m,True,False,False,False,1,0,0,0,Acting
servant to anto,169,m,31.0,julius caesar,1953,m,True,False,False,False,1,0,0,0,Acting
aunt kissy,290,f,48.0,private benjamin,1980,f,False,True,False,False,0,2,0,0,Acting
Aunt Kissy,105,f,62.0,private benjamin,1980,f,False,True,False,False,0,2,0,0,Acting
Brig. Gen. Fole,113,m,48.0,private benjamin,1980,f,False,True,False,False,0,2,0,0,Acting
Capt. Doreen Le,1221,f,48.0,private benjamin,1980,f,False,True,False,False,0,2,0,0,Acting
Col. Clay Thorn,835,m,56.0,private benjamin,1980,f,False,True,False,False,0,2,0,0,Acting
harriet benjami,212,f,49.0,private benjamin,1980,f,False,True,False,False,0,2,0,0,Acting
henri alan trem,1150,m,31.0,private benjamin,1980,f,False,True,False,False,0,2,0,0,Acting
judy benjamin,5949,f,35.0,private benjamin,1980,f,False,True,False,False,0,2,0,0,Acting
pvt. gianelli,233,f,30.0,private benjamin,1980,f,False,True,False,False,0,2,0,0,Acting
pvt. gloria moe,302,f,27.0,private benjamin,1980,f,False,True,False,False,0,2,0,0,Acting
pvt. mary lou g,292,f,33.0,private benjamin,1980,f,False,True,False,False,0,2,0,0,Acting
pvt. wanda wint,151,f,30.0,private benjamin,1980,f,False,True,False,False,0,2,0,0,Acting
rabbi,145,m,50.0,private benjamin,1980,f,False,True,False,False,0,2,0,0,Acting
Sgt. L.C. Ross,476,m,42.0,private benjamin,1980,f,False,True,False,False,0,2,0,0,Acting
teddy benjamin,745,m,61.0,private benjamin,1980,f,False,True,False,False,0,2,0,0,Acting
yale goodman,297,m,33.0,private benjamin,1980,f,False,True,False,False,0,2,0,0,Acting
barbossa,1780,m,52.0,pirates of the caribbean the curse of the black pearl,2003,f,True,False,False,False,1,0,0,0,Acting
elizabeth swann,1273,f,18.0,pirates of the caribbean the curse of the black pearl,2003,f,True,False,False,False,1,0,0,0,Acting
jack sparrow,3248,m,40.0,pirates of the caribbean the curse of the black pearl,2003,f,True,False,False,False,1,0,0,0,Acting
joshamee gibbs,585,m,47.0,pirates of the caribbean the curse of the black pearl,2003,f,True,False,False,False,1,0,0,0,Acting
lt. gillette,143,m,26.0,pirates of the caribbean the curse of the black pearl,2003,f,True,False,False,False,1,0,0,0,Acting
norrington,985,m,30.0,pirates of the caribbean the curse of the black pearl,2003,f,True,False,False,False,1,0,0,0,Acting
pintel,521,m,41.0,pirates of the caribbean the curse of the black pearl,2003,f,True,False,False,False,1,0,0,0,Acting
will turner,845,m,26.0,pirates of the caribbean the curse of the black pearl,2003,f,True,False,False,False,1,0,0,0,Acting
april,155,f,26.0,tootsie,1982,f,True,True,False,True,1,2,0,1,Acting
jeff,330,m,32.0,tootsie,1982,f,True,True,False,True,1,2,0,1,Acting
john van horn,121,m,65.0,tootsie,1982,f,True,True,False,True,1,2,0,1,Acting
julie,638,f,33.0,tootsie,1982,f,True,True,False,True,1,2,0,1,Acting
les,497,m,59.0,tootsie,1982,f,True,True,False,True,1,2,0,1,Acting
rita,319,f,56.0,tootsie,1982,f,True,True,False,True,1,2,0,1,Acting
ron,304,m,50.0,tootsie,1982,f,True,True,False,True,1,2,0,1,Acting
sandy,492,f,35.0,tootsie,1982,f,True,True,False,True,1,2,0,1,Acting
col. james m. m,502,m,44.0,glory,1989,m,True,False,True,False,1,0,1,0,Acting
col. robert gou,3313,m,27.0,glory,1989,m,True,False,True,False,1,0,1,0,Acting
cpl. thomas sea,464,m,27.0,glory,1989,m,True,False,True,False,1,0,1,0,Acting
frederick dougl,249,m,59.0,glory,1989,m,True,False,True,False,1,0,1,0,Acting
gen. charles ga,142,m,44.0,glory,1989,m,True,False,True,False,1,0,1,0,Acting
hospital stewar,116,m,34.0,glory,1989,m,True,False,True,False,1,0,1,0,Acting
maj. cabot forb,730,m,27.0,glory,1989,m,True,False,True,False,1,0,1,0,Acting
pvt. jupiter sh,258,m,33.0,glory,1989,m,True,False,True,False,1,0,1,0,Acting
pvt. trip,720,m,35.0,glory,1989,m,True,False,True,False,1,0,1,0,Acting
quartermaster,117,m,41.0,glory,1989,m,True,False,True,False,1,0,1,0,Acting
sarah blake stu,423,f,50.0,glory,1989,m,True,False,True,False,1,0,1,0,Acting
sgt. maj. john ,822,m,52.0,glory,1989,m,True,False,True,False,1,0,1,0,Acting
sgt. maj. mulca,150,m,37.0,glory,1989,m,True,False,True,False,1,0,1,0,Acting
augie,217,m,56.0,blue jasmine,2013,f,False,True,False,True,0,2,0,1,Acting
chili,169,m,43.0,blue jasmine,2013,f,False,True,False,True,0,2,0,1,Acting
dwight,347,m,42.0,blue jasmine,2013,f,False,True,False,True,0,2,0,1,Acting
ginger,503,f,37.0,blue jasmine,2013,f,False,True,False,True,0,2,0,1,Acting
hal,151,m,55.0,blue jasmine,2013,f,False,True,False,True,0,2,0,1,Acting
jasmine,2133,f,44.0,blue jasmine,2013,f,False,True,False,True,0,2,0,1,Acting
al d'andrea,785,m,32.0,in the line of fire,1993,m,True,False,False,False,1,0,0,0,Acting
bill watts,325,m,37.0,in the line of fire,1993,m,True,False,False,False,1,0,0,0,Acting
booth's landlad,1294,f,64.0,in the line of fire,1993,m,True,False,False,False,1,0,0,0,Acting
cia agent david,207,m,48.0,in the line of fire,1993,m,True,False,False,False,1,0,0,0,Acting
frank horrigan,4081,m,63.0,in the line of fire,1993,m,True,False,False,False,1,0,0,0,Acting
harry sargent,186,m,51.0,in the line of fire,1993,m,True,False,False,False,1,0,0,0,Acting
lilly raines,772,f,39.0,in the line of fire,1993,m,True,False,False,False,1,0,0,0,Acting
sam campagna,349,m,53.0,in the line of fire,1993,m,True,False,False,False,1,0,0,0,Acting
sanford riggs,148,m,54.0,in the line of fire,1993,m,True,False,False,False,1,0,0,0,Acting
aaron,1040,m,27.0,primal fear,1996,f,True,False,False,False,1,0,0,0,Acting
abel stenner,126,m,50.0,primal fear,1996,f,True,False,False,False,1,0,0,0,Acting
alex,132,m,26.0,primal fear,1996,f,True,False,False,False,1,0,0,0,Acting
bud yancy,170,m,44.0,primal fear,1996,f,True,False,False,False,1,0,0,0,Acting
jack connerman,102,m,32.0,primal fear,1996,f,True,False,False,False,1,0,0,0,Acting
janet venable,2222,f,32.0,primal fear,1996,f,True,False,False,False,1,0,0,0,Acting
joey pinero,288,m,40.0,primal fear,1996,f,True,False,False,False,1,0,0,0,Acting
martin vail,6106,m,47.0,primal fear,1996,f,True,False,False,False,1,0,0,0,Acting
martinez,163,m,44.0,primal fear,1996,f,True,False,False,False,1,0,0,0,Acting
molly,471,f,39.0,primal fear,1996,f,True,False,False,False,1,0,0,0,Acting
naomi chance,186,f,31.0,primal fear,1996,f,True,False,False,False,1,0,0,0,Acting
shaughnessy,918,m,56.0,primal fear,1996,f,True,False,False,False,1,0,0,0,Acting
shoat,746,f,44.0,primal fear,1996,f,True,False,False,False,1,0,0,0,Acting
tommy goodman,465,m,34.0,primal fear,1996,f,True,False,False,False,1,0,0,0,Acting
alex vogel,378,m,40.0,the martian,2015,f,True,False,False,False,1,0,0,0,Acting
annie montrose,542,f,42.0,the martian,2015,f,True,False,False,False,1,0,0,0,Acting
beth johanssen,671,f,32.0,the martian,2015,f,True,False,False,False,1,0,0,0,Acting
bruce ng,622,m,45.0,the martian,2015,f,True,False,False,False,1,0,0,0,Acting
chris beck,487,m,33.0,the martian,2015,f,True,False,False,False,1,0,0,0,Acting
guo ming,154,m,78.0,the martian,2015,f,True,False,False,False,1,0,0,0,Acting
mark watney,2068,m,45.0,the martian,2015,f,True,False,False,False,1,0,0,0,Acting
melissa lewis,1471,f,38.0,the martian,2015,f,True,False,False,False,1,0,0,0,Acting
mike watkins,158,m,41.0,the martian,2015,f,True,False,False,False,1,0,0,0,Acting
mindy park,180,f,28.0,the martian,2015,f,True,False,False,False,1,0,0,0,Acting
mitch henderson,332,m,56.0,the martian,2015,f,True,False,False,False,1,0,0,0,Acting
rich purnell,240,m,32.0,the martian,2015,f,True,False,False,False,1,0,0,0,Acting
rick martinez,519,m,39.0,the martian,2015,f,True,False,False,False,1,0,0,0,Acting
teddy sanders,969,m,60.0,the martian,2015,f,True,False,False,False,1,0,0,0,Acting
timer controlle,127,m,40.0,the martian,2015,f,True,False,False,False,1,0,0,0,Acting
Vincent Kapoor,1168,m,38.0,the martian,2015,f,True,False,False,False,1,0,0,0,Acting
gloria swenson,2030,f,50.0,gloria,1980,f,False,True,False,False,0,1,0,0,Acting
heavy set man,132,m,39.0,gloria,1980,f,False,True,False,False,0,1,0,0,Acting
jack dawn,243,m,50.0,gloria,1980,f,False,True,False,False,0,1,0,0,Acting
jeri dawn,182,f,26.0,gloria,1980,f,False,True,False,False,0,1,0,0,Acting
phil dawn,1593,m,8.0,gloria,1980,f,False,True,False,False,0,1,0,0,Acting
tony tanzini,102,m,66.0,gloria,1980,f,False,True,False,False,0,1,0,0,Acting
alphonse paquet,640,m,36.0,anatomy of a murder,1959,m,True,False,False,False,3,0,0,0,Acting
army sergeant 1,127,m,34.0,anatomy of a murder,1959,m,True,False,False,False,3,0,0,0,Acting
asst. state att,2369,m,32.0,anatomy of a murder,1959,m,True,False,False,False,3,0,0,0,Acting
dist. atty. mit,1369,m,43.0,anatomy of a murder,1959,m,True,False,False,False,3,0,0,0,Acting
dr. raschid,131,m,60.0,anatomy of a murder,1959,m,True,False,False,False,3,0,0,0,Acting
dr. w. gregory ,184,m,71.0,anatomy of a murder,1959,m,True,False,False,False,3,0,0,0,Acting
duane 'duke' mi,153,m,39.0,anatomy of a murder,1959,m,True,False,False,False,3,0,0,0,Acting
george lemon,243,m,67.0,anatomy of a murder,1959,m,True,False,False,False,3,0,0,0,Acting
judge weaver,1702,m,69.0,anatomy of a murder,1959,m,True,False,False,False,3,0,0,0,Acting
laura manion,1989,f,24.0,anatomy of a murder,1959,m,True,False,False,False,3,0,0,0,Acting
maida rutledge,563,f,51.0,anatomy of a murder,1959,m,True,False,False,False,3,0,0,0,Acting
mary pilant,376,f,26.0,anatomy of a murder,1959,m,True,False,False,False,3,0,0,0,Acting
parnell emmett ,951,m,51.0,anatomy of a murder,1959,m,True,False,False,False,3,0,0,0,Acting
paul biegler,7296,m,51.0,anatomy of a murder,1959,m,True,False,False,False,3,0,0,0,Acting
captain poison,330,m,41.0,blood diamond,2006,f,True,False,False,False,2,0,0,0,Acting
Colonel Coetzee,338,m,44.0,blood diamond,2006,f,True,False,False,False,2,0,0,0,Acting
Danny Archer,1341,m,32.0,blood diamond,2006,f,True,False,False,False,2,0,0,0,Acting
maddy bowen,1102,f,36.0,blood diamond,2006,f,True,False,False,False,2,0,0,0,Acting
rupert simmons,203,m,37.0,blood diamond,2006,f,True,False,False,False,2,0,0,0,Acting
solomon vandy,1804,m,42.0,blood diamond,2006,f,True,False,False,False,2,0,0,0,Acting
alma,223,f,25.0,brokeback mountain,2005,m,True,True,False,False,2,1,0,0,Acting
cassie,188,f,30.0,brokeback mountain,2005,m,True,True,False,False,2,1,0,0,Acting
ennis del mar,1396,m,26.0,brokeback mountain,2005,m,True,True,False,False,2,1,0,0,Acting
jack twist,1449,m,25.0,brokeback mountain,2005,m,True,True,False,False,2,1,0,0,Acting
joe aguirre,166,m,55.0,brokeback mountain,2005,m,True,True,False,False,2,1,0,0,Acting
benjamin button,3142,m,45.0,the curious case of benjamin button,2008,f,True,True,False,False,1,1,0,0,Acting
Captain Mike,959,m,47.0,the curious case of benjamin button,2008,f,True,True,False,False,1,1,0,0,Acting
caroline,883,f,43.0,the curious case of benjamin button,2008,f,True,True,False,False,1,1,0,0,Acting
daisy,3182,f,39.0,the curious case of benjamin button,2008,f,True,True,False,False,1,1,0,0,Acting
doctor at benja,131,m,56.0,the curious case of benjamin button,2008,f,True,True,False,False,1,1,0,0,Acting
dorothy baker,114,f,32.0,the curious case of benjamin button,2008,f,True,True,False,False,1,1,0,0,Acting
elizabeth abbot,801,f,48.0,the curious case of benjamin button,2008,f,True,True,False,False,1,1,0,0,Acting
grandma fuller,175,f,65.0,the curious case of benjamin button,2008,f,True,True,False,False,1,1,0,0,Acting
mr. daws,168,m,82.0,the curious case of benjamin button,2008,f,True,True,False,False,1,1,0,0,Acting
preacher,172,m,53.0,the curious case of benjamin button,2008,f,True,True,False,False,1,1,0,0,Acting
queenie,995,f,38.0,the curious case of benjamin button,2008,f,True,True,False,False,1,1,0,0,Acting
thomas button,696,m,42.0,the curious case of benjamin button,2008,f,True,True,False,False,1,1,0,0,Acting
tizzy,306,m,34.0,the curious case of benjamin button,2008,f,True,True,False,False,1,1,0,0,Acting
father brendan ,2812,m,41.0,doubt,2008,m,True,True,False,False,1,3,0,0,Acting
mrs. miller,853,f,43.0,doubt,2008,m,True,True,False,False,1,3,0,0,Acting
Sister Aloysius,2919,f,59.0,doubt,2008,m,True,True,False,False,1,3,0,0,Acting
sister james,1347,f,34.0,doubt,2008,m,True,True,False,False,1,3,0,0,Acting
bela lugosi,2229,m,66.0,ed wood,1994,m,True,False,True,False,1,0,1,0,Acting
bunny breckinri,177,m,44.0,ed wood,1994,m,True,False,True,False,1,0,1,0,Acting
conrad brooks,158,m,32.0,ed wood,1994,m,True,False,True,False,1,0,1,0,Acting
criswell,573,m,48.0,ed wood,1994,m,True,False,True,False,1,0,1,0,Acting
dolores fuller,918,f,29.0,ed wood,1994,m,True,False,True,False,1,0,1,0,Acting
ed reynolds,320,m,51.0,ed wood,1994,m,True,False,True,False,1,0,1,0,Acting
ed wood,7291,m,31.0,ed wood,1994,m,True,False,True,False,1,0,1,0,Acting
georgie weiss,735,m,44.0,ed wood,1994,m,True,False,True,False,1,0,1,0,Acting
kathy o'hara,373,f,26.0,ed wood,1994,m,True,False,True,False,1,0,1,0,Acting
loretta king,182,f,29.0,ed wood,1994,m,True,False,True,False,1,0,1,0,Acting
orson welles,109,m,36.0,ed wood,1994,m,True,False,True,False,1,0,1,0,Acting
paul marco,293,m,27.0,ed wood,1994,m,True,False,True,False,1,0,1,0,Acting
reverend lemon,157,m,74.0,ed wood,1994,m,True,False,True,False,1,0,1,0,Acting
tor johnson,549,m,57.0,ed wood,1994,m,True,False,True,False,1,0,1,0,Acting
vampira,453,f,26.0,ed wood,1994,m,True,False,True,False,1,0,1,0,Acting
don hewitt,243,m,42.0,good night and good luck,2005,m,True,False,False,False,1,0,0,0,Acting
don hollenbeck,438,m,58.0,good night and good luck,2005,m,True,False,False,False,1,0,0,0,Acting
eddie scott,143,m,35.0,good night and good luck,2005,m,True,False,False,False,1,0,0,0,Acting
edward r. murro,3761,m,56.0,good night and good luck,2005,m,True,False,False,False,1,0,0,0,Acting
fred friendly,1298,m,44.0,good night and good luck,2005,m,True,False,False,False,1,0,0,0,Acting
jesse zousmer,101,m,42.0,good night and good luck,2005,m,True,False,False,False,1,0,0,0,Acting
john aaron,128,m,38.0,good night and good luck,2005,m,True,False,False,False,1,0,0,0,Acting
natalie,186,f,32.0,good night and good luck,2005,m,True,False,False,False,1,0,0,0,Acting
shirley wershba,1149,f,46.0,good night and good luck,2005,m,True,False,False,False,1,0,0,0,Acting
captain tony st,2770,m,48.0,the messenger,2009,m,True,False,False,False,1,0,0,0,Acting
colonel stuart ,207,m,47.0,the messenger,2009,m,True,False,False,False,1,0,0,0,Acting
dale martin,117,m,52.0,the messenger,2009,m,True,False,False,False,1,0,0,0,Acting
kelly,284,f,25.0,the messenger,2009,m,True,False,False,False,1,0,0,0,Acting
monica washingt,105,f,27.0,the messenger,2009,m,True,False,False,False,1,0,0,0,Acting
olivia pitterso,577,f,32.0,the messenger,2009,m,True,False,False,False,1,0,0,0,Acting
recruiter brown,116,m,26.0,the messenger,2009,m,True,False,False,False,1,0,0,0,Acting
recruiter olson,155,m,29.0,the messenger,2009,m,True,False,False,False,1,0,0,0,Acting
staff sergeant ,1975,m,29.0,the messenger,2009,m,True,False,False,False,1,0,0,0,Acting
art howe,580,m,44.0,moneyball,2011,m,True,False,False,False,2,0,0,0,Acting
billy beane,7066,m,48.0,moneyball,2011,m,True,False,False,False,2,0,0,0,Acting
casey beane,202,f,13.0,moneyball,2011,m,True,False,False,False,2,0,0,0,Acting
mark shapiro,140,m,44.0,moneyball,2011,m,True,False,False,False,2,0,0,0,Acting
peter brand,2187,m,28.0,moneyball,2011,m,True,False,False,False,2,0,0,0,Acting
pittaro,122,m,55.0,moneyball,2011,m,True,False,False,False,2,0,0,0,Acting
albert hujar,109,m,47.0,schindlers list,1993,m,True,False,False,False,2,0,0,0,Acting
amon goeth,963,m,31.0,schindlers list,1993,m,True,False,False,False,2,0,0,0,Acting
itzhak stern,552,m,50.0,schindlers list,1993,m,True,False,False,False,2,0,0,0,Acting
julian scherner,141,m,47.0,schindlers list,1993,m,True,False,False,False,2,0,0,0,Acting
oskar schindler,3258,m,41.0,schindlers list,1993,m,True,False,False,False,2,0,0,0,Acting
poldek pfefferb,227,m,34.0,schindlers list,1993,m,True,False,False,False,2,0,0,0,Acting
albin grau,1435,m,56.0,shadow of the vampire,2000,m,True,False,False,False,1,0,0,0,Acting
friedrich wilhe,4437,m,47.0,shadow of the vampire,2000,m,True,False,False,False,1,0,0,0,Acting
fritz arno wagn,921,m,38.0,shadow of the vampire,2000,m,True,False,False,False,1,0,0,0,Acting
greta schröder,550,f,28.0,shadow of the vampire,2000,m,True,False,False,False,1,0,0,0,Acting
gustav von wang,604,m,38.0,shadow of the vampire,2000,m,True,False,False,False,1,0,0,0,Acting
Henrik Galeen,1224,m,42.0,shadow of the vampire,2000,m,True,False,False,False,1,0,0,0,Acting
max schreck,1150,m,45.0,shadow of the vampire,2000,m,True,False,False,False,1,0,0,0,Acting
micheline,750,f,37.0,shadow of the vampire,2000,m,True,False,False,False,1,0,0,0,Acting
Wolfgang Muller,156,m,36.0,shadow of the vampire,2000,m,True,False,False,False,1,0,0,0,Acting
