title,year,total_words_f,total_words_m,num_characters_f,num_characters_m,pct_words_f,pct_words_m,pct_chars_f,pct_chars_m,avg_male_words,avg_female_words,dominant_gender,total_nominations,total_wins,nominated,df_type
10 things i hate about you,1999,8992.0,10688.0,4.0,8.0,0.45691056910569106,0.5430894308943089,0.3333333333333333,0.6666666666666666,1336.0,2248.0,f,0,0,False,Other
12 and holding,2005,5324.0,10644.0,5.0,10.0,0.33341683366733466,0.6665831663326653,0.3333333333333333,0.6666666666666666,1064.4,1064.8,f,0,0,False,Other
12 years a slave,2013,3452.0,16176.0,6.0,22.0,0.17587120440187487,0.8241287955981251,0.21428571428571427,0.7857142857142857,735.2727272727273,575.3333333333334,m,6,2,True,Other
127 hours,2010,809.0,4336.0,3.0,1.0,0.15724003887269195,0.8427599611273081,0.75,0.25,4336.0,269.6666666666667,m,5,0,True,Other
1408,2007,284.0,3039.0,1.0,3.0,0.08546494131808606,0.914535058681914,0.25,0.75,1013.0,284.0,m,0,0,False,Other
1492 conquest of paradise,1992,487.0,7656.0,2.0,12.0,0.059805968316345326,0.9401940316836547,0.14285714285714285,0.8571428571428571,638.0,243.5,m,0,0,False,Other
15 minutes,2001,1524.0,7584.0,4.0,10.0,0.1673254281949934,0.8326745718050066,0.2857142857142857,0.7142857142857143,758.4,381.0,m,0,0,False,Other
17 again,2009,3806.0,12832.0,6.0,8.0,0.22875345594422405,0.771246544055776,0.42857142857142855,0.5714285714285714,1604.0,634.3333333333334,m,0,0,False,Other
2 guns,2013,583.0,9206.0,1.0,6.0,0.059556645214015734,0.9404433547859843,0.14285714285714285,0.8571428571428571,1534.3333333333333,583.0,m,0,0,False,Other
2001 a space odyssey,1968,155.0,4246.0,1.0,8.0,0.035219268348102704,0.9647807316518973,0.1111111111111111,0.8888888888888888,530.75,155.0,m,4,1,True,Other
2012,2009,2560.0,11574.0,5.0,14.0,0.18112353190887223,0.8188764680911278,0.2631578947368421,0.7368421052631579,826.7142857142857,512.0,m,0,0,False,Other
21,2008,732.0,9088.0,1.0,11.0,0.07454175152749491,0.9254582484725051,0.08333333333333333,0.9166666666666666,826.1818181818181,732.0,m,0,0,False,Other
22 jump street,2014,1591.0,8355.0,4.0,7.0,0.1599638045445405,0.8400361954554595,0.36363636363636365,0.6363636363636364,1193.5714285714287,397.75,m,0,0,False,Other
25th hour,2002,1073.0,9059.0,2.0,13.0,0.1059020923805764,0.8940979076194236,0.13333333333333333,0.8666666666666667,696.8461538461538,536.5,m,0,0,False,Other
28 days,2000,1705.0,699.0,5.0,3.0,0.709234608985025,0.29076539101497506,0.625,0.375,233.0,341.0,f,0,0,False,Other
28 days later,2002,1304.0,3309.0,2.0,7.0,0.2826793843485801,0.7173206156514199,0.2222222222222222,0.7777777777777778,472.7142857142857,652.0,f,0,0,False,Other
28 weeks later,2007,1019.0,2091.0,2.0,6.0,0.3276527331189711,0.672347266881029,0.25,0.75,348.5,509.5,f,0,0,False,Other
3 days to kill,2014,4573.0,5575.0,4.0,3.0,0.4506306661411115,0.5493693338588884,0.5714285714285714,0.42857142857142855,1858.3333333333333,1143.25,m,0,0,False,Other
3 men and a baby,1987,632.0,12366.0,3.0,8.0,0.048622865056162486,0.9513771349438375,0.2727272727272727,0.7272727272727273,1545.75,210.66666666666666,m,0,0,False,Other
3 women,1977,1531.0,171.0,3.0,1.0,0.899529964747356,0.10047003525264395,0.75,0.25,171.0,510.3333333333333,f,0,0,False,Other
30 days of night,2007,1713.0,4161.0,4.0,8.0,0.2916241062308478,0.7083758937691522,0.3333333333333333,0.6666666666666666,520.125,428.25,m,0,0,False,Other
30 minutes or less,2011,704.0,14278.0,2.0,7.0,0.04698972099853157,0.9530102790014684,0.2222222222222222,0.7777777777777778,2039.7142857142858,352.0,m,0,0,False,Other
300,2006,1071.0,9348.0,1.0,13.0,0.10279297437374028,0.8972070256262598,0.07142857142857142,0.9285714285714286,719.0769230769231,1071.0,f,0,0,False,Other
310 to yuma,2007,145.0,5699.0,1.0,10.0,0.024811772758384667,0.9751882272416154,0.09090909090909091,0.9090909090909091,569.9,145.0,m,2,0,True,Other
42,2013,1793.0,14974.0,2.0,21.0,0.10693624381225025,0.8930637561877497,0.08695652173913043,0.9130434782608695,713.047619047619,896.5,f,0,0,False,Other
48 hrs,1982,3438.0,20866.0,7.0,13.0,0.1414581961816985,0.8585418038183015,0.35,0.65,1605.076923076923,491.14285714285717,m,0,0,False,Other
500 days of summer,2009,5738.0,12762.0,5.0,8.0,0.31016216216216214,0.6898378378378378,0.38461538461538464,0.6153846153846154,1595.25,1147.6,m,0,0,False,Other
5050,2011,2209.0,5617.0,4.0,4.0,0.28226424738052647,0.7177357526194735,0.5,0.5,1404.25,552.25,m,0,0,False,Other
8mm,1999,4426.0,16082.0,4.0,7.0,0.21581821728106104,0.7841817827189389,0.36363636363636365,0.6363636363636364,2297.4285714285716,1106.5,m,0,0,False,Other
a beautiful mind,2001,1496.0,6487.0,1.0,9.0,0.1873982212200927,0.8126017787799074,0.1,0.9,720.7777777777778,1496.0,f,6,3,True,Other
a civil action,1998,255.0,4553.0,1.0,10.0,0.05303660565723794,0.9469633943427621,0.09090909090909091,0.9090909090909091,455.3,255.0,m,1,0,True,Other
a clockwork orange,1971,703.0,10647.0,2.0,13.0,0.061938325991189425,0.9380616740088106,0.13333333333333333,0.8666666666666667,819.0,351.5,m,4,0,True,Other
a few good men,1992,5854.0,36484.0,1.0,19.0,0.13826822240068024,0.8617317775993197,0.05,0.95,1920.2105263157894,5854.0,f,3,0,True,Other
a good year,2006,3374.0,6423.0,5.0,5.0,0.3443911401449423,0.6556088598550577,0.5,0.5,1284.6,674.8,m,0,0,False,Other
a history of violence,2005,2818.0,7891.0,3.0,11.0,0.263143150620973,0.736856849379027,0.21428571428571427,0.7857142857142857,717.3636363636364,939.3333333333334,f,1,0,True,Other
a man apart,2003,110.0,7281.0,1.0,11.0,0.01488296576917873,0.9851170342308213,0.08333333333333333,0.9166666666666666,661.9090909090909,110.0,m,0,0,False,Other
a most violent year,2014,1644.0,10130.0,1.0,9.0,0.13962969254289112,0.8603703074571089,0.1,0.9,1125.5555555555557,1644.0,f,0,0,False,Other
a most wanted man,2014,2938.0,6029.0,5.0,9.0,0.32764581242332996,0.67235418757667,0.35714285714285715,0.6428571428571429,669.8888888888889,587.6,m,0,0,False,Other
a night at the roxbury,1998,1490.0,13139.0,4.0,11.0,0.10185248479048466,0.8981475152095153,0.26666666666666666,0.7333333333333333,1194.4545454545455,372.5,m,0,0,False,Other
a nightmare on elm street,1984,3132.0,2188.0,4.0,6.0,0.5887218045112782,0.4112781954887218,0.4,0.6,364.6666666666667,783.0,f,0,0,False,Other
a nightmare on elm street 2 freddys revenge,1985,1286.0,2098.0,2.0,5.0,0.38002364066193856,0.6199763593380615,0.2857142857142857,0.7142857142857143,419.6,643.0,f,0,0,False,Other
a nightmare on elm street 3 dream warriors,1987,3546.0,3817.0,7.0,8.0,0.4815971750645118,0.5184028249354883,0.4666666666666667,0.5333333333333333,477.125,506.57142857142856,f,0,0,False,Other
a nightmare on elm street 4 the dream master,1988,2252.0,1778.0,4.0,5.0,0.5588089330024814,0.4411910669975186,0.4444444444444444,0.5555555555555556,355.6,563.0,f,0,0,False,Other
a nightmare on elm street 5 the dream child,1989,4614.0,2420.0,5.0,5.0,0.6559567813477396,0.34404321865226045,0.5,0.5,484.0,922.8,f,0,0,False,Other
a perfect getaway,2009,1388.0,4685.0,2.0,4.0,0.22855260991272847,0.7714473900872715,0.3333333333333333,0.6666666666666666,1171.25,694.0,m,0,0,False,Other
a perfect world,1993,2277.0,9510.0,7.0,12.0,0.19317892593535252,0.8068210740646475,0.3684210526315789,0.631578947368421,792.5,325.2857142857143,m,0,0,False,Other
a room with a view,1985,7644.0,5474.0,5.0,6.0,0.5827107790821772,0.41728922091782283,0.45454545454545453,0.5454545454545454,912.3333333333334,1528.8,f,0,0,False,Other
a scanner darkly,2006,2171.0,9556.0,5.0,9.0,0.18512833631789888,0.8148716636821012,0.35714285714285715,0.6428571428571429,1061.7777777777778,434.2,m,0,0,False,Other
a serious man,2009,866.0,8163.0,4.0,10.0,0.09591316867870196,0.9040868313212981,0.2857142857142857,0.7142857142857143,816.3,216.5,m,2,0,True,Other
a simple plan,1998,1930.0,7563.0,2.0,6.0,0.20330770041082905,0.796692299589171,0.25,0.75,1260.5,965.0,m,1,0,True,Other
a walk to remember,2002,1710.0,3902.0,3.0,4.0,0.304704205274412,0.695295794725588,0.42857142857142855,0.5714285714285714,975.5,570.0,m,0,0,False,Other
about last night,2014,4864.0,6833.0,2.0,5.0,0.4158331196033171,0.584166880396683,0.2857142857142857,0.7142857142857143,1366.6,2432.0,f,0,0,False,Other
above the law,1988,1317.0,6527.0,4.0,9.0,0.16789903110657828,0.8321009688934218,0.3076923076923077,0.6923076923076923,725.2222222222222,329.25,m,0,0,False,Other
absolute power,1997,3006.0,9180.0,4.0,7.0,0.2466765140324963,0.7533234859675036,0.36363636363636365,0.6363636363636364,1311.4285714285713,751.5,m,0,0,False,Other
ace ventura pet detective,1994,2785.0,7942.0,4.0,11.0,0.25962524470961124,0.7403747552903888,0.26666666666666666,0.7333333333333333,722.0,696.25,m,0,0,False,Other
adaptation,2002,2863.0,6817.0,3.0,4.0,0.29576446280991736,0.7042355371900827,0.42857142857142855,0.5714285714285714,1704.25,954.3333333333334,m,1,0,True,Other
adventureland,2009,2414.0,6619.0,5.0,8.0,0.2672423336654489,0.7327576663345511,0.38461538461538464,0.6153846153846154,827.375,482.8,m,0,0,False,Other
affliction,1997,2768.0,17032.0,4.0,8.0,0.1397979797979798,0.8602020202020202,0.3333333333333333,0.6666666666666666,2129.0,692.0,m,0,0,False,Other
agnes of god,1985,15732.0,1322.0,3.0,5.0,0.9224815292599976,0.07751847074000234,0.375,0.625,264.4,5244.0,f,1,0,True,Other
ai artificial intelligence,2001,1200.0,4315.0,2.0,9.0,0.21758839528558477,0.7824116047144152,0.18181818181818182,0.8181818181818182,479.44444444444446,600.0,f,2,0,True,Other
air force one,1997,1492.0,4679.0,4.0,12.0,0.2417760492626803,0.7582239507373197,0.25,0.75,389.9166666666667,373.0,m,2,0,True,Other
airplane,1980,1500.0,3984.0,3.0,7.0,0.2735229759299781,0.7264770240700219,0.3,0.7,569.1428571428571,500.0,m,0,0,False,Other
airplane ii the sequel,1982,1704.0,4138.0,4.0,12.0,0.29168093118794935,0.7083190688120506,0.25,0.75,344.8333333333333,426.0,f,0,0,False,Other
aladdin,1992,774.0,6635.0,1.0,6.0,0.10446753947901201,0.895532460520988,0.14285714285714285,0.8571428571428571,1105.8333333333333,774.0,m,5,2,True,Other
alfie,2004,937.0,6245.0,4.0,4.0,0.1304650515176831,0.8695349484823169,0.5,0.5,1561.25,234.25,m,0,0,False,Other
alice in wonderland,2010,3515.0,1883.0,5.0,5.0,0.6511670989255279,0.348832901074472,0.5,0.5,376.6,703.0,f,3,2,True,Other
alien,1979,2830.0,5672.0,3.0,5.0,0.3328628557986356,0.6671371442013644,0.375,0.625,1134.4,943.3333333333334,m,2,1,True,Other
alien,1992,1846.0,6838.0,1.0,13.0,0.2125748502994012,0.7874251497005988,0.07142857142857142,0.9285714285714286,526.0,1846.0,f,0,0,False,Other
alien nation,1988,349.0,5888.0,2.0,10.0,0.05595638928972262,0.9440436107102774,0.16666666666666666,0.8333333333333334,588.8,174.5,m,0,0,False,Other
alien resurrection,1997,1504.0,2886.0,2.0,7.0,0.3425968109339408,0.6574031890660592,0.2222222222222222,0.7777777777777778,412.2857142857143,752.0,f,0,0,False,Other
aliens,1986,6476.0,7194.0,6.0,10.0,0.4737381126554499,0.5262618873445501,0.375,0.625,719.4,1079.3333333333333,f,6,2,True,Other
aliens vs predator requiem,2007,1467.0,3516.0,5.0,10.0,0.2944009632751355,0.7055990367248646,0.3333333333333333,0.6666666666666666,351.6,293.4,m,0,0,False,Other
all about steve,2009,8644.0,6901.0,5.0,9.0,0.5560630427790286,0.4439369572209714,0.35714285714285715,0.6428571428571429,766.7777777777778,1728.8,f,0,0,False,Other
all gods children can dance,2008,2099.0,2360.0,2.0,2.0,0.4707333482843687,0.5292666517156313,0.5,0.5,1180.0,1049.5,m,0,0,False,Other
all the boys love mandy lane,2006,2141.0,2129.0,2.0,5.0,0.5014051522248244,0.49859484777517565,0.2857142857142857,0.7142857142857143,425.8,1070.5,f,0,0,False,Other
all the presidents men,1976,603.0,7890.0,2.0,10.0,0.07099964676792653,0.9290003532320734,0.16666666666666666,0.8333333333333334,789.0,301.5,m,6,3,True,Other
all the pretty horses,2000,1559.0,11394.0,3.0,10.0,0.12035821817339612,0.8796417818266039,0.23076923076923078,0.7692307692307693,1139.4,519.6666666666666,m,0,0,False,Other
almost famous,2000,6766.0,16484.0,8.0,12.0,0.29101075268817206,0.708989247311828,0.4,0.6,1373.6666666666667,845.75,m,2,1,True,Other
alone in the dark,2005,1800.0,5296.0,4.0,7.0,0.25366403607666294,0.7463359639233371,0.36363636363636365,0.6363636363636364,756.5714285714286,450.0,m,0,0,False,Other
amadeus,1984,2266.0,10022.0,5.0,14.0,0.18440755208333334,0.8155924479166666,0.2631578947368421,0.7368421052631579,715.8571428571429,453.2,m,9,7,True,Other
amelia,2009,17014.0,13622.0,3.0,8.0,0.5553597075336206,0.4446402924663794,0.2727272727272727,0.7272727272727273,1702.75,5671.333333333333,f,0,0,False,Other
american beauty,1999,6842.0,9882.0,3.0,6.0,0.40911265247548434,0.5908873475245157,0.3333333333333333,0.6666666666666666,1647.0,2280.6666666666665,f,6,4,True,Other
american gangster,2007,939.0,8100.0,5.0,17.0,0.10388317291735812,0.8961168270826418,0.22727272727272727,0.7727272727272727,476.47058823529414,187.8,m,1,0,True,Other
american gigolo,1980,1898.0,5393.0,4.0,5.0,0.26032094362913183,0.7396790563708682,0.4444444444444444,0.5555555555555556,1078.6,474.5,m,0,0,False,Other
american graffiti,1973,2619.0,7255.0,6.0,10.0,0.2652420498278307,0.7347579501721694,0.375,0.625,725.5,436.5,m,4,0,True,Other
american hustle,2013,5507.0,16441.0,5.0,9.0,0.25091124476034266,0.7490887552396573,0.35714285714285715,0.6428571428571429,1826.7777777777778,1101.4,m,6,0,True,Other
american madness,1932,3448.0,19074.0,3.0,15.0,0.15309475179824172,0.8469052482017583,0.16666666666666666,0.8333333333333334,1271.6,1149.3333333333333,m,0,0,False,Other
american outlaws,2001,911.0,10438.0,2.0,12.0,0.08027138954974007,0.9197286104502599,0.14285714285714285,0.8571428571428571,869.8333333333334,455.5,m,0,0,False,Other
american pie,1999,4844.0,12612.0,8.0,8.0,0.2774977085242896,0.7225022914757103,0.5,0.5,1576.5,605.5,m,0,0,False,Other
american psycho,2000,3212.0,13962.0,7.0,7.0,0.18702690112961454,0.8129730988703855,0.5,0.5,1994.5714285714287,458.85714285714283,m,0,0,False,Other
american shaolin,1991,0.0,5133.0,0.0,8.0,0.0,1.0,0.0,1.0,641.625,0.0,m,0,0,False,Other
american sniper,2014,1183.0,2859.0,1.0,11.0,0.2926768926274122,0.7073231073725879,0.08333333333333333,0.9166666666666666,259.90909090909093,1183.0,f,5,1,True,Other
american splendor,2003,3472.0,15694.0,5.0,10.0,0.18115412710007306,0.8188458728999269,0.3333333333333333,0.6666666666666666,1569.4,694.4,m,1,0,True,Other
american ultra,2015,2966.0,5227.0,2.0,8.0,0.3620163554253631,0.6379836445746369,0.2,0.8,653.375,1483.0,f,0,0,False,Other
amlie,2001,3887.0,3093.0,6.0,8.0,0.5568767908309455,0.44312320916905446,0.42857142857142855,0.5714285714285714,386.625,647.8333333333334,f,5,0,True,Other
amour,2012,2294.0,4183.0,3.0,1.0,0.35417631619576967,0.6458236838042304,0.75,0.25,4183.0,764.6666666666666,m,4,1,True,Other
an affair to remember,1957,2474.0,2963.0,2.0,4.0,0.4550303476181718,0.5449696523818283,0.3333333333333333,0.6666666666666666,740.75,1237.0,f,4,0,True,Other
an american werewolf in london,1981,1298.0,5018.0,3.0,6.0,0.20550981633945536,0.7944901836605447,0.3333333333333333,0.6666666666666666,836.3333333333334,432.6666666666667,m,1,1,True,Other
an american werewolf in paris,1997,1899.0,7776.0,2.0,6.0,0.19627906976744186,0.8037209302325582,0.25,0.75,1296.0,949.5,m,0,0,False,Other
an education,2009,14330.0,6292.0,7.0,4.0,0.694888953544758,0.30511104645524195,0.6363636363636364,0.36363636363636365,1573.0,2047.142857142857,f,2,0,True,Other
an officer and a gentleman,1982,2671.0,8714.0,3.0,8.0,0.23460693895476503,0.765393061045235,0.2727272727272727,0.7272727272727273,1089.25,890.3333333333334,m,4,1,True,Other
an unmarried woman,1978,7443.0,2829.0,7.0,5.0,0.7245911214953271,0.2754088785046729,0.5833333333333334,0.4166666666666667,565.8,1063.2857142857142,f,2,0,True,Other
analyze that,2002,759.0,12083.0,1.0,13.0,0.05910294346674973,0.9408970565332503,0.07142857142857142,0.9285714285714286,929.4615384615385,759.0,m,0,0,False,Other
analyze this,1999,2292.0,26548.0,5.0,17.0,0.07947295423023579,0.9205270457697642,0.22727272727272727,0.7727272727272727,1561.6470588235295,458.4,m,0,0,False,Other
anastasia,1997,2148.0,3003.0,4.0,4.0,0.41700640652300525,0.5829935934769948,0.5,0.5,750.75,537.0,m,2,0,True,Other
anatomy of a murder,1959,2928.0,15297.0,3.0,12.0,0.16065843621399176,0.8393415637860082,0.2,0.8,1274.75,976.0,m,4,0,True,Other
anchorman the legend of ron burgundy,2004,2206.0,7864.0,2.0,8.0,0.21906653426017875,0.7809334657398213,0.2,0.8,983.0,1103.0,f,0,0,False,Other
angel eyes,2001,11438.0,8140.0,4.0,7.0,0.5842271937889468,0.4157728062110532,0.36363636363636365,0.6363636363636364,1162.857142857143,2859.5,f,0,0,False,Other
angels  demons,2009,2848.0,15272.0,3.0,13.0,0.15717439293598234,0.8428256070640177,0.1875,0.8125,1174.7692307692307,949.3333333333334,m,0,0,False,Other
anna karenina,2012,4819.0,6147.0,7.0,8.0,0.43944920663870146,0.5605507933612985,0.4666666666666667,0.5333333333333333,768.375,688.4285714285714,m,4,1,True,Other
annie hall,1977,4142.0,8994.0,4.0,5.0,0.3153166869671133,0.6846833130328868,0.4444444444444444,0.5555555555555556,1798.8,1035.5,m,3,3,True,Other
anonymous,2011,1434.0,9738.0,3.0,19.0,0.12835660580021482,0.8716433941997852,0.13636363636363635,0.8636363636363636,512.5263157894736,478.0,m,1,0,True,Other
another year,2010,8280.0,5715.0,3.0,7.0,0.5916398713826366,0.40836012861736337,0.3,0.7,816.4285714285714,2760.0,f,1,0,True,Other
antitrust,2001,3686.0,15668.0,2.0,13.0,0.19045158623540354,0.8095484137645965,0.13333333333333333,0.8666666666666667,1205.2307692307693,1843.0,f,0,0,False,Other
antz,1998,3366.0,9180.0,4.0,6.0,0.2682926829268293,0.7317073170731707,0.4,0.6,1530.0,841.5,m,0,0,False,Other
any given sunday,1999,3260.0,18436.0,4.0,16.0,0.15025811209439527,0.8497418879056047,0.2,0.8,1152.25,815.0,m,0,0,False,Other
apocalypse now,1979,564.0,20250.0,1.0,16.0,0.027097146151628712,0.9729028538483713,0.058823529411764705,0.9411764705882353,1265.625,564.0,m,7,2,True,Other
apollo 18,2011,0.0,2578.0,0.0,3.0,0.0,1.0,0.0,1.0,859.3333333333334,0.0,m,0,0,False,Other
apt pupil,1998,768.0,27428.0,3.0,10.0,0.02723790608596964,0.9727620939140303,0.23076923076923078,0.7692307692307693,2742.8,256.0,m,0,0,False,Other
arbitrage,2012,2198.0,9737.0,3.0,13.0,0.1841642228739003,0.8158357771260997,0.1875,0.8125,749.0,732.6666666666666,m,0,0,False,Other
arctic blue,1993,653.0,6996.0,1.0,9.0,0.08537063668453393,0.9146293633154661,0.1,0.9,777.3333333333334,653.0,m,0,0,False,Other
argo,2012,345.0,8919.0,2.0,16.0,0.03724093264248705,0.9627590673575129,0.1111111111111111,0.8888888888888888,557.4375,172.5,m,6,3,True,Other
arlington road,1999,2103.0,8457.0,4.0,6.0,0.19914772727272728,0.8008522727272728,0.4,0.6,1409.5,525.75,m,0,0,False,Other
armageddon,1998,379.0,7333.0,2.0,14.0,0.049144190871369293,0.9508558091286307,0.125,0.875,523.7857142857143,189.5,m,4,0,True,Other
armored,2009,0.0,4500.0,0.0,9.0,0.0,1.0,0.0,1.0,500.0,0.0,m,0,0,False,Other
army of darkness,1992,440.0,5980.0,1.0,3.0,0.06853582554517133,0.9314641744548287,0.25,0.75,1993.3333333333333,440.0,m,0,0,False,Other
art school confidential,2006,1604.0,5638.0,4.0,11.0,0.22148577740955538,0.7785142225904447,0.26666666666666666,0.7333333333333333,512.5454545454545,401.0,m,0,0,False,Other
arthur,1981,4841.0,8921.0,4.0,4.0,0.35176573172503994,0.64823426827496,0.5,0.5,2230.25,1210.25,m,2,1,True,Other
arthur christmas,2011,250.0,3530.0,1.0,5.0,0.06613756613756613,0.9338624338624338,0.16666666666666666,0.8333333333333334,706.0,250.0,m,0,0,False,Other
as good as it gets,1997,8458.0,15860.0,4.0,8.0,0.34780820791183487,0.6521917920881651,0.3333333333333333,0.6666666666666666,1982.5,2114.5,f,4,0,True,Other
assassins,1995,4380.0,12478.0,3.0,4.0,0.25981729742555465,0.7401827025744454,0.42857142857142855,0.5714285714285714,3119.5,1460.0,m,0,0,False,Other
at first sight,1999,8688.0,13314.0,3.0,7.0,0.39487319334605947,0.6051268066539406,0.3,0.7,1902.0,2896.0,f,0,0,False,Other
atonement,2007,3379.0,2740.0,7.0,5.0,0.5522144141199542,0.44778558588004574,0.5833333333333334,0.4166666666666667,548.0,482.7142857142857,m,6,1,True,Other
austin powers international man of mystery,1997,1714.0,3779.0,5.0,5.0,0.3120334971782268,0.6879665028217732,0.5,0.5,755.8,342.8,m,0,0,False,Other
austin powers the spy who shagged me,1999,940.0,3494.0,1.0,5.0,0.2119981957600361,0.7880018042399639,0.16666666666666666,0.8333333333333334,698.8,940.0,f,1,0,True,Other
authors anonymous,2014,4931.0,7119.0,5.0,5.0,0.40921161825726143,0.5907883817427386,0.5,0.5,1423.8,986.2,m,0,0,False,Other
autumn in new york,2000,11302.0,10868.0,7.0,4.0,0.50978800180424,0.49021199819576006,0.6363636363636364,0.36363636363636365,2717.0,1614.5714285714287,m,0,0,False,Other
avatar,2009,5962.0,11470.0,4.0,11.0,0.34201468563561266,0.6579853143643873,0.26666666666666666,0.7333333333333333,1042.7272727272727,1490.5,f,9,3,True,Other
awakenings,1990,2417.0,9503.0,6.0,9.0,0.20276845637583893,0.797231543624161,0.4,0.6,1055.888888888889,402.8333333333333,m,2,0,True,Other
away from her,2006,6909.0,2834.0,7.0,1.0,0.7091244996407677,0.29087550035923226,0.875,0.125,2834.0,987.0,m,0,0,False,Other
away we go,2009,5067.0,6226.0,6.0,6.0,0.4486850261223767,0.5513149738776233,0.5,0.5,1037.6666666666667,844.5,m,0,0,False,Other
babel,2006,4118.0,11836.0,6.0,23.0,0.25811708662404415,0.7418829133759559,0.20689655172413793,0.7931034482758621,514.6086956521739,686.3333333333334,f,5,1,True,Other
bachelor party,1984,955.0,3666.0,4.0,11.0,0.20666522397749404,0.7933347760225059,0.26666666666666666,0.7333333333333333,333.27272727272725,238.75,m,0,0,False,Other
back to the future,1985,917.0,6822.0,2.0,4.0,0.11849076108024292,0.8815092389197571,0.3333333333333333,0.6666666666666666,1705.5,458.5,m,4,1,True,Other
back to the future part ii,1989,928.0,7837.0,3.0,8.0,0.10587564175698802,0.894124358243012,0.2727272727272727,0.7272727272727273,979.625,309.3333333333333,m,1,0,True,Other
back to the future part iii,1990,1082.0,8044.0,3.0,6.0,0.1185623493315801,0.88143765066842,0.3333333333333333,0.6666666666666666,1340.6666666666667,360.6666666666667,m,0,0,False,Other
backdraft,1991,2798.0,20664.0,3.0,14.0,0.11925667036058307,0.8807433296394169,0.17647058823529413,0.8235294117647058,1476.0,932.6666666666666,m,3,0,True,Other
bad boys,1995,3133.0,8772.0,5.0,8.0,0.2631667366652667,0.7368332633347333,0.38461538461538464,0.6153846153846154,1096.5,626.6,m,0,0,False,Other
bad country,2014,248.0,7718.0,2.0,16.0,0.031132312327391415,0.9688676876726086,0.1111111111111111,0.8888888888888888,482.375,124.0,m,0,0,False,Other
bad day at black rock,1955,998.0,17282.0,1.0,10.0,0.05459518599562363,0.9454048140043764,0.09090909090909091,0.9090909090909091,1728.2,998.0,m,2,0,True,Other
bad lieutenant,1992,1222.0,3072.0,2.0,4.0,0.2845831392640894,0.7154168607359106,0.3333333333333333,0.6666666666666666,768.0,611.0,m,0,0,False,Other
bad meat,2011,1483.0,3570.0,3.0,9.0,0.2934890164258856,0.7065109835741143,0.25,0.75,396.6666666666667,494.3333333333333,f,0,0,False,Other
bad santa,2003,702.0,5404.0,2.0,5.0,0.11496888306583689,0.8850311169341631,0.2857142857142857,0.7142857142857143,1080.8,351.0,m,0,0,False,Other
bad teacher,2011,10782.0,4489.0,7.0,10.0,0.706044135943946,0.29395586405605395,0.4117647058823529,0.5882352941176471,448.9,1540.2857142857142,f,0,0,False,Other
badlands,1973,6338.0,5706.0,1.0,4.0,0.5262371305214214,0.47376286947857854,0.2,0.8,1426.5,6338.0,f,0,0,False,Other
bamboozled,2000,1835.0,9632.0,4.0,9.0,0.16002441789482863,0.8399755821051713,0.3076923076923077,0.6923076923076923,1070.2222222222222,458.75,m,0,0,False,Other
barneys version,2010,3448.0,7539.0,4.0,12.0,0.31382543005369984,0.6861745699463002,0.25,0.75,628.25,862.0,f,1,0,True,Other
barry lyndon,1975,2085.0,18508.0,4.0,15.0,0.10124799689214782,0.8987520031078522,0.21052631578947367,0.7894736842105263,1233.8666666666666,521.25,m,7,4,True,Other
barton fink,1991,505.0,9395.0,1.0,10.0,0.05101010101010101,0.9489898989898989,0.09090909090909091,0.9090909090909091,939.5,505.0,m,2,0,True,Other
basic,2003,2078.0,12456.0,2.0,7.0,0.14297509288564744,0.8570249071143525,0.2222222222222222,0.7777777777777778,1779.4285714285713,1039.0,m,0,0,False,Other
basic instinct,1992,2680.0,4871.0,2.0,7.0,0.35491987816183285,0.6450801218381671,0.2222222222222222,0.7777777777777778,695.8571428571429,1340.0,f,2,0,True,Other
basquiat,1996,2094.0,10564.0,5.0,9.0,0.16542897772159898,0.834571022278401,0.35714285714285715,0.6428571428571429,1173.7777777777778,418.8,m,0,0,False,Other
batman,1989,1136.0,2615.0,1.0,5.0,0.30285257264729404,0.697147427352706,0.16666666666666666,0.8333333333333334,523.0,1136.0,f,1,1,True,Other
batman  robin,1997,3126.0,7020.0,4.0,8.0,0.3081017149615612,0.6918982850384388,0.3333333333333333,0.6666666666666666,877.5,781.5,m,0,0,False,Other
batman begins,2005,922.0,6853.0,1.0,15.0,0.11858520900321544,0.8814147909967845,0.0625,0.9375,456.8666666666667,922.0,f,1,0,True,Other
batman forever,1995,2082.0,9956.0,2.0,8.0,0.17295231766074098,0.827047682339259,0.2,0.8,1244.5,1041.0,m,3,0,True,Other
batman returns,1992,1188.0,6278.0,2.0,6.0,0.15912135012054648,0.8408786498794535,0.25,0.75,1046.3333333333333,594.0,m,2,0,True,Other
battle of the year,2013,305.0,10485.0,1.0,14.0,0.028266913809082483,0.9717330861909175,0.06666666666666667,0.9333333333333333,748.9285714285714,305.0,m,0,0,False,Other
battlefield earth,2000,0.0,5825.0,0.0,8.0,0.0,1.0,0.0,1.0,728.125,0.0,m,0,0,False,Other
beaches,1988,3477.0,708.0,5.0,2.0,0.8308243727598567,0.16917562724014337,0.7142857142857143,0.2857142857142857,354.0,695.4,f,1,0,True,Other
bean,1997,2034.0,9432.0,3.0,9.0,0.17739403453689168,0.8226059654631083,0.25,0.75,1048.0,678.0,m,0,0,False,Other
beasts of no nation,2015,104.0,6639.0,1.0,9.0,0.01542340204656681,0.9845765979534332,0.1,0.9,737.6666666666666,104.0,m,0,0,False,Other
beasts of the southern wild,2012,2325.0,1706.0,4.0,3.0,0.576779955346068,0.42322004465393204,0.5714285714285714,0.42857142857142855,568.6666666666666,581.25,f,3,0,True,Other
beauty and the beast,1991,2868.0,7291.0,3.0,8.0,0.28231125110739247,0.7176887488926076,0.2727272727272727,0.7272727272727273,911.375,956.0,f,6,2,True,Other
beavis and butthead do america,1996,519.0,2978.0,2.0,5.0,0.1484129253645982,0.8515870746354017,0.2857142857142857,0.7142857142857143,595.6,259.5,m,0,0,False,Other
bed of roses,1996,3999.0,2586.0,5.0,4.0,0.6072892938496584,0.3927107061503417,0.5555555555555556,0.4444444444444444,646.5,799.8,f,0,0,False,Other
bee movie,2007,1819.0,7303.0,4.0,9.0,0.19940802455601842,0.8005919754439815,0.3076923076923077,0.6923076923076923,811.4444444444445,454.75,m,0,0,False,Other
beetlejuice,1988,6004.0,5372.0,6.0,7.0,0.5277777777777778,0.4722222222222222,0.46153846153846156,0.5384615384615384,767.4285714285714,1000.6666666666666,f,1,1,True,Other
before midnight,2013,7529.0,7977.0,4.0,4.0,0.48555397910486264,0.5144460208951374,0.5,0.5,1994.25,1882.25,m,1,0,True,Other
before sunrise,1995,5957.0,5467.0,3.0,2.0,0.5214460784313726,0.47855392156862747,0.6,0.4,2733.5,1985.6666666666667,m,0,0,False,Other
before sunset,2004,5030.0,3993.0,1.0,1.0,0.5574642580073147,0.44253574199268536,0.5,0.5,3993.0,5030.0,f,1,0,True,Other
begin again,2013,5070.0,8318.0,4.0,6.0,0.37869734090230056,0.6213026590976994,0.4,0.6,1386.3333333333333,1267.5,m,0,0,False,Other
beginners,2010,2502.0,8861.0,3.0,4.0,0.2201883305465106,0.7798116694534893,0.42857142857142855,0.5714285714285714,2215.25,834.0,m,0,0,False,Other
being human,1994,2680.0,9707.0,6.0,16.0,0.21635585694679907,0.783644143053201,0.2727272727272727,0.7272727272727273,606.6875,446.6666666666667,m,0,0,False,Other
being john malkovich,1999,3931.0,6344.0,4.0,6.0,0.3825790754257907,0.6174209245742093,0.4,0.6,1057.3333333333333,982.75,m,2,0,True,Other
belle,2013,4586.0,4228.0,5.0,4.0,0.5203085999546176,0.47969140004538235,0.5555555555555556,0.4444444444444444,1057.0,917.2,m,0,0,False,Other
beloved,1998,19594.0,8692.0,8.0,4.0,0.6927101746447005,0.3072898253552994,0.6666666666666666,0.3333333333333333,2173.0,2449.25,f,1,0,True,Other
below,2002,1301.0,7161.0,1.0,10.0,0.1537461593004018,0.8462538406995982,0.09090909090909091,0.9090909090909091,716.1,1301.0,f,0,0,False,Other
beneath the planet of the apes,1970,450.0,3245.0,1.0,7.0,0.12178619756427606,0.878213802435724,0.125,0.875,463.57142857142856,450.0,m,0,0,False,Other
benny  joon,1993,2078.0,6780.0,2.0,6.0,0.23459020094829533,0.7654097990517047,0.25,0.75,1130.0,1039.0,m,0,0,False,Other
beowulf,2007,1433.0,4940.0,3.0,9.0,0.22485485642554526,0.7751451435744547,0.25,0.75,548.8888888888889,477.6666666666667,m,0,0,False,Other
beowulf  grendel,2005,861.0,4749.0,1.0,9.0,0.153475935828877,0.846524064171123,0.1,0.9,527.6666666666666,861.0,f,0,0,False,Other
big,1988,3290.0,8568.0,2.0,4.0,0.27744982290436837,0.7225501770956316,0.3333333333333333,0.6666666666666666,2142.0,1645.0,m,1,0,True,Other
big eyes,2014,3125.0,5218.0,3.0,6.0,0.3745655040153422,0.6254344959846578,0.3333333333333333,0.6666666666666666,869.6666666666666,1041.6666666666667,f,0,0,False,Other
big fan,2009,657.0,3410.0,4.0,6.0,0.1615441357265798,0.8384558642734202,0.4,0.6,568.3333333333334,164.25,m,0,0,False,Other
big fish,2003,2173.0,6953.0,4.0,6.0,0.2381108919570458,0.7618891080429542,0.4,0.6,1158.8333333333333,543.25,m,1,0,True,Other
bird on a wire,1990,1126.0,1863.0,2.0,4.0,0.3767146202743392,0.6232853797256608,0.3333333333333333,0.6666666666666666,465.75,563.0,f,0,0,False,Other
birdman or the unexpected virtue of ignorance,2014,3023.0,6884.0,5.0,5.0,0.3051377813667104,0.6948622186332896,0.5,0.5,1376.8,604.6,m,6,4,True,Other
birthday girl,2001,2682.0,8352.0,2.0,5.0,0.24306688417618272,0.7569331158238173,0.2857142857142857,0.7142857142857143,1670.4,1341.0,m,0,0,False,Other
black christmas,2006,3824.0,534.0,8.0,1.0,0.877466727856815,0.12253327214318495,0.8888888888888888,0.1111111111111111,534.0,478.0,m,0,0,False,Other
black hawk down,2001,0.0,7647.0,0.0,24.0,0.0,1.0,0.0,1.0,318.625,0.0,m,4,2,True,Other
black rain,1989,404.0,5225.0,1.0,7.0,0.07177118493515722,0.9282288150648428,0.125,0.875,746.4285714285714,404.0,m,2,0,True,Other
black snake moan,2006,6536.0,15054.0,8.0,8.0,0.30273274664196387,0.6972672533580361,0.5,0.5,1881.75,817.0,m,0,0,False,Other
black swan,2010,2444.0,1947.0,4.0,1.0,0.5565930312001822,0.44340696879981784,0.8,0.2,1947.0,611.0,m,4,0,True,Other
blade,1998,3548.0,10760.0,4.0,7.0,0.24797316186748672,0.7520268381325133,0.36363636363636365,0.6363636363636364,1537.142857142857,887.0,m,0,0,False,Other
blade ii,2002,2064.0,9512.0,2.0,10.0,0.17829993089149965,0.8217000691085004,0.16666666666666666,0.8333333333333334,951.2,1032.0,f,0,0,False,Other
blade runner,1982,2078.0,11916.0,2.0,9.0,0.14849221094754894,0.8515077890524511,0.18181818181818182,0.8181818181818182,1324.0,1039.0,m,2,0,True,Other
blade trinity,2004,1942.0,4704.0,3.0,9.0,0.29220583809810413,0.7077941619018959,0.25,0.75,522.6666666666666,647.3333333333334,f,0,0,False,Other
blades of glory,2007,1139.0,8559.0,2.0,7.0,0.1174468962672716,0.8825531037327284,0.2222222222222222,0.7777777777777778,1222.7142857142858,569.5,m,0,0,False,Other
blast from the past,1999,8676.0,15024.0,3.0,10.0,0.3660759493670886,0.6339240506329114,0.23076923076923078,0.7692307692307693,1502.4,2892.0,f,0,0,False,Other
blazing saddles,1974,309.0,4753.0,1.0,9.0,0.061043065981825365,0.9389569340181746,0.1,0.9,528.1111111111111,309.0,m,2,0,True,Other
blood and wine,1996,3925.0,11142.0,3.0,7.0,0.26050308621490675,0.7394969137850933,0.3,0.7,1591.7142857142858,1308.3333333333333,m,0,0,False,Other
blood diamond,2006,1206.0,5075.0,2.0,9.0,0.19200764209520776,0.8079923579047922,0.18181818181818182,0.8181818181818182,563.8888888888889,603.0,f,3,0,True,Other
blood simple,1984,1462.0,4201.0,3.0,7.0,0.2581670492671729,0.7418329507328272,0.3,0.7,600.1428571428571,487.3333333333333,m,0,0,False,Other
blood work,2002,1530.0,1052.0,4.0,2.0,0.592563903950426,0.407436096049574,0.6666666666666666,0.3333333333333333,526.0,382.5,m,0,0,False,Other
bloodfist vii manhunt,1995,630.0,4485.0,2.0,7.0,0.12316715542521994,0.8768328445747801,0.2222222222222222,0.7777777777777778,640.7142857142857,315.0,m,0,0,False,Other
blow,2001,3342.0,21740.0,6.0,14.0,0.133242963081094,0.866757036918906,0.3,0.7,1552.857142857143,557.0,m,0,0,False,Other
blue jasmine,2013,2747.0,884.0,3.0,4.0,0.7565408978242908,0.24345910217570918,0.42857142857142855,0.5714285714285714,221.0,915.6666666666666,f,1,0,True,Other
blue velvet,1986,7890.0,12710.0,5.0,8.0,0.38300970873786405,0.6169902912621359,0.38461538461538464,0.6153846153846154,1588.75,1578.0,m,1,0,True,Other
bodies rest  motion,1993,5544.0,7382.0,4.0,2.0,0.4289029862293053,0.5710970137706948,0.6666666666666666,0.3333333333333333,3691.0,1386.0,m,0,0,False,Other
body heat,1981,8418.0,14404.0,7.0,7.0,0.3688546139689773,0.6311453860310227,0.5,0.5,2057.714285714286,1202.5714285714287,m,0,0,False,Other
body of evidence,1993,3511.0,7200.0,6.0,9.0,0.3277938567827467,0.6722061432172532,0.4,0.6,800.0,585.1666666666666,m,0,0,False,Other
body of lies,2008,693.0,10488.0,1.0,10.0,0.06198014488865039,0.9380198551113497,0.09090909090909091,0.9090909090909091,1048.8,693.0,m,0,0,False,Other
boiler room,2000,1465.0,13596.0,3.0,14.0,0.09727109753668416,0.9027289024633158,0.17647058823529413,0.8235294117647058,971.1428571428571,488.3333333333333,m,0,0,False,Other
bone tomahawk,2015,736.0,7147.0,1.0,8.0,0.09336546999873145,0.9066345300012686,0.1111111111111111,0.8888888888888888,893.375,736.0,m,0,0,False,Other
bones,2001,1463.0,5707.0,2.0,8.0,0.20404463040446305,0.7959553695955369,0.2,0.8,713.375,731.5,f,0,0,False,Other
bonnie and clyde,1967,5902.0,12996.0,2.0,8.0,0.31230818075986877,0.6876918192401312,0.2,0.8,1624.5,2951.0,f,5,1,True,Other
boogie nights,1997,3974.0,13930.0,8.0,16.0,0.2219615728328865,0.7780384271671135,0.3333333333333333,0.6666666666666666,870.625,496.75,m,1,0,True,Other
borderland,2007,759.0,6183.0,2.0,8.0,0.10933448573898012,0.8906655142610199,0.2,0.8,772.875,379.5,m,0,0,False,Other
born on the fourth of july,1989,528.0,5422.0,2.0,9.0,0.08873949579831933,0.9112605042016807,0.18181818181818182,0.8181818181818182,602.4444444444445,264.0,m,7,2,True,Other
bottle rocket,1996,0.0,19414.0,0.0,9.0,0.0,1.0,0.0,1.0,2157.1111111111113,0.0,m,0,0,False,Other
bound,1996,11108.0,7338.0,2.0,4.0,0.6021901767320829,0.39780982326791714,0.3333333333333333,0.6666666666666666,1834.5,5554.0,f,0,0,False,Other
boxing helena,1993,2967.0,3786.0,2.0,4.0,0.43936028431808083,0.5606397156819192,0.3333333333333333,0.6666666666666666,946.5,1483.5,f,0,0,False,Other
boy who never slept,2006,2992.0,5567.0,3.0,2.0,0.34957354831171866,0.6504264516882814,0.6,0.4,2783.5,997.3333333333334,m,0,0,False,Other
boyhood,2014,5926.0,10675.0,9.0,10.0,0.35696644780434916,0.6430335521956508,0.47368421052631576,0.5263157894736842,1067.5,658.4444444444445,m,4,0,True,Other
boys on the side,1995,7548.0,1425.0,6.0,5.0,0.841190237378803,0.15880976262119692,0.5454545454545454,0.45454545454545453,285.0,1258.0,f,0,0,False,Other
boyz n the hood,1991,2113.0,6970.0,7.0,9.0,0.23263239017945614,0.7673676098205439,0.4375,0.5625,774.4444444444445,301.85714285714283,m,2,0,True,Other
braveheart,1995,1024.0,4873.0,2.0,12.0,0.17364761743259285,0.8263523825674072,0.14285714285714285,0.8571428571428571,406.0833333333333,512.0,f,10,5,True,Other
brazil,1985,1154.0,6479.0,3.0,11.0,0.15118564129437967,0.8488143587056204,0.21428571428571427,0.7857142857142857,589.0,384.6666666666667,m,2,0,True,Other
breakdown,1997,460.0,3740.0,1.0,5.0,0.10952380952380952,0.8904761904761904,0.16666666666666666,0.8333333333333334,748.0,460.0,m,0,0,False,Other
breakfast of champions,1999,1713.0,11841.0,5.0,14.0,0.1263833554670208,0.8736166445329792,0.2631578947368421,0.7368421052631579,845.7857142857143,342.6,m,0,0,False,Other
breaking away,1979,1795.0,8814.0,4.0,9.0,0.1691959656895089,0.8308040343104911,0.3076923076923077,0.6923076923076923,979.3333333333334,448.75,m,4,1,True,Other
brick,2005,3234.0,16510.0,3.0,7.0,0.16379659643435981,0.8362034035656402,0.3,0.7,2358.5714285714284,1078.0,m,0,0,False,Other
brick mansions,2014,728.0,7842.0,2.0,9.0,0.08494749124854142,0.9150525087514586,0.18181818181818182,0.8181818181818182,871.3333333333334,364.0,m,0,0,False,Other
bridesmaids,2011,9010.0,2014.0,8.0,5.0,0.8173076923076923,0.18269230769230768,0.6153846153846154,0.38461538461538464,402.8,1126.25,f,1,0,True,Other
bridge of spies,2015,272.0,8959.0,1.0,15.0,0.029465930018416207,0.9705340699815838,0.0625,0.9375,597.2666666666667,272.0,m,5,0,True,Other
bright star,2009,4452.0,4508.0,4.0,3.0,0.496875,0.503125,0.5714285714285714,0.42857142857142855,1502.6666666666667,1113.0,m,1,0,True,Other
bringing out the dead,1999,1711.0,5799.0,3.0,8.0,0.2278295605858855,0.7721704394141146,0.2727272727272727,0.7272727272727273,724.875,570.3333333333334,m,0,0,False,Other
broadcast news,1987,9556.0,19462.0,4.0,9.0,0.32931284030601693,0.6706871596939831,0.3076923076923077,0.6923076923076923,2162.4444444444443,2389.0,f,4,0,True,Other
brokeback mountain,2005,411.0,3011.0,2.0,3.0,0.1201052016364699,0.8798947983635301,0.4,0.6,1003.6666666666666,205.5,m,5,3,True,Other
broken arrow,1996,1412.0,6948.0,1.0,9.0,0.16889952153110047,0.8311004784688996,0.1,0.9,772.0,1412.0,f,0,0,False,Other
broken embraces,2009,6200.0,8804.0,3.0,5.0,0.4132231404958678,0.5867768595041323,0.375,0.625,1760.8,2066.6666666666665,f,0,0,False,Other
brooklyn,2015,6848.0,3285.0,12.0,5.0,0.6758117043323794,0.32418829566762064,0.7058823529411765,0.29411764705882354,657.0,570.6666666666666,m,2,0,True,Other
brooklyns finest,2009,1041.0,6233.0,2.0,9.0,0.14311245532031894,0.8568875446796811,0.18181818181818182,0.8181818181818182,692.5555555555555,520.5,m,0,0,False,Other
brothers,2009,3002.0,5589.0,5.0,7.0,0.3494354557094634,0.6505645442905366,0.4166666666666667,0.5833333333333334,798.4285714285714,600.4,m,0,0,False,Other
bruce almighty,2003,3425.0,9584.0,4.0,6.0,0.2632792681989392,0.7367207318010608,0.4,0.6,1597.3333333333333,856.25,m,0,0,False,Other
buffy the vampire slayer,1992,5181.0,6184.0,6.0,12.0,0.4558732952045754,0.5441267047954246,0.3333333333333333,0.6666666666666666,515.3333333333334,863.5,f,0,0,False,Other
bull durham,1988,6122.0,9542.0,2.0,13.0,0.39083248212461696,0.609167517875383,0.13333333333333333,0.8666666666666667,734.0,3061.0,f,1,0,True,Other
bullets over broadway,1994,1683.0,3635.0,3.0,7.0,0.3164723580293343,0.6835276419706656,0.3,0.7,519.2857142857143,561.0,f,4,0,True,Other
buried,2010,869.0,13700.0,3.0,6.0,0.059647196101311,0.940352803898689,0.3333333333333333,0.6666666666666666,2283.3333333333335,289.6666666666667,m,0,0,False,Other
burlesque,2010,10788.0,7068.0,7.0,7.0,0.6041666666666666,0.3958333333333333,0.5,0.5,1009.7142857142857,1541.142857142857,f,0,0,False,Other
burn after reading,2008,2471.0,5827.0,3.0,10.0,0.2977825982164377,0.7022174017835623,0.23076923076923078,0.7692307692307693,582.7,823.6666666666666,f,0,0,False,Other
burning annie,2004,5246.0,11514.0,7.0,7.0,0.3130071599045346,0.6869928400954654,0.5,0.5,1644.857142857143,749.4285714285714,m,0,0,False,Other
cabaret,1972,3278.0,2057.0,3.0,5.0,0.6144329896907217,0.38556701030927837,0.375,0.625,411.4,1092.6666666666667,f,8,6,True,Other
cabin fever 2 spring fever,2009,1130.0,6320.0,4.0,8.0,0.15167785234899328,0.8483221476510067,0.3333333333333333,0.6666666666666666,790.0,282.5,m,0,0,False,Other
caddyshack,1980,2133.0,8462.0,5.0,13.0,0.20132137800849456,0.7986786219915054,0.2777777777777778,0.7222222222222222,650.9230769230769,426.6,m,0,0,False,Other
cake,2014,5276.0,946.0,7.0,3.0,0.8479588556734169,0.15204114432658308,0.7,0.3,315.3333333333333,753.7142857142857,f,0,0,False,Other
call northside 777,1948,739.0,4675.0,3.0,10.0,0.1364979682305135,0.8635020317694865,0.23076923076923078,0.7692307692307693,467.5,246.33333333333334,m,0,0,False,Other
calvary,2014,4003.0,4385.0,3.0,10.0,0.4772293752980448,0.5227706247019551,0.23076923076923078,0.7692307692307693,438.5,1334.3333333333333,f,0,0,False,Other
candle to water,2012,547.0,5674.0,3.0,8.0,0.08792798585436425,0.9120720141456358,0.2727272727272727,0.7272727272727273,709.25,182.33333333333334,m,0,0,False,Other
candyman,1992,3599.0,2295.0,6.0,6.0,0.6106209704784527,0.38937902952154735,0.5,0.5,382.5,599.8333333333334,f,0,0,False,Other
capote,2005,3472.0,19022.0,5.0,11.0,0.15435227171690227,0.8456477282830978,0.3125,0.6875,1729.2727272727273,694.4,m,3,0,True,Other
capricorn one,1978,863.0,9230.0,2.0,14.0,0.08550480531061132,0.9144951946893887,0.125,0.875,659.2857142857143,431.5,m,0,0,False,Other
captain america the first avenger,2011,747.0,5808.0,1.0,10.0,0.11395881006864989,0.8860411899313501,0.09090909090909091,0.9090909090909091,580.8,747.0,f,0,0,False,Other
captain phillips,2013,487.0,6618.0,2.0,9.0,0.0685432793807178,0.9314567206192822,0.18181818181818182,0.8181818181818182,735.3333333333334,243.5,m,5,0,True,Other
career opportunities,1991,2759.0,7968.0,2.0,9.0,0.2572014542742612,0.7427985457257388,0.18181818181818182,0.8181818181818182,885.3333333333334,1379.5,f,0,0,False,Other
carlitos way,1993,1400.0,7623.0,2.0,13.0,0.1551590380139643,0.8448409619860356,0.13333333333333333,0.8666666666666667,586.3846153846154,700.0,f,0,0,False,Other
carol,2015,6741.0,2603.0,4.0,7.0,0.7214255136986302,0.2785744863013699,0.36363636363636365,0.6363636363636364,371.85714285714283,1685.25,f,4,0,True,Other
carrie,2013,5541.0,2766.0,9.0,7.0,0.6670278078728783,0.3329721921271217,0.5625,0.4375,395.14285714285717,615.6666666666666,f,0,0,False,Other
cars 2,2011,1511.0,11135.0,2.0,16.0,0.11948442195160525,0.8805155780483948,0.1111111111111111,0.8888888888888888,695.9375,755.5,f,0,0,False,Other
case 39,2009,5244.0,2926.0,4.0,5.0,0.641860465116279,0.3581395348837209,0.4444444444444444,0.5555555555555556,585.2,1311.0,f,0,0,False,Other
cast away,2000,867.0,4956.0,3.0,4.0,0.14889232354456466,0.8511076764554354,0.42857142857142855,0.5714285714285714,1239.0,289.0,m,1,0,True,Other
casualties of war,1989,0.0,9095.0,0.0,10.0,0.0,1.0,0.0,1.0,909.5,0.0,m,0,0,False,Other
catch me if you can,2002,1688.0,8913.0,4.0,7.0,0.15923026129610415,0.8407697387038958,0.36363636363636365,0.6363636363636364,1273.2857142857142,422.0,m,1,0,True,Other
catch22,1970,764.0,16225.0,1.0,18.0,0.04497027488374831,0.9550297251162517,0.05263157894736842,0.9473684210526315,901.3888888888889,764.0,m,0,0,False,Other
catwoman,2004,6675.0,3100.0,5.0,5.0,0.6828644501278772,0.3171355498721228,0.5,0.5,620.0,1335.0,f,0,0,False,Other
cecil b demented,2000,2009.0,5758.0,8.0,13.0,0.25865842667696665,0.7413415733230333,0.38095238095238093,0.6190476190476191,442.9230769230769,251.125,m,0,0,False,Other
cedar rapids,2011,1819.0,11418.0,3.0,6.0,0.1374178439223389,0.8625821560776611,0.3333333333333333,0.6666666666666666,1903.0,606.3333333333334,m,0,0,False,Other
celeste  jesse forever,2012,8350.0,5056.0,5.0,7.0,0.6228554378636432,0.37714456213635683,0.4166666666666667,0.5833333333333334,722.2857142857143,1670.0,f,0,0,False,Other
cellular,2004,2063.0,7578.0,4.0,11.0,0.21398195207965978,0.7860180479203402,0.26666666666666666,0.7333333333333333,688.9090909090909,515.75,m,0,0,False,Other
chain reaction,1996,1538.0,4972.0,3.0,9.0,0.23625192012288787,0.7637480798771121,0.25,0.75,552.4444444444445,512.6666666666666,m,0,0,False,Other
changeling,2008,4177.0,8895.0,4.0,17.0,0.31953794369645044,0.6804620563035496,0.19047619047619047,0.8095238095238095,523.2352941176471,1044.25,f,2,0,True,Other
chaos,2005,2380.0,13832.0,4.0,8.0,0.14680483592400692,0.853195164075993,0.3333333333333333,0.6666666666666666,1729.0,595.0,m,0,0,False,Other
chaplin,1992,591.0,6435.0,3.0,10.0,0.08411614005123826,0.9158838599487618,0.23076923076923078,0.7692307692307693,643.5,197.0,m,2,0,True,Other
charlie bartlett,2007,1426.0,5730.0,3.0,6.0,0.19927333705980996,0.80072666294019,0.3333333333333333,0.6666666666666666,955.0,475.3333333333333,m,0,0,False,Other
charlies angels,2000,6964.0,3608.0,3.0,4.0,0.6587211502080969,0.34127884979190315,0.42857142857142855,0.5714285714285714,902.0,2321.3333333333335,f,0,0,False,Other
chasing amy,1997,10864.0,20574.0,4.0,8.0,0.34556905655576053,0.6544309434442395,0.3333333333333333,0.6666666666666666,2571.75,2716.0,f,0,0,False,Other
chasing sleep,2000,3328.0,12654.0,3.0,8.0,0.2082342635464898,0.7917657364535102,0.2727272727272727,0.7272727272727273,1581.75,1109.3333333333333,m,0,0,False,Other
chef,2014,1978.0,7631.0,3.0,7.0,0.20584868352586116,0.7941513164741388,0.3,0.7,1090.142857142857,659.3333333333334,m,0,0,False,Other
cherry falls,2000,5392.0,4250.0,5.0,8.0,0.5592200788218212,0.4407799211781788,0.38461538461538464,0.6153846153846154,531.25,1078.4,f,0,0,False,Other
children of men,2006,2339.0,5282.0,5.0,5.0,0.306915103004855,0.693084896995145,0.5,0.5,1056.4,467.8,m,3,0,True,Other
children of the corn,1984,1326.0,4036.0,2.0,6.0,0.24729578515479297,0.752704214845207,0.25,0.75,672.6666666666666,663.0,m,0,0,False,Other
chill factor,1999,245.0,8982.0,1.0,8.0,0.02655250894115097,0.973447491058849,0.1111111111111111,0.8888888888888888,1122.75,245.0,m,0,0,False,Other
chinatown,1974,1992.0,9701.0,2.0,8.0,0.17035833404601045,0.8296416659539896,0.2,0.8,1212.625,996.0,m,9,1,True,Other
chocolat,2000,3254.0,3224.0,6.0,6.0,0.5023155294844087,0.4976844705155912,0.5,0.5,537.3333333333334,542.3333333333334,f,3,0,True,Other
choose me,1984,6408.0,3196.0,4.0,5.0,0.6672219908371512,0.33277800916284883,0.4444444444444444,0.5555555555555556,639.2,1602.0,f,0,0,False,Other
christ complex,2012,3157.0,3803.0,2.0,5.0,0.4535919540229885,0.5464080459770115,0.2857142857142857,0.7142857142857143,760.6,1578.5,f,0,0,False,Other
christine,1983,1693.0,4200.0,3.0,8.0,0.28729000509078567,0.7127099949092143,0.2727272727272727,0.7272727272727273,525.0,564.3333333333334,f,0,0,False,Other
christmas vacation,1989,1803.0,7110.0,6.0,9.0,0.2022887916526422,0.7977112083473578,0.4,0.6,790.0,300.5,m,0,0,False,Other
chronicle,2012,542.0,6943.0,2.0,7.0,0.07241148964595859,0.9275885103540414,0.2222222222222222,0.7777777777777778,991.8571428571429,271.0,m,0,0,False,Other
cinema paradiso,1988,5806.0,15348.0,5.0,4.0,0.2744634584475749,0.7255365415524251,0.5555555555555556,0.4444444444444444,3837.0,1161.2,m,0,0,False,Other
cirque du freak the vampires assistant,2009,317.0,8109.0,1.0,9.0,0.03762164728222169,0.9623783527177783,0.1,0.9,901.0,317.0,m,0,0,False,Other
citizen kane,1941,2240.0,11447.0,2.0,12.0,0.16365894644553225,0.8363410535544678,0.14285714285714285,0.8571428571428571,953.9166666666666,1120.0,f,8,1,True,Other
city hall,1996,1831.0,9923.0,3.0,11.0,0.15577675684873235,0.8442232431512676,0.21428571428571427,0.7857142857142857,902.0909090909091,610.3333333333334,m,0,0,False,Other
city heat,1984,635.0,4743.0,2.0,6.0,0.11807363332093715,0.8819263666790629,0.25,0.75,790.5,317.5,m,0,0,False,Other
city island,2009,3083.0,3439.0,4.0,4.0,0.4727077583563324,0.5272922416436676,0.5,0.5,859.75,770.75,m,0,0,False,Other
city of god,2002,771.0,7610.0,4.0,16.0,0.09199379548979836,0.9080062045102016,0.2,0.8,475.625,192.75,m,0,0,False,Other
city of joy,1992,5278.0,8602.0,7.0,9.0,0.3802593659942363,0.6197406340057637,0.4375,0.5625,955.7777777777778,754.0,m,0,0,False,Other
clash of the titans,2010,5206.0,9864.0,8.0,10.0,0.34545454545454546,0.6545454545454545,0.4444444444444444,0.5555555555555556,986.4,650.75,m,0,0,False,Other
clear and present danger,1994,179.0,4243.0,1.0,9.0,0.040479421076436005,0.959520578923564,0.1,0.9,471.44444444444446,179.0,m,2,0,True,Other
clerks,1994,6956.0,24428.0,5.0,9.0,0.22164160081570228,0.7783583991842977,0.35714285714285715,0.6428571428571429,2714.222222222222,1391.2,m,0,0,False,Other
click,2006,1575.0,7856.0,3.0,5.0,0.16700243876577245,0.8329975612342275,0.375,0.625,1571.2,525.0,m,1,0,True,Other
cliffhanger,1993,1872.0,6508.0,3.0,9.0,0.2233890214797136,0.7766109785202864,0.25,0.75,723.1111111111111,624.0,m,3,0,True,Other
cloud atlas,2012,3326.0,8228.0,7.0,11.0,0.2878656742253765,0.7121343257746235,0.3888888888888889,0.6111111111111112,748.0,475.14285714285717,m,0,0,False,Other
cloudy with a chance of meatballs,2009,1495.0,5253.0,1.0,6.0,0.22154712507409602,0.778452874925904,0.14285714285714285,0.8571428571428571,875.5,1495.0,f,0,0,False,Other
cloudy with a chance of meatballs 2,2013,1460.0,7132.0,2.0,6.0,0.16992551210428306,0.8300744878957169,0.25,0.75,1188.6666666666667,730.0,m,0,0,False,Other
cloverfield,2008,2205.0,4740.0,3.0,4.0,0.3174946004319654,0.6825053995680346,0.42857142857142855,0.5714285714285714,1185.0,735.0,m,0,0,False,Other
clue,1985,2516.0,6891.0,4.0,6.0,0.2674604018284256,0.7325395981715743,0.4,0.6,1148.5,629.0,m,0,0,False,Other
clueless,1995,5226.0,5146.0,6.0,6.0,0.5038565368299267,0.4961434631700733,0.5,0.5,857.6666666666666,871.0,f,0,0,False,Other
coal miners daughter,1980,4560.0,4680.0,2.0,6.0,0.4935064935064935,0.5064935064935064,0.25,0.75,780.0,2280.0,f,6,0,True,Other
cobb,1994,605.0,12644.0,1.0,6.0,0.0456638236848064,0.9543361763151936,0.14285714285714285,0.8571428571428571,2107.3333333333335,605.0,m,0,0,False,Other
code of silence,1985,412.0,2948.0,2.0,9.0,0.12261904761904761,0.8773809523809524,0.18181818181818182,0.8181818181818182,327.55555555555554,206.0,m,0,0,False,Other
cold mountain,2003,12274.0,11568.0,9.0,14.0,0.5148058048821408,0.4851941951178592,0.391304347826087,0.6086956521739131,826.2857142857143,1363.7777777777778,f,5,0,True,Other
collateral,2004,1616.0,9768.0,3.0,13.0,0.14195361911454674,0.8580463808854533,0.1875,0.8125,751.3846153846154,538.6666666666666,m,1,0,True,Other
collateral damage,2002,470.0,4222.0,1.0,10.0,0.10017050298380221,0.8998294970161977,0.09090909090909091,0.9090909090909091,422.2,470.0,f,0,0,False,Other
colombiana,2011,1417.0,6248.0,1.0,12.0,0.18486627527723418,0.8151337247227658,0.07692307692307693,0.9230769230769231,520.6666666666666,1417.0,f,0,0,False,Other
color of night,1994,4368.0,13761.0,4.0,10.0,0.24093993049809698,0.7590600695019031,0.2857142857142857,0.7142857142857143,1376.1,1092.0,m,0,0,False,Other
come see the paradise,1990,2787.0,4286.0,4.0,8.0,0.3940336490880814,0.6059663509119185,0.3333333333333333,0.6666666666666666,535.75,696.75,f,0,0,False,Other
coming to america,1988,1443.0,5734.0,3.0,9.0,0.20105893827504528,0.7989410617249547,0.25,0.75,637.1111111111111,481.0,m,2,0,True,Other
complete guide to guys,2005,2977.0,7805.0,10.0,13.0,0.2761083286959748,0.7238916713040252,0.43478260869565216,0.5652173913043478,600.3846153846154,297.7,m,0,0,False,Other
conan the barbarian,2011,2009.0,6568.0,1.0,11.0,0.2342310831292993,0.7657689168707007,0.08333333333333333,0.9166666666666666,597.0909090909091,2009.0,f,0,0,False,Other
confessions of a dangerous mind,2002,1869.0,5453.0,5.0,7.0,0.2552581261950287,0.7447418738049714,0.4166666666666667,0.5833333333333334,779.0,373.8,m,0,0,False,Other
confidence,2003,1170.0,10602.0,1.0,13.0,0.09938837920489296,0.900611620795107,0.07142857142857142,0.9285714285714286,815.5384615384615,1170.0,f,0,0,False,Other
conquest of the planet of the apes,1972,0.0,2179.0,0.0,6.0,0.0,1.0,0.0,1.0,363.1666666666667,0.0,m,0,0,False,Other
conspiracy theory,1997,2672.0,5641.0,1.0,7.0,0.321424275231565,0.678575724768435,0.125,0.875,805.8571428571429,2672.0,f,0,0,False,Other
constantine,2005,2930.0,6784.0,3.0,10.0,0.30162651842701255,0.6983734815729874,0.23076923076923078,0.7692307692307693,678.4,976.6666666666666,f,0,0,False,Other
contact,1997,4870.0,6876.0,1.0,12.0,0.414609228673591,0.585390771326409,0.07692307692307693,0.9230769230769231,573.0,4870.0,f,1,0,True,Other
conviction,2010,5231.0,2166.0,8.0,6.0,0.707178585913208,0.29282141408679196,0.5714285714285714,0.42857142857142855,361.0,653.875,f,0,0,False,Other
cool hand luke,1967,428.0,10122.0,1.0,15.0,0.04056872037914692,0.9594312796208531,0.0625,0.9375,674.8,428.0,m,2,0,True,Other
cop out,2010,307.0,9939.0,2.0,10.0,0.02996291235604138,0.9700370876439586,0.16666666666666666,0.8333333333333334,993.9,153.5,m,0,0,False,Other
copycat,1995,16078.0,9936.0,4.0,10.0,0.6180518182517106,0.3819481817482894,0.2857142857142857,0.7142857142857143,993.6,4019.5,f,0,0,False,Other
coraline,2009,4436.0,1648.0,4.0,5.0,0.7291255752794215,0.27087442472057854,0.4444444444444444,0.5555555555555556,329.6,1109.0,f,1,0,True,Other
coriolanus,2011,2623.0,9192.0,4.0,9.0,0.2220059246720271,0.7779940753279729,0.3076923076923077,0.6923076923076923,1021.3333333333334,655.75,m,0,0,False,Other
cosmopolis,2012,2278.0,6498.0,5.0,9.0,0.25957155879671834,0.7404284412032817,0.35714285714285715,0.6428571428571429,722.0,455.6,m,0,0,False,Other
courage under fire,1996,1850.0,10536.0,3.0,11.0,0.14936218310996285,0.8506378168900371,0.21428571428571427,0.7857142857142857,957.8181818181819,616.6666666666666,m,0,0,False,Other
cowboys  aliens,2011,2763.0,11660.0,3.0,16.0,0.19156902170144907,0.8084309782985509,0.15789473684210525,0.8421052631578947,728.75,921.0,f,0,0,False,Other
cradle 2 the grave,2003,1003.0,7197.0,3.0,11.0,0.1223170731707317,0.8776829268292683,0.21428571428571427,0.7857142857142857,654.2727272727273,334.3333333333333,m,0,0,False,Other
crank,2006,613.0,4578.0,1.0,6.0,0.11808900019264111,0.8819109998073589,0.14285714285714285,0.8571428571428571,763.0,613.0,m,0,0,False,Other
crash,2004,2552.0,8110.0,9.0,13.0,0.23935471768898894,0.760645282311011,0.4090909090909091,0.5909090909090909,623.8461538461538,283.55555555555554,m,0,0,False,Other
crazy heart,2009,1537.0,9029.0,1.0,10.0,0.14546659095211054,0.8545334090478894,0.09090909090909091,0.9090909090909091,902.9,1537.0,f,1,1,True,Other
crazy stupid love,2011,4260.0,8177.0,6.0,5.0,0.34252633271689314,0.6574736672831069,0.5454545454545454,0.45454545454545453,1635.4,710.0,m,0,0,False,Other
crazylove,2005,6579.0,4645.0,5.0,7.0,0.5861546685673557,0.41384533143264435,0.4166666666666667,0.5833333333333334,663.5714285714286,1315.8,f,0,0,False,Other
creation,2009,2147.0,5983.0,3.0,6.0,0.26408364083640834,0.7359163591635917,0.3333333333333333,0.6666666666666666,997.1666666666666,715.6666666666666,m,0,0,False,Other
creepshow,1982,1799.0,8891.0,4.0,11.0,0.16828811973807298,0.831711880261927,0.26666666666666666,0.7333333333333333,808.2727272727273,449.75,m,0,0,False,Other
crime spree,2003,408.0,8482.0,1.0,15.0,0.045894263217097865,0.9541057367829021,0.0625,0.9375,565.4666666666667,408.0,m,0,0,False,Other
crimson tide,1995,0.0,8519.0,0.0,13.0,0.0,1.0,0.0,1.0,655.3076923076923,0.0,m,3,0,True,Other
critters 2,1988,1047.0,2515.0,2.0,8.0,0.293935991016283,0.706064008983717,0.2,0.8,314.375,523.5,f,0,0,False,Other
croupier,1998,4200.0,12600.0,3.0,7.0,0.25,0.75,0.3,0.7,1800.0,1400.0,m,0,0,False,Other
cruel intentions,1999,9754.0,10518.0,5.0,4.0,0.48115627466456196,0.518843725335438,0.5555555555555556,0.4444444444444444,2629.5,1950.8,m,0,0,False,Other
cube,1997,3618.0,4892.0,2.0,4.0,0.42514688601645123,0.5748531139835488,0.3333333333333333,0.6666666666666666,1223.0,1809.0,f,0,0,False,Other
cujo,1983,1136.0,1956.0,1.0,5.0,0.36739974126778785,0.6326002587322122,0.16666666666666666,0.8333333333333334,391.2,1136.0,f,0,0,False,Other
curly sue,1991,5214.0,4934.0,3.0,4.0,0.5137958218368152,0.48620417816318484,0.42857142857142855,0.5714285714285714,1233.5,1738.0,f,0,0,False,Other
cursed,2005,2615.0,3967.0,5.0,10.0,0.3972956548161653,0.6027043451838348,0.3333333333333333,0.6666666666666666,396.7,523.0,f,0,0,False,Other
cyrus,2010,2547.0,4186.0,2.0,2.0,0.3782860537650379,0.6217139462349621,0.5,0.5,2093.0,1273.5,m,0,0,False,Other
daddys home,2015,1790.0,7413.0,1.0,3.0,0.19450179289362166,0.8054982071063783,0.25,0.75,2471.0,1790.0,m,0,0,False,Other
dallas buyers club,2013,1138.0,6225.0,2.0,9.0,0.15455656661686812,0.8454434333831319,0.18181818181818182,0.8181818181818182,691.6666666666666,569.0,m,4,1,True,Other
dances with wolves,1990,1498.0,14036.0,3.0,16.0,0.09643362945796317,0.9035663705420368,0.15789473684210525,0.8421052631578947,877.25,499.3333333333333,m,9,7,True,Other
danny collins,2015,1952.0,6695.0,4.0,6.0,0.2257430322655256,0.7742569677344744,0.4,0.6,1115.8333333333333,488.0,m,0,0,False,Other
dark city,1998,430.0,9546.0,2.0,12.0,0.04310344827586207,0.9568965517241379,0.14285714285714285,0.8571428571428571,795.5,215.0,m,0,0,False,Other
dark star,1974,0.0,7116.0,0.0,6.0,0.0,1.0,0.0,1.0,1186.0,0.0,m,0,0,False,Other
date night,2010,5690.0,9940.0,5.0,9.0,0.364043506078055,0.635956493921945,0.35714285714285715,0.6428571428571429,1104.4444444444443,1138.0,f,0,0,False,Other
dave,1993,1174.0,7227.0,2.0,7.0,0.13974526842042614,0.8602547315795739,0.2222222222222222,0.7777777777777778,1032.4285714285713,587.0,m,1,0,True,Other
day of the dead,1985,1048.0,5039.0,2.0,9.0,0.1721701987842944,0.8278298012157056,0.18181818181818182,0.8181818181818182,559.8888888888889,524.0,m,0,0,False,Other
daybreakers,2009,891.0,3898.0,2.0,8.0,0.18605136771768638,0.8139486322823136,0.2,0.8,487.25,445.5,m,0,0,False,Other
days of heaven,1978,4195.0,9465.0,2.0,4.0,0.3071010248901903,0.6928989751098097,0.3333333333333333,0.6666666666666666,2366.25,2097.5,m,4,1,True,Other
days of thunder,1990,807.0,6443.0,1.0,10.0,0.11131034482758621,0.8886896551724138,0.09090909090909091,0.9090909090909091,644.3,807.0,f,1,0,True,Other
dazed and confused,1993,2518.0,7496.0,6.0,11.0,0.2514479728380268,0.7485520271619732,0.35294117647058826,0.6470588235294118,681.4545454545455,419.6666666666667,m,0,0,False,Other
dead again,1991,1402.0,4126.0,4.0,7.0,0.2536179450072359,0.7463820549927641,0.36363636363636365,0.6363636363636364,589.4285714285714,350.5,m,0,0,False,Other
dead poets society,1989,1036.0,22390.0,3.0,14.0,0.044224366088960985,0.955775633911039,0.17647058823529413,0.8235294117647058,1599.2857142857142,345.3333333333333,m,3,1,True,Other
dead ringers,1988,2906.0,3165.0,4.0,1.0,0.47866908252347223,0.5213309174765277,0.8,0.2,3165.0,726.5,m,0,0,False,Other
dear white people,2014,4131.0,7000.0,4.0,12.0,0.3711256850238074,0.6288743149761926,0.25,0.75,583.3333333333334,1032.75,f,0,0,False,Other
death at a funeral,2010,3745.0,14995.0,3.0,11.0,0.19983991462113126,0.8001600853788687,0.21428571428571427,0.7857142857142857,1363.1818181818182,1248.3333333333333,m,0,0,False,Other
death becomes her,1992,1491.0,763.0,3.0,1.0,0.6614906832298136,0.3385093167701863,0.75,0.25,763.0,497.0,m,1,1,True,Other
death to smoochy,2002,1810.0,7375.0,2.0,7.0,0.1970604246053348,0.8029395753946652,0.2222222222222222,0.7777777777777778,1053.5714285714287,905.0,m,0,0,False,Other
deceived,1991,3618.0,2413.0,5.0,3.0,0.5999005140109435,0.40009948598905654,0.625,0.375,804.3333333333334,723.6,m,0,0,False,Other
deception,2008,972.0,7565.0,4.0,4.0,0.11385732692983484,0.8861426730701651,0.5,0.5,1891.25,243.0,m,0,0,False,Other
deconstructing harry,1997,663.0,2030.0,3.0,6.0,0.2461938358707761,0.753806164129224,0.3333333333333333,0.6666666666666666,338.3333333333333,221.0,m,1,0,True,Other
deep cover,1992,809.0,7058.0,2.0,11.0,0.10283462565145544,0.8971653743485446,0.15384615384615385,0.8461538461538461,641.6363636363636,404.5,m,0,0,False,Other
deep rising,1998,667.0,4454.0,1.0,9.0,0.13024799843780513,0.8697520015621949,0.1,0.9,494.8888888888889,667.0,f,0,0,False,Other
defending your life,1991,3837.0,9822.0,4.0,11.0,0.2809136832857457,0.7190863167142544,0.26666666666666666,0.7333333333333333,892.9090909090909,959.25,f,0,0,False,Other
defiance,2008,1521.0,9428.0,6.0,14.0,0.1389167960544342,0.8610832039455658,0.3,0.7,673.4285714285714,253.5,m,1,0,True,Other
deja vu,2006,2518.0,12619.0,4.0,15.0,0.1663473607716192,0.8336526392283808,0.21052631578947367,0.7894736842105263,841.2666666666667,629.5,m,0,0,False,Other
deliver us from evil,2014,749.0,5986.0,4.0,4.0,0.11121009651076466,0.8887899034892354,0.5,0.5,1496.5,187.25,m,0,0,False,Other
deliverance,1972,194.0,6738.0,1.0,8.0,0.02798615118291979,0.9720138488170802,0.1111111111111111,0.8888888888888888,842.25,194.0,m,3,0,True,Other
delivery man,2013,778.0,6323.0,3.0,8.0,0.10956203351640614,0.8904379664835939,0.2727272727272727,0.7272727272727273,790.375,259.3333333333333,m,0,0,False,Other
demolition man,1993,1556.0,5170.0,1.0,8.0,0.2313410645257211,0.7686589354742789,0.1111111111111111,0.8888888888888888,646.25,1556.0,f,0,0,False,Other
despicable me,2010,1368.0,3576.0,5.0,4.0,0.2766990291262136,0.7233009708737864,0.5555555555555556,0.4444444444444444,894.0,273.6,m,0,0,False,Other
despicable me 2,2013,2271.0,3907.0,6.0,5.0,0.367594690838459,0.6324053091615409,0.5454545454545454,0.45454545454545453,781.4,378.5,m,2,0,True,Other
detroit rock city,1999,4132.0,18426.0,6.0,16.0,0.1831722670449508,0.8168277329550492,0.2727272727272727,0.7272727272727273,1151.625,688.6666666666666,m,0,0,False,Other
devil in a blue dress,1995,2660.0,18466.0,4.0,11.0,0.12591119946984758,0.8740888005301524,0.26666666666666666,0.7333333333333333,1678.7272727272727,665.0,m,0,0,False,Other
diabolique,1996,4634.0,1586.0,3.0,3.0,0.745016077170418,0.254983922829582,0.5,0.5,528.6666666666666,1544.6666666666667,f,0,0,False,Other
die hard,1988,1200.0,14952.0,3.0,18.0,0.07429420505200594,0.9257057949479941,0.14285714285714285,0.8571428571428571,830.6666666666666,400.0,m,4,0,True,Other
die hard 2,1990,1438.0,8908.0,4.0,12.0,0.13899091436303884,0.8610090856369611,0.25,0.75,742.3333333333334,359.5,m,0,0,False,Other
die hard with a vengeance,1995,0.0,6627.0,0.0,10.0,0.0,1.0,0.0,1.0,662.7,0.0,m,0,0,False,Other
diner,1982,1370.0,7690.0,4.0,8.0,0.15121412803532008,0.8487858719646799,0.3333333333333333,0.6666666666666666,961.25,342.5,m,1,0,True,Other
dinner for schmucks,2010,1386.0,7341.0,3.0,6.0,0.15881746304572017,0.8411825369542798,0.3333333333333333,0.6666666666666666,1223.5,462.0,m,0,0,False,Other
disturbia,2007,1937.0,4410.0,3.0,3.0,0.3051835512840712,0.6948164487159287,0.5,0.5,1470.0,645.6666666666666,m,0,0,False,Other
do the right thing,1989,1070.0,4850.0,3.0,10.0,0.18074324324324326,0.8192567567567568,0.23076923076923078,0.7692307692307693,485.0,356.6666666666667,m,1,0,True,Other
dog day afternoon,1975,1292.0,8396.0,3.0,6.0,0.1333608587943848,0.8666391412056152,0.3333333333333333,0.6666666666666666,1399.3333333333333,430.6666666666667,m,4,1,True,Other
dogma,1999,10480.0,22322.0,5.0,9.0,0.31949271385891104,0.6805072861410889,0.35714285714285715,0.6428571428571429,2480.222222222222,2096.0,m,0,0,False,Other
dolores claiborne,1995,5794.0,2380.0,3.0,4.0,0.7088328847565452,0.29116711524345484,0.42857142857142855,0.5714285714285714,595.0,1931.3333333333333,f,0,0,False,Other
domino,2005,5945.0,4437.0,7.0,12.0,0.5726256983240223,0.4273743016759777,0.3684210526315789,0.631578947368421,369.75,849.2857142857143,f,0,0,False,Other
donnie brasco,1997,1720.0,11744.0,3.0,12.0,0.12774806892453952,0.8722519310754605,0.2,0.8,978.6666666666666,573.3333333333334,m,1,0,True,Other
donnie darko,2001,2982.0,3877.0,7.0,9.0,0.4347572532439131,0.5652427467560869,0.4375,0.5625,430.77777777777777,426.0,m,0,0,False,Other
doom,2005,1824.0,4906.0,1.0,8.0,0.27102526002971766,0.7289747399702823,0.1111111111111111,0.8888888888888888,613.25,1824.0,f,0,0,False,Other
doomsday,2008,3610.0,7546.0,5.0,13.0,0.32359268555037646,0.6764073144496235,0.2777777777777778,0.7222222222222222,580.4615384615385,722.0,f,0,0,False,Other
dope,2015,1347.0,6844.0,4.0,12.0,0.16444878525210596,0.8355512147478941,0.25,0.75,570.3333333333334,336.75,m,0,0,False,Other
double indemnity,1944,3563.0,9783.0,2.0,6.0,0.2669713771916679,0.733028622808332,0.25,0.75,1630.5,1781.5,f,6,0,True,Other
doubt,2008,5119.0,2812.0,3.0,1.0,0.6454419367040726,0.3545580632959274,0.75,0.25,2812.0,1706.3333333333333,m,1,0,True,Other
down and out in beverly hills,1986,591.0,5719.0,2.0,5.0,0.0936608557844691,0.9063391442155309,0.2857142857142857,0.7142857142857143,1143.8,295.5,m,0,0,False,Other
dr jekyll and mr hyde,1941,2452.0,4655.0,5.0,7.0,0.34501196003939777,0.6549880399606022,0.4166666666666667,0.5833333333333334,665.0,490.4,m,3,0,True,Other
dracula,1992,2584.0,6345.0,2.0,7.0,0.28939410908276403,0.710605890917236,0.2222222222222222,0.7777777777777778,906.4285714285714,1292.0,f,0,0,False,Other
dracula 2000,2000,1326.0,2404.0,3.0,3.0,0.3554959785522788,0.6445040214477212,0.5,0.5,801.3333333333334,442.0,m,0,0,False,Other
dracula untold,2014,676.0,5389.0,2.0,11.0,0.11145919208573785,0.8885408079142622,0.15384615384615385,0.8461538461538461,489.90909090909093,338.0,m,0,0,False,Other
drag me to hell,2009,17236.0,7852.0,7.0,6.0,0.6870216836734694,0.3129783163265306,0.5384615384615384,0.46153846153846156,1308.6666666666667,2462.285714285714,f,0,0,False,Other
dragonslayer,1981,1467.0,4697.0,2.0,9.0,0.23799480856586633,0.7620051914341337,0.18181818181818182,0.8181818181818182,521.8888888888889,733.5,f,2,0,True,Other
dreamcatcher,2003,123.0,4341.0,1.0,8.0,0.027553763440860215,0.9724462365591398,0.1111111111111111,0.8888888888888888,542.625,123.0,m,0,0,False,Other
dredd,2012,1838.0,3298.0,4.0,7.0,0.35786604361370716,0.6421339563862928,0.36363636363636365,0.6363636363636364,471.14285714285717,459.5,m,0,0,False,Other
drive,2011,832.0,4443.0,2.0,5.0,0.15772511848341234,0.8422748815165877,0.2857142857142857,0.7142857142857143,888.6,416.0,m,1,0,True,Other
drive angry,2011,1472.0,2692.0,3.0,5.0,0.35350624399615754,0.6464937560038425,0.375,0.625,538.4,490.6666666666667,m,0,0,False,Other
drop dead gorgeous,1999,11134.0,2734.0,16.0,10.0,0.8028554946639747,0.19714450533602537,0.6153846153846154,0.38461538461538464,273.4,695.875,f,0,0,False,Other
drugstore cowboy,1989,2451.0,9401.0,3.0,7.0,0.20680053999325007,0.7931994600067499,0.3,0.7,1343.0,817.0,m,0,0,False,Other
duck soup,1933,724.0,4338.0,1.0,2.0,0.1430264717502963,0.8569735282497036,0.3333333333333333,0.6666666666666666,2169.0,724.0,m,0,0,False,Other
duel,1971,0.0,3019.0,0.0,4.0,0.0,1.0,0.0,1.0,754.75,0.0,m,0,0,False,Other
dumb  dumber,1994,1846.0,16264.0,3.0,5.0,0.10193263390392049,0.8980673660960795,0.375,0.625,3252.8,615.3333333333334,m,0,0,False,Other
dumb and dumber to,2014,2783.0,9061.0,5.0,4.0,0.23497129348193177,0.7650287065180682,0.5555555555555556,0.4444444444444444,2265.25,556.6,m,0,0,False,Other
dune,1984,1261.0,4791.0,2.0,10.0,0.2083608724388632,0.7916391275611369,0.16666666666666666,0.8333333333333334,479.1,630.5,f,1,0,True,Other
duplex,2003,4034.0,3564.0,3.0,7.0,0.5309291918926033,0.4690708081073967,0.3,0.7,509.14285714285717,1344.6666666666667,f,0,0,False,Other
eagle eye,2008,4113.0,4972.0,5.0,7.0,0.4527242707760044,0.5472757292239956,0.4166666666666667,0.5833333333333334,710.2857142857143,822.6,f,0,0,False,Other
easy a,2010,10289.0,1296.0,5.0,4.0,0.8881312041432887,0.11186879585671126,0.5555555555555556,0.4444444444444444,324.0,2057.8,f,0,0,False,Other
ed wood,1994,1926.0,12591.0,4.0,11.0,0.13267203967761934,0.8673279603223807,0.26666666666666666,0.7333333333333333,1144.6363636363637,481.5,m,1,1,True,Other
edge of darkness,2010,701.0,11243.0,2.0,11.0,0.058690555927662424,0.9413094440723375,0.15384615384615385,0.8461538461538461,1022.0909090909091,350.5,m,0,0,False,Other
edtv,1999,6592.0,18050.0,10.0,15.0,0.2675107539972405,0.7324892460027596,0.4,0.6,1203.3333333333333,659.2,m,0,0,False,Other
edward scissorhands,1990,3326.0,1670.0,5.0,5.0,0.6657325860688551,0.3342674139311449,0.5,0.5,334.0,665.2,f,1,0,True,Other
eight legged freaks,2002,3858.0,7372.0,4.0,7.0,0.3435440783615316,0.6564559216384684,0.36363636363636365,0.6363636363636364,1053.142857142857,964.5,m,0,0,False,Other
el cantante,2006,3175.0,3912.0,3.0,5.0,0.44800338648229154,0.5519966135177085,0.375,0.625,782.4,1058.3333333333333,f,0,0,False,Other
el dorado,1966,1110.0,10550.0,3.0,9.0,0.09519725557461406,0.9048027444253859,0.25,0.75,1172.2222222222222,370.0,m,0,0,False,Other
el mariachi,1992,697.0,1543.0,1.0,3.0,0.3111607142857143,0.6888392857142858,0.25,0.75,514.3333333333334,697.0,f,0,0,False,Other
election,1999,9754.0,15258.0,6.0,5.0,0.38997281304973613,0.6100271869502639,0.5454545454545454,0.45454545454545453,3051.6,1625.6666666666667,m,1,0,True,Other
elf,2003,1152.0,9051.0,3.0,8.0,0.11290796824463394,0.8870920317553661,0.2727272727272727,0.7272727272727273,1131.375,384.0,m,0,0,False,Other
elizabeth,1998,3524.0,4597.0,3.0,11.0,0.4339367073020564,0.5660632926979436,0.21428571428571427,0.7857142857142857,417.90909090909093,1174.6666666666667,f,6,1,True,Other
elizabeth the golden age,2007,3848.0,3468.0,4.0,9.0,0.5259704756697648,0.4740295243302351,0.3076923076923077,0.6923076923076923,385.3333333333333,962.0,f,1,1,True,Other
elizabethtown,2005,2111.0,3466.0,2.0,4.0,0.3785189169804554,0.6214810830195445,0.3333333333333333,0.6666666666666666,866.5,1055.5,f,0,0,False,Other
elysium,2013,2686.0,5888.0,4.0,8.0,0.3132726848612083,0.6867273151387917,0.3333333333333333,0.6666666666666666,736.0,671.5,m,0,0,False,Other
emma,1996,8801.0,2958.0,5.0,4.0,0.7484479972786802,0.25155200272131983,0.5555555555555556,0.4444444444444444,739.5,1760.2,f,2,1,True,Other
encrypt,2003,2461.0,5541.0,2.0,5.0,0.30754811297175705,0.6924518870282429,0.2857142857142857,0.7142857142857143,1108.2,1230.5,f,0,0,False,Other
end of days,1999,1681.0,2297.0,2.0,6.0,0.4225741578682755,0.5774258421317244,0.25,0.75,382.8333333333333,840.5,f,0,0,False,Other
end of watch,2012,1156.0,7372.0,4.0,8.0,0.13555347091932457,0.8644465290806754,0.3333333333333333,0.6666666666666666,921.5,289.0,m,0,0,False,Other
enemy of the state,1998,2242.0,17154.0,4.0,25.0,0.11559084347288101,0.884409156527119,0.13793103448275862,0.8620689655172413,686.16,560.5,m,0,0,False,Other
enough,2002,7418.0,6635.0,8.0,11.0,0.5278588201807444,0.4721411798192557,0.42105263157894735,0.5789473684210527,603.1818181818181,927.25,f,0,0,False,Other
enough said,2013,5673.0,2121.0,8.0,2.0,0.7278675904541956,0.2721324095458045,0.8,0.2,1060.5,709.125,m,0,0,False,Other
enter the dragon,1973,107.0,5024.0,1.0,6.0,0.020853634769050867,0.9791463652309491,0.14285714285714285,0.8571428571428571,837.3333333333334,107.0,m,0,0,False,Other
entrapment,1999,7164.0,9476.0,1.0,2.0,0.4305288461538462,0.5694711538461539,0.3333333333333333,0.6666666666666666,4738.0,7164.0,f,0,0,False,Other
equilibrium,2002,354.0,2868.0,1.0,5.0,0.10986964618249534,0.8901303538175046,0.16666666666666666,0.8333333333333334,573.6,354.0,m,0,0,False,Other
erik the viking,1989,2809.0,13425.0,4.0,13.0,0.1730319083405199,0.8269680916594802,0.23529411764705882,0.7647058823529411,1032.6923076923076,702.25,m,0,0,False,Other
erin brockovich,2000,9126.0,5659.0,7.0,7.0,0.6172472100101454,0.38275278998985457,0.5,0.5,808.4285714285714,1303.7142857142858,f,3,0,True,Other
escape from alcatraz,1979,0.0,6768.0,0.0,14.0,0.0,1.0,0.0,1.0,483.42857142857144,0.0,m,0,0,False,Other
escape from la,1996,1179.0,3711.0,5.0,8.0,0.2411042944785276,0.7588957055214723,0.38461538461538464,0.6153846153846154,463.875,235.8,m,0,0,False,Other
escape from new york,1981,500.0,6196.0,2.0,7.0,0.07467144563918758,0.9253285543608124,0.2222222222222222,0.7777777777777778,885.1428571428571,250.0,m,0,0,False,Other
eternal sunshine of the spotless mind,2004,12312.0,10952.0,8.0,6.0,0.5292297111416782,0.4707702888583219,0.5714285714285714,0.42857142857142855,1825.3333333333333,1539.0,m,1,1,True,Other
even cowgirls get the blues,1993,12248.0,10586.0,12.0,11.0,0.5363930980117368,0.4636069019882631,0.5217391304347826,0.4782608695652174,962.3636363636364,1020.6666666666666,f,0,0,False,Other
event horizon,1997,3944.0,13554.0,2.0,6.0,0.22539718825008573,0.7746028117499143,0.25,0.75,2259.0,1972.0,m,0,0,False,Other
everly,2014,2290.0,1979.0,3.0,3.0,0.5364253923635511,0.4635746076364488,0.5,0.5,659.6666666666666,763.3333333333334,f,0,0,False,Other
everything must go,2010,316.0,6222.0,1.0,5.0,0.04833282349342306,0.951667176506577,0.16666666666666666,0.8333333333333334,1244.4,316.0,m,0,0,False,Other
evidence,2013,3252.0,2204.0,5.0,5.0,0.5960410557184751,0.4039589442815249,0.5,0.5,440.8,650.4,f,0,0,False,Other
evil angel,2009,2900.0,4784.0,6.0,8.0,0.3774076002082249,0.6225923997917752,0.42857142857142855,0.5714285714285714,598.0,483.3333333333333,m,0,0,False,Other
evil under the sun,1982,7147.0,12573.0,7.0,5.0,0.3624239350912779,0.6375760649087221,0.5833333333333334,0.4166666666666667,2514.6,1021.0,m,0,0,False,Other
ex machina,2015,1143.0,6455.0,1.0,3.0,0.15043432482232166,0.8495656751776783,0.25,0.75,2151.6666666666665,1143.0,m,2,1,True,Other
executive decision,1996,610.0,11168.0,1.0,17.0,0.051791475632535236,0.9482085243674647,0.05555555555555555,0.9444444444444444,656.9411764705883,610.0,m,0,0,False,Other
existenz,1999,3752.0,5695.0,2.0,7.0,0.3971631205673759,0.6028368794326241,0.2222222222222222,0.7777777777777778,813.5714285714286,1876.0,f,0,0,False,Other
exodus gods and kings,2014,114.0,5467.0,1.0,7.0,0.020426446873320195,0.9795735531266798,0.125,0.875,781.0,114.0,m,0,0,False,Other
exorcist the beginning,2004,843.0,6269.0,1.0,8.0,0.11853205849268841,0.8814679415073116,0.1111111111111111,0.8888888888888888,783.625,843.0,f,0,0,False,Other
extract,2009,2162.0,12887.0,3.0,10.0,0.14366403083261348,0.8563359691673865,0.23076923076923078,0.7692307692307693,1288.7,720.6666666666666,m,0,0,False,Other
eyes wide shut,1999,708.0,2387.0,3.0,4.0,0.22875605815831987,0.7712439418416801,0.42857142857142855,0.5714285714285714,596.75,236.0,m,0,0,False,Other
faceoff,1997,1433.0,3282.0,4.0,7.0,0.3039236479321315,0.6960763520678686,0.36363636363636365,0.6363636363636364,468.85714285714283,358.25,m,1,0,True,Other
fallen,1998,780.0,5534.0,1.0,8.0,0.12353500158378207,0.8764649984162179,0.1111111111111111,0.8888888888888888,691.75,780.0,f,0,0,False,Other
family plot,1976,2950.0,3559.0,3.0,5.0,0.4532186203717929,0.546781379628207,0.375,0.625,711.8,983.3333333333334,f,0,0,False,Other
fantastic four,2005,3600.0,14088.0,4.0,9.0,0.20352781546811397,0.7964721845318861,0.3076923076923077,0.6923076923076923,1565.3333333333333,900.0,m,0,0,False,Other
fantastic mr fox,2009,864.0,12442.0,1.0,10.0,0.06493311288140688,0.9350668871185931,0.09090909090909091,0.9090909090909091,1244.2,864.0,m,2,0,True,Other
fantastic voyage,1966,604.0,6266.0,1.0,7.0,0.08791848617176128,0.9120815138282388,0.125,0.875,895.1428571428571,604.0,m,5,2,True,Other
far from heaven,2002,6403.0,3434.0,5.0,5.0,0.6509098302327946,0.34909016976720547,0.5,0.5,686.8,1280.6,f,3,0,True,Other
far from the madding crowd,2015,3067.0,3473.0,3.0,4.0,0.46896024464831804,0.5310397553516819,0.42857142857142855,0.5714285714285714,868.25,1022.3333333333334,f,0,0,False,Other
farewell to the king,1989,131.0,3442.0,1.0,7.0,0.03666386789812483,0.9633361321018752,0.125,0.875,491.7142857142857,131.0,m,0,0,False,Other
fargo,1996,4486.0,11894.0,3.0,13.0,0.2738705738705739,0.7261294261294261,0.1875,0.8125,914.9230769230769,1495.3333333333333,f,5,1,True,Other
fast times at ridgemont high,1982,2799.0,4695.0,4.0,7.0,0.3734987990392314,0.6265012009607687,0.36363636363636365,0.6363636363636364,670.7142857142857,699.75,f,0,0,False,Other
fatal instinct,1993,7694.0,12624.0,4.0,10.0,0.3786790038389605,0.6213209961610394,0.2857142857142857,0.7142857142857143,1262.4,1923.5,f,0,0,False,Other
father of the bride,1991,3322.0,6507.0,3.0,6.0,0.3379794485705565,0.6620205514294435,0.3333333333333333,0.6666666666666666,1084.5,1107.3333333333333,f,0,0,False,Other
fear and loathing in las vegas,1998,1382.0,22984.0,4.0,8.0,0.05671837806779939,0.9432816219322006,0.3333333333333333,0.6666666666666666,2873.0,345.5,m,0,0,False,Other
fear of clowns,2004,3594.0,4978.0,4.0,7.0,0.419272048530098,0.580727951469902,0.36363636363636365,0.6363636363636364,711.1428571428571,898.5,f,0,0,False,Other
feast,2005,1983.0,3433.0,5.0,11.0,0.3661373707533235,0.6338626292466765,0.3125,0.6875,312.09090909090907,396.6,f,0,0,False,Other
ferris buellers day off,1986,2152.0,4340.0,4.0,4.0,0.3314849044978435,0.6685150955021565,0.5,0.5,1085.0,538.0,m,0,0,False,Other
field of dreams,1989,3298.0,13720.0,3.0,11.0,0.19379480550005876,0.8062051944999412,0.21428571428571427,0.7857142857142857,1247.2727272727273,1099.3333333333333,m,3,0,True,Other
fight club,1999,1144.0,9364.0,2.0,4.0,0.10886943281309479,0.8911305671869052,0.3333333333333333,0.6666666666666666,2341.0,572.0,m,1,0,True,Other
final destination,2000,908.0,1971.0,2.0,7.0,0.31538728725251824,0.6846127127474818,0.2222222222222222,0.7777777777777778,281.57142857142856,454.0,f,0,0,False,Other
final destination 2,2003,4968.0,2841.0,7.0,8.0,0.6361890126776796,0.3638109873223204,0.4666666666666667,0.5333333333333333,355.125,709.7142857142857,f,0,0,False,Other
final destination 3,2006,4209.0,3947.0,6.0,5.0,0.5160617949975478,0.48393820500245216,0.5454545454545454,0.45454545454545453,789.4,701.5,m,0,0,False,Other
finders keepers the root of all evil,2013,1448.0,2046.0,2.0,4.0,0.41442472810532344,0.5855752718946766,0.3333333333333333,0.6666666666666666,511.5,724.0,f,0,0,False,Other
finding nemo,2003,4704.0,14258.0,5.0,14.0,0.24807509756354815,0.7519249024364518,0.2631578947368421,0.7368421052631579,1018.4285714285714,940.8,m,4,1,True,Other
firestarter,1984,2282.0,2430.0,3.0,6.0,0.48429541595925296,0.515704584040747,0.3333333333333333,0.6666666666666666,405.0,760.6666666666666,f,0,0,False,Other
five easy pieces,1970,3968.0,3042.0,6.0,3.0,0.5660485021398003,0.4339514978601997,0.6666666666666666,0.3333333333333333,1014.0,661.3333333333334,m,2,0,True,Other
five feet high and rising,2000,769.0,1419.0,2.0,4.0,0.35146252285191953,0.6485374771480804,0.3333333333333333,0.6666666666666666,354.75,384.5,f,0,0,False,Other
flags of our fathers,2006,149.0,6856.0,1.0,14.0,0.021270521056388294,0.9787294789436117,0.06666666666666667,0.9333333333333333,489.7142857142857,149.0,m,2,0,True,Other
flash gordon,1980,1744.0,4042.0,3.0,6.0,0.30141721396474247,0.6985827860352575,0.3333333333333333,0.6666666666666666,673.6666666666666,581.3333333333334,m,0,0,False,Other
fletch,1985,802.0,5339.0,2.0,6.0,0.13059762253704607,0.8694023774629539,0.25,0.75,889.8333333333334,401.0,m,0,0,False,Other
flight,2012,2935.0,10519.0,4.0,11.0,0.21815073584064218,0.7818492641593578,0.26666666666666666,0.7333333333333333,956.2727272727273,733.75,m,1,0,True,Other
flightplan,2005,2691.0,2526.0,4.0,3.0,0.515813686026452,0.484186313973548,0.5714285714285714,0.42857142857142855,842.0,672.75,m,0,0,False,Other
for colored girls,2010,10597.0,1580.0,10.0,5.0,0.8702471873203581,0.12975281267964195,0.6666666666666666,0.3333333333333333,316.0,1059.7,f,0,0,False,Other
for your eyes only,1981,248.0,1599.0,2.0,3.0,0.13427179209528967,0.8657282079047104,0.4,0.6,533.0,124.0,m,1,0,True,Other
forgetting sarah marshall,2008,3254.0,5746.0,3.0,4.0,0.3615555555555556,0.6384444444444445,0.42857142857142855,0.5714285714285714,1436.5,1084.6666666666667,m,0,0,False,Other
forrest gump,1994,1549.0,7541.0,3.0,6.0,0.1704070407040704,0.8295929592959296,0.3333333333333333,0.6666666666666666,1256.8333333333333,516.3333333333334,m,11,5,True,Other
four lions,2010,186.0,9760.0,1.0,8.0,0.01870098532073195,0.9812990146792681,0.1111111111111111,0.8888888888888888,1220.0,186.0,m,0,0,False,Other
four rooms,1995,10102.0,16108.0,11.0,7.0,0.38542541014879816,0.6145745898512018,0.6111111111111112,0.3888888888888889,2301.1428571428573,918.3636363636364,m,0,0,False,Other
foxcatcher,2014,0.0,8057.0,0.0,6.0,0.0,1.0,0.0,1.0,1342.8333333333333,0.0,m,3,0,True,Other
fracture,2007,3612.0,20676.0,4.0,6.0,0.14871541501976285,0.8512845849802372,0.4,0.6,3446.0,903.0,m,0,0,False,Other
frailty,2001,0.0,10387.0,0.0,6.0,0.0,1.0,0.0,1.0,1731.1666666666667,0.0,m,0,0,False,Other
frankenstein,1931,425.0,3374.0,1.0,4.0,0.1118715451434588,0.8881284548565412,0.2,0.8,843.5,425.0,m,0,0,False,Other
frankenweenie,2012,1219.0,2952.0,2.0,6.0,0.2922560537041477,0.7077439462958524,0.25,0.75,492.0,609.5,f,1,0,True,Other
freddy vs jason,2003,3001.0,4595.0,4.0,9.0,0.3950763559768299,0.6049236440231701,0.3076923076923077,0.6923076923076923,510.55555555555554,750.25,f,0,0,False,Other
freddys dead the final nightmare,1991,877.0,2667.0,2.0,6.0,0.2474604966139955,0.7525395033860045,0.25,0.75,444.5,438.5,m,0,0,False,Other
french connection ii,1975,148.0,2348.0,1.0,5.0,0.05929487179487179,0.9407051282051282,0.16666666666666666,0.8333333333333334,469.6,148.0,m,0,0,False,Other
frequency,2000,1154.0,12286.0,3.0,9.0,0.08586309523809524,0.9141369047619048,0.25,0.75,1365.111111111111,384.6666666666667,m,0,0,False,Other
friday the 13th,1980,1639.0,1574.0,5.0,4.0,0.5101151571739807,0.4898848428260193,0.5555555555555556,0.4444444444444444,393.5,327.8,m,0,0,False,Other
friday the 13th,2009,1671.0,2958.0,5.0,8.0,0.3609850939727803,0.6390149060272197,0.38461538461538464,0.6153846153846154,369.75,334.2,m,0,0,False,Other
friday the 13th part iii,1982,2374.0,2071.0,6.0,6.0,0.5340832395950507,0.4659167604049494,0.5,0.5,345.1666666666667,395.6666666666667,f,0,0,False,Other
friday the 13th part viii jason takes manhattan,1989,2432.0,3162.0,5.0,8.0,0.43475151948516266,0.5652484805148373,0.38461538461538464,0.6153846153846154,395.25,486.4,f,0,0,False,Other
fried green tomatoes,1991,8796.0,1869.0,9.0,7.0,0.8247538677918425,0.17524613220815752,0.5625,0.4375,267.0,977.3333333333334,f,1,0,True,Other
friends with benefits,2011,4084.0,3703.0,4.0,3.0,0.5244638500064209,0.475536149993579,0.5714285714285714,0.42857142857142855,1234.3333333333333,1021.0,m,0,0,False,Other
fright night,2011,3092.0,13916.0,4.0,7.0,0.18179680150517405,0.8182031984948259,0.36363636363636365,0.6363636363636364,1988.0,773.0,m,0,0,False,Other
from dusk till dawn,1996,2016.0,18216.0,3.0,10.0,0.099644128113879,0.900355871886121,0.23076923076923078,0.7692307692307693,1821.6,672.0,m,0,0,False,Other
from dusk till dawn 2 texas blood money,1999,0.0,5557.0,0.0,7.0,0.0,1.0,0.0,1.0,793.8571428571429,0.0,m,0,0,False,Other
frostnixon,2008,492.0,13136.0,1.0,7.0,0.03610214264749046,0.9638978573525095,0.125,0.875,1876.5714285714287,492.0,m,4,0,True,Other
frozen,2013,2922.0,3875.0,2.0,6.0,0.42989554215094894,0.5701044578490511,0.25,0.75,645.8333333333334,1461.0,f,2,2,True,Other
frozen river,2008,9884.0,4134.0,4.0,7.0,0.7050934512769297,0.2949065487230703,0.36363636363636365,0.6363636363636364,590.5714285714286,2471.0,f,1,0,True,Other
fruitvale station,2013,2955.0,4226.0,6.0,8.0,0.4115025762428631,0.5884974237571369,0.42857142857142855,0.5714285714285714,528.25,492.5,m,0,0,False,Other
full metal jacket,1987,102.0,14124.0,1.0,17.0,0.007169970476592155,0.9928300295234078,0.05555555555555555,0.9444444444444444,830.8235294117648,102.0,m,1,0,True,Other
fun with dick and jane,2005,832.0,1082.0,2.0,2.0,0.4346917450365726,0.5653082549634274,0.5,0.5,541.0,416.0,m,0,0,False,Other
funny people,2009,7596.0,36278.0,6.0,10.0,0.1731321511601404,0.8268678488398596,0.375,0.625,3627.8,1266.0,m,0,0,False,Other
fury,2014,0.0,6838.0,0.0,6.0,0.0,1.0,0.0,1.0,1139.6666666666667,0.0,m,0,0,False,Other
galaxy quest,1999,1493.0,8030.0,2.0,10.0,0.1567783261577234,0.8432216738422766,0.16666666666666666,0.8333333333333334,803.0,746.5,m,0,0,False,Other
game 6,2005,3864.0,12176.0,6.0,12.0,0.24089775561097257,0.7591022443890274,0.3333333333333333,0.6666666666666666,1014.6666666666666,644.0,m,0,0,False,Other
gamer,2009,565.0,1657.0,3.0,5.0,0.2542754275427543,0.7457245724572458,0.375,0.625,331.4,188.33333333333334,m,0,0,False,Other
gandhi,1982,623.0,13387.0,2.0,17.0,0.04446823697359029,0.9555317630264097,0.10526315789473684,0.8947368421052632,787.4705882352941,311.5,m,10,7,True,Other
gang related,1997,3588.0,21340.0,3.0,16.0,0.14393453145057766,0.8560654685494223,0.15789473684210525,0.8421052631578947,1333.75,1196.0,m,0,0,False,Other
gangs of new york,2002,1419.0,10005.0,2.0,13.0,0.12421218487394958,0.8757878151260504,0.13333333333333333,0.8666666666666667,769.6153846153846,709.5,m,9,0,True,Other
gangster squad,2013,991.0,8474.0,2.0,13.0,0.10470153195985209,0.8952984680401479,0.13333333333333333,0.8666666666666667,651.8461538461538,495.5,m,0,0,False,Other
garden state,2004,4784.0,13390.0,6.0,11.0,0.2632331902718169,0.7367668097281831,0.35294117647058826,0.6470588235294118,1217.2727272727273,797.3333333333334,m,0,0,False,Other
gattaca,1997,458.0,4982.0,1.0,10.0,0.08419117647058824,0.9158088235294117,0.09090909090909091,0.9090909090909091,498.2,458.0,m,1,0,True,Other
get carter,2000,1142.0,3867.0,3.0,6.0,0.22798961868636455,0.7720103813136354,0.3333333333333333,0.6666666666666666,644.5,380.6666666666667,m,0,0,False,Other
get hard,2015,1064.0,9330.0,3.0,9.0,0.10236675004810468,0.8976332499518953,0.25,0.75,1036.6666666666667,354.6666666666667,m,0,0,False,Other
get him to the greek,2010,1154.0,11164.0,2.0,4.0,0.09368403961682091,0.9063159603831791,0.3333333333333333,0.6666666666666666,2791.0,577.0,m,0,0,False,Other
get low,2009,2008.0,11588.0,3.0,7.0,0.1476904972050603,0.8523095027949397,0.3,0.7,1655.4285714285713,669.3333333333334,m,0,0,False,Other
get on up,2014,264.0,7328.0,1.0,7.0,0.03477344573234984,0.9652265542676501,0.125,0.875,1046.857142857143,264.0,m,0,0,False,Other
get shorty,1995,3092.0,18656.0,5.0,11.0,0.14217399301085157,0.8578260069891485,0.3125,0.6875,1696.0,618.4,m,0,0,False,Other
ghost,1990,8604.0,11322.0,2.0,7.0,0.43179765130984643,0.5682023486901535,0.2222222222222222,0.7777777777777778,1617.4285714285713,4302.0,f,4,1,True,Other
ghost ship,2002,2928.0,13070.0,2.0,3.0,0.18302287785973248,0.8169771221402675,0.4,0.6,4356.666666666667,1464.0,m,0,0,False,Other
ghost story,1981,769.0,3924.0,4.0,7.0,0.16386106967824418,0.8361389303217558,0.36363636363636365,0.6363636363636364,560.5714285714286,192.25,m,0,0,False,Other
ghost town,2008,2258.0,9996.0,4.0,6.0,0.1842663620042435,0.8157336379957565,0.4,0.6,1666.0,564.5,m,0,0,False,Other
ghost world,2001,18692.0,9122.0,7.0,10.0,0.6720356654921982,0.3279643345078018,0.4117647058823529,0.5882352941176471,912.2,2670.285714285714,f,1,0,True,Other
ghostbusters,1984,1591.0,9140.0,2.0,6.0,0.14826204454384492,0.851737955456155,0.25,0.75,1523.3333333333333,795.5,m,2,0,True,Other
ghostbusters ii,1989,4106.0,18706.0,5.0,13.0,0.1799929861476416,0.8200070138523584,0.2777777777777778,0.7222222222222222,1438.923076923077,821.2,m,0,0,False,Other
gi jane,1997,4267.0,4104.0,4.0,9.0,0.5097359933102378,0.4902640066897623,0.3076923076923077,0.6923076923076923,456.0,1066.75,f,0,0,False,Other
gi joe the rise of cobra,2009,3173.0,10868.0,2.0,13.0,0.2259810554803789,0.774018944519621,0.13333333333333333,0.8666666666666667,836.0,1586.5,f,0,0,False,Other
ginger snaps,2000,7287.0,1640.0,4.0,4.0,0.8162876666293267,0.18371233337067325,0.5,0.5,410.0,1821.75,f,0,0,False,Other
girl with a pearl earring,2003,4362.0,3916.0,7.0,5.0,0.5269388741241846,0.4730611258758154,0.5833333333333334,0.4166666666666667,783.2,623.1428571428571,m,3,0,True,Other
gladiator,2000,2778.0,15594.0,1.0,11.0,0.15120836054866102,0.848791639451339,0.08333333333333333,0.9166666666666666,1417.6363636363637,2778.0,f,10,4,True,Other
gleaming the cube,1989,1190.0,6508.0,2.0,7.0,0.1545856066510782,0.8454143933489218,0.2222222222222222,0.7777777777777778,929.7142857142857,595.0,m,0,0,False,Other
glory,1989,643.0,7714.0,2.0,13.0,0.07694148617925092,0.9230585138207491,0.13333333333333333,0.8666666666666667,593.3846153846154,321.5,m,4,2,True,Other
glory road,2006,341.0,11071.0,1.0,17.0,0.029880827199439186,0.9701191728005608,0.05555555555555555,0.9444444444444444,651.2352941176471,341.0,m,0,0,False,Other
go,1999,4160.0,9704.0,4.0,12.0,0.3000577034045009,0.6999422965954991,0.25,0.75,808.6666666666666,1040.0,f,0,0,False,Other
gods and monsters,1998,3648.0,19588.0,4.0,7.0,0.1569977620933035,0.8430022379066965,0.36363636363636365,0.6363636363636364,2798.285714285714,912.0,m,1,1,True,Other
goldeneye,1995,899.0,2103.0,2.0,3.0,0.2994670219853431,0.7005329780146569,0.4,0.6,701.0,449.5,m,0,0,False,Other
gone in sixty seconds,2000,1362.0,8820.0,2.0,10.0,0.13376546847377727,0.8662345315262228,0.16666666666666666,0.8333333333333334,882.0,681.0,m,0,0,False,Other
good luck chuck,2007,449.0,6023.0,2.0,3.0,0.06937577255871447,0.9306242274412856,0.4,0.6,2007.6666666666667,224.5,m,0,0,False,Other
good night and good luck,2005,1438.0,7213.0,3.0,9.0,0.16622355797017685,0.8337764420298232,0.25,0.75,801.4444444444445,479.3333333333333,m,5,0,True,Other
good will hunting,1997,3352.0,19054.0,1.0,7.0,0.14960278496831206,0.850397215031688,0.125,0.875,2722.0,3352.0,f,6,1,True,Other
goodfellas,1990,2996.0,11056.0,5.0,7.0,0.21320808425846854,0.7867919157415314,0.4166666666666667,0.5833333333333334,1579.4285714285713,599.2,m,0,0,False,Other
gosford park,2001,5387.0,5321.0,9.0,15.0,0.5030818079940231,0.49691819200597687,0.375,0.625,354.73333333333335,598.5555555555555,f,5,1,True,Other
gothika,2003,8680.0,5568.0,6.0,7.0,0.6092083099382369,0.39079169006176306,0.46153846153846156,0.5384615384615384,795.4285714285714,1446.6666666666667,f,0,0,False,Other
gran torino,2008,4000.0,29092.0,4.0,14.0,0.12087513598452798,0.879124864015472,0.2222222222222222,0.7777777777777778,2078.0,1000.0,m,0,0,False,Other
grand hotel,1932,7978.0,22792.0,3.0,14.0,0.2592785180370491,0.740721481962951,0.17647058823529413,0.8235294117647058,1628.0,2659.3333333333335,f,0,0,False,Other
grand theft parsons,2003,3598.0,13876.0,4.0,13.0,0.20590591736293923,0.7940940826370608,0.23529411764705882,0.7647058823529411,1067.3846153846155,899.5,m,0,0,False,Other
grandma,2015,6909.0,818.0,6.0,2.0,0.8941374401449463,0.1058625598550537,0.75,0.25,409.0,1151.5,f,0,0,False,Other
gravity,2013,2580.0,3089.0,1.0,2.0,0.4551067207620392,0.5448932792379608,0.3333333333333333,0.6666666666666666,1544.5,2580.0,f,9,7,True,Other
green lantern,2011,1582.0,7545.0,2.0,10.0,0.17333187246630877,0.8266681275336912,0.16666666666666666,0.8333333333333334,754.5,791.0,f,0,0,False,Other
green zone,2010,750.0,6862.0,1.0,13.0,0.09852863899106673,0.9014713610089332,0.07142857142857142,0.9285714285714286,527.8461538461538,750.0,f,0,0,False,Other
greenberg,2010,3554.0,7323.0,6.0,2.0,0.32674450675737793,0.673255493242622,0.75,0.25,3661.5,592.3333333333334,m,0,0,False,Other
gremlins,1984,1099.0,5460.0,4.0,11.0,0.16755602988260407,0.8324439701173959,0.26666666666666666,0.7333333333333333,496.3636363636364,274.75,m,0,0,False,Other
gremlins 2 the new batch,1990,2246.0,5219.0,4.0,9.0,0.30087073007367715,0.6991292699263228,0.3076923076923077,0.6923076923076923,579.8888888888889,561.5,m,0,0,False,Other
grindhouse,2007,1654.0,4682.0,2.0,9.0,0.2610479797979798,0.7389520202020202,0.18181818181818182,0.8181818181818182,520.2222222222222,827.0,f,0,0,False,Other
grosse pointe blank,1997,1684.0,5227.0,5.0,10.0,0.24366951237158155,0.7563304876284185,0.3333333333333333,0.6666666666666666,522.7,336.8,m,0,0,False,Other
groundhog day,1993,2727.0,6221.0,3.0,5.0,0.3047608404112651,0.695239159588735,0.375,0.625,1244.2,909.0,m,0,0,False,Other
hackers,1995,2180.0,10390.0,2.0,12.0,0.17342879872712808,0.8265712012728719,0.14285714285714285,0.8571428571428571,865.8333333333334,1090.0,f,0,0,False,Other
hall pass,2011,6302.0,15848.0,9.0,9.0,0.28451467268623026,0.7154853273137698,0.5,0.5,1760.888888888889,700.2222222222222,m,0,0,False,Other
halloween,1978,2308.0,1052.0,3.0,3.0,0.6869047619047619,0.3130952380952381,0.5,0.5,350.6666666666667,769.3333333333334,f,0,0,False,Other
halloween,2007,2875.0,1827.0,4.0,5.0,0.6114419396001701,0.3885580603998299,0.4444444444444444,0.5555555555555556,365.4,718.75,f,0,0,False,Other
halloween 4 the return of michael myers,1988,1641.0,1966.0,5.0,6.0,0.45494871084003324,0.5450512891599667,0.45454545454545453,0.5454545454545454,327.6666666666667,328.2,f,0,0,False,Other
halloween 5,1989,2259.0,1727.0,5.0,5.0,0.5667335674862017,0.4332664325137983,0.5,0.5,345.4,451.8,f,0,0,False,Other
halloween h20 20 years later,1998,2710.0,2308.0,6.0,8.0,0.5400557991231566,0.45994420087684335,0.42857142857142855,0.5714285714285714,288.5,451.6666666666667,f,0,0,False,Other
halloween ii,1981,2095.0,1777.0,7.0,6.0,0.5410640495867769,0.45893595041322316,0.5384615384615384,0.46153846153846156,296.1666666666667,299.2857142857143,f,0,0,False,Other
halloween resurrection,2002,1774.0,2302.0,4.0,6.0,0.4352306182531894,0.5647693817468106,0.4,0.6,383.6666666666667,443.5,f,0,0,False,Other
halloween the curse of michael myers,1995,1552.0,3493.0,5.0,7.0,0.3076313181367691,0.692368681863231,0.4166666666666667,0.5833333333333334,499.0,310.4,m,0,0,False,Other
hanna,2011,5722.0,4759.0,4.0,9.0,0.5459402728747257,0.4540597271252743,0.3076923076923077,0.6923076923076923,528.7777777777778,1430.5,f,0,0,False,Other
hannah and her sisters,1986,13660.0,18834.0,5.0,13.0,0.42038530190188955,0.5796146980981104,0.2777777777777778,0.7222222222222222,1448.7692307692307,2732.0,f,5,1,True,Other
hannibal,2001,2265.0,5343.0,1.0,10.0,0.2977129337539432,0.7022870662460567,0.09090909090909091,0.9090909090909091,534.3,2265.0,f,0,0,False,Other
hannibal rising,2007,737.0,4024.0,1.0,6.0,0.15479941188825877,0.8452005881117413,0.14285714285714285,0.8571428571428571,670.6666666666666,737.0,f,0,0,False,Other
hanover street,1979,2936.0,6241.0,2.0,6.0,0.31993026043369294,0.6800697395663071,0.25,0.75,1040.1666666666667,1468.0,f,0,0,False,Other
happy birthday wanda june,1971,3219.0,10740.0,3.0,5.0,0.23060391145497527,0.7693960885450247,0.375,0.625,2148.0,1073.0,m,0,0,False,Other
happy campers,2001,5265.0,7799.0,4.0,6.0,0.40301592161665645,0.5969840783833436,0.4,0.6,1299.8333333333333,1316.25,f,0,0,False,Other
happy feet,2006,222.0,2677.0,1.0,1.0,0.07657813038978958,0.9234218696102104,0.5,0.5,2677.0,222.0,m,1,1,True,Other
hard rain,1998,1009.0,6879.0,2.0,9.0,0.1279158215010142,0.8720841784989858,0.18181818181818182,0.8181818181818182,764.3333333333334,504.5,m,0,0,False,Other
hard times,1975,427.0,5164.0,1.0,6.0,0.07637274190663566,0.9236272580933643,0.14285714285714285,0.8571428571428571,860.6666666666666,427.0,m,0,0,False,Other
hard to kill,1990,1302.0,3256.0,2.0,6.0,0.2856516015796402,0.7143483984203598,0.25,0.75,542.6666666666666,651.0,f,0,0,False,Other
hardcore,1979,2132.0,6177.0,5.0,9.0,0.2565892405825009,0.7434107594174991,0.35714285714285715,0.6428571428571429,686.3333333333334,426.4,m,0,0,False,Other
hardware,1990,661.0,2983.0,1.0,6.0,0.1813940724478595,0.8186059275521405,0.14285714285714285,0.8571428571428571,497.1666666666667,661.0,f,0,0,False,Other
harold  kumar go to white castle,2004,868.0,10055.0,4.0,15.0,0.07946534834752357,0.9205346516524764,0.21052631578947367,0.7894736842105263,670.3333333333334,217.0,m,0,0,False,Other
harold and maude,1971,7877.0,4938.0,6.0,5.0,0.61467030823254,0.38532969176746,0.5454545454545454,0.45454545454545453,987.6,1312.8333333333333,f,0,0,False,Other
harper,1966,910.0,1346.0,5.0,4.0,0.4033687943262411,0.5966312056737588,0.5555555555555556,0.4444444444444444,336.5,182.0,m,0,0,False,Other
harry potter and the chamber of secrets,2002,2440.0,14445.0,5.0,16.0,0.1445069588392064,0.8554930411607936,0.23809523809523808,0.7619047619047619,902.8125,488.0,m,0,0,False,Other
harry potter and the goblet of fire,2005,3472.0,16212.0,5.0,19.0,0.1763869132290185,0.8236130867709816,0.20833333333333334,0.7916666666666666,853.2631578947369,694.4,m,1,0,True,Other
harry potter and the halfblood prince,2009,2249.0,10693.0,5.0,10.0,0.17377530520785042,0.8262246947921495,0.3333333333333333,0.6666666666666666,1069.3,449.8,m,1,0,True,Other
harry potter and the prisoner of azkaban,2004,3213.0,12268.0,5.0,16.0,0.20754473225243847,0.7924552677475615,0.23809523809523808,0.7619047619047619,766.75,642.6,m,2,0,True,Other
harry potter and the sorcerers stone,2001,1582.0,6466.0,3.0,12.0,0.19657057654075547,0.8034294234592445,0.2,0.8,538.8333333333334,527.3333333333334,m,3,0,True,Other
hatchet,2006,1140.0,2471.0,3.0,5.0,0.31570202160066463,0.6842979783993354,0.375,0.625,494.2,380.0,m,0,0,False,Other
hatchet ii,2010,743.0,3977.0,2.0,8.0,0.15741525423728814,0.8425847457627119,0.2,0.8,497.125,371.5,m,0,0,False,Other
hatchet iii,2013,2487.0,2403.0,3.0,6.0,0.5085889570552147,0.49141104294478527,0.3333333333333333,0.6666666666666666,400.5,829.0,f,0,0,False,Other
hate crime,2012,217.0,4900.0,1.0,5.0,0.04240766073871409,0.957592339261286,0.16666666666666666,0.8333333333333334,980.0,217.0,m,0,0,False,Other
hearts in atlantis,2001,1608.0,4116.0,2.0,2.0,0.2809224318658281,0.7190775681341719,0.5,0.5,2058.0,804.0,m,0,0,False,Other
heat,1995,1098.0,4020.0,4.0,14.0,0.21453692848769051,0.7854630715123095,0.2222222222222222,0.7777777777777778,287.14285714285717,274.5,m,0,0,False,Other
heathers,1988,6649.0,4299.0,6.0,12.0,0.6073255389112167,0.39267446108878334,0.3333333333333333,0.6666666666666666,358.25,1108.1666666666667,f,0,0,False,Other
heaven is for real,2014,1859.0,6564.0,3.0,5.0,0.22070521191974357,0.7792947880802564,0.375,0.625,1312.8,619.6666666666666,m,0,0,False,Other
heavenly creatures,1994,11060.0,970.0,7.0,2.0,0.9193682460515378,0.08063175394846218,0.7777777777777778,0.2222222222222222,485.0,1580.0,f,1,0,True,Other
heist,2001,927.0,5664.0,1.0,6.0,0.1406463359126081,0.8593536640873919,0.14285714285714285,0.8571428571428571,944.0,927.0,m,0,0,False,Other
hellboy,2004,806.0,5472.0,2.0,10.0,0.12838483593501115,0.8716151640649888,0.16666666666666666,0.8333333333333334,547.2,403.0,m,0,0,False,Other
hellboy ii the golden army,2008,1999.0,8230.0,2.0,7.0,0.19542477270505426,0.8045752272949458,0.2222222222222222,0.7777777777777778,1175.7142857142858,999.5,m,1,0,True,Other
hellraiser,1987,3084.0,4280.0,3.0,4.0,0.418794133623031,0.581205866376969,0.42857142857142855,0.5714285714285714,1070.0,1028.0,m,0,0,False,Other
hellraiser deader,2005,2225.0,3303.0,2.0,4.0,0.4024963820549928,0.5975036179450073,0.3333333333333333,0.6666666666666666,825.75,1112.5,f,0,0,False,Other
hellraiser hellseeker,2002,2402.0,4995.0,5.0,5.0,0.32472624036771663,0.6752737596322833,0.5,0.5,999.0,480.4,m,0,0,False,Other
hellraiser iii hell on earth,1992,3040.0,2175.0,5.0,5.0,0.5829338446788112,0.4170661553211889,0.5,0.5,435.0,608.0,f,0,0,False,Other
henry fool,1997,1619.0,6800.0,6.0,7.0,0.19230312388644732,0.8076968761135527,0.46153846153846156,0.5384615384615384,971.4285714285714,269.8333333333333,m,0,0,False,Other
henry poole is here,2008,2758.0,2886.0,5.0,3.0,0.48866052445074415,0.5113394755492559,0.625,0.375,962.0,551.6,m,0,0,False,Other
henrys crime,2010,2965.0,10692.0,2.0,11.0,0.2171047814307681,0.7828952185692319,0.15384615384615385,0.8461538461538461,972.0,1482.5,f,0,0,False,Other
her,2013,5216.0,5009.0,5.0,5.0,0.5101222493887531,0.48987775061124694,0.5,0.5,1001.8,1043.2,f,5,1,True,Other
hercules,1997,1294.0,7445.0,2.0,9.0,0.14807186176908113,0.8519281382309188,0.18181818181818182,0.8181818181818182,827.2222222222222,647.0,m,1,0,True,Other
hereafter,2010,2583.0,4478.0,7.0,13.0,0.36581220790256336,0.6341877920974366,0.35,0.65,344.46153846153845,369.0,f,1,0,True,Other
hero,1992,3804.0,8604.0,4.0,13.0,0.3065764023210832,0.6934235976789168,0.23529411764705882,0.7647058823529411,661.8461538461538,951.0,f,0,0,False,Other
hes just not that into you,2009,15708.0,11042.0,12.0,15.0,0.587214953271028,0.412785046728972,0.4444444444444444,0.5555555555555556,736.1333333333333,1309.0,f,0,0,False,Other
hesher,2010,3462.0,6109.0,4.0,6.0,0.3617176888517396,0.6382823111482604,0.4,0.6,1018.1666666666666,865.5,m,0,0,False,Other
high fidelity,2000,10270.0,31114.0,8.0,7.0,0.2481635414653006,0.7518364585346994,0.5333333333333333,0.4666666666666667,4444.857142857143,1283.75,m,0,0,False,Other
highlander,1986,1720.0,4386.0,3.0,9.0,0.28169014084507044,0.7183098591549296,0.25,0.75,487.3333333333333,573.3333333333334,f,0,0,False,Other
highlander endgame,2000,1029.0,7796.0,2.0,11.0,0.11660056657223795,0.8833994334277621,0.15384615384615385,0.8461538461538461,708.7272727272727,514.5,m,0,0,False,Other
his girl friday,1940,5979.0,11610.0,3.0,12.0,0.33992836431860823,0.6600716356813918,0.2,0.8,967.5,1993.0,f,0,0,False,Other
hitch,2005,3631.0,6483.0,4.0,5.0,0.35900731659086416,0.6409926834091358,0.4444444444444444,0.5555555555555556,1296.6,907.75,m,0,0,False,Other
hitchcock,2012,2378.0,5300.0,3.0,7.0,0.3097160718937223,0.6902839281062777,0.3,0.7,757.1428571428571,792.6666666666666,f,1,0,True,Other
holes,2003,829.0,6583.0,1.0,8.0,0.11184565569347005,0.88815434430653,0.1111111111111111,0.8888888888888888,822.875,829.0,f,0,0,False,Other
hollow man,2000,6032.0,10502.0,3.0,5.0,0.36482399903229706,0.6351760009677029,0.375,0.625,2100.4,2010.6666666666667,m,1,0,True,Other
home alone,1990,757.0,1795.0,2.0,4.0,0.2966300940438871,0.7033699059561128,0.3333333333333333,0.6666666666666666,448.75,378.5,m,2,0,True,Other
honeydripper,2007,2733.0,10461.0,5.0,14.0,0.20713960891314234,0.7928603910868577,0.2631578947368421,0.7368421052631579,747.2142857142857,546.6,m,0,0,False,Other
hook,1991,2335.0,5172.0,5.0,6.0,0.311043026508592,0.688956973491408,0.45454545454545453,0.5454545454545454,862.0,467.0,m,5,0,True,Other
hope and glory,1987,3234.0,4463.0,5.0,7.0,0.4201637001429128,0.5798362998570872,0.4166666666666667,0.5833333333333334,637.5714285714286,646.8,f,5,0,True,Other
horns,2013,1997.0,8335.0,6.0,10.0,0.19328300425861403,0.806716995741386,0.375,0.625,833.5,332.8333333333333,m,0,0,False,Other
horrible bosses,2011,1125.0,11150.0,3.0,7.0,0.09164969450101833,0.9083503054989817,0.3,0.7,1592.857142857143,375.0,m,0,0,False,Other
horrible bosses 2,2014,377.0,9988.0,2.0,9.0,0.03637240713941148,0.9636275928605885,0.18181818181818182,0.8181818181818182,1109.7777777777778,188.5,m,0,0,False,Other
hostage,2005,669.0,6075.0,3.0,9.0,0.09919928825622776,0.9008007117437722,0.25,0.75,675.0,223.0,m,0,0,False,Other
hot fuzz,2007,627.0,8845.0,3.0,11.0,0.06619510135135136,0.9338048986486487,0.21428571428571427,0.7857142857142857,804.0909090909091,209.0,m,0,0,False,Other
hot rod,2007,1793.0,10634.0,3.0,6.0,0.1442826104449988,0.8557173895550012,0.3333333333333333,0.6666666666666666,1772.3333333333333,597.6666666666666,m,0,0,False,Other
hot stuff,1979,1048.0,7059.0,2.0,10.0,0.12927100037005057,0.8707289996299494,0.16666666666666666,0.8333333333333334,705.9,524.0,m,0,0,False,Other
hot tub time machine,2010,1169.0,12196.0,2.0,8.0,0.08746726524504302,0.912532734754957,0.2,0.8,1524.5,584.5,m,0,0,False,Other
hotel rwanda,2004,1008.0,6113.0,3.0,13.0,0.14155315264710014,0.8584468473528999,0.1875,0.8125,470.2307692307692,336.0,m,1,0,True,Other
house of 1000 corpses,2003,3062.0,5325.0,4.0,8.0,0.3650888279480148,0.6349111720519852,0.3333333333333333,0.6666666666666666,665.625,765.5,f,0,0,False,Other
house of games,1987,1458.0,1690.0,1.0,2.0,0.46315120711562896,0.536848792884371,0.3333333333333333,0.6666666666666666,845.0,1458.0,f,0,0,False,Other
house of the damned,1996,1828.0,2776.0,3.0,4.0,0.3970460469157255,0.6029539530842746,0.42857142857142855,0.5714285714285714,694.0,609.3333333333334,m,0,0,False,Other
house of wax,2005,1153.0,1514.0,3.0,4.0,0.432320959880015,0.567679040119985,0.42857142857142855,0.5714285714285714,378.5,384.3333333333333,f,0,0,False,Other
house on haunted hill,1999,1816.0,4963.0,2.0,4.0,0.2678861188965924,0.7321138811034076,0.3333333333333333,0.6666666666666666,1240.75,908.0,m,0,0,False,Other
how do you know,2010,5179.0,7217.0,4.0,5.0,0.41779606324620844,0.5822039367537916,0.4444444444444444,0.5555555555555556,1443.4,1294.75,m,0,0,False,Other
how to lose friends  alienate people,2008,5181.0,11350.0,7.0,5.0,0.31341116689855425,0.6865888331014458,0.5833333333333334,0.4166666666666667,2270.0,740.1428571428571,m,0,0,False,Other
how to train your dragon,2010,1947.0,14848.0,2.0,6.0,0.11592735933313486,0.8840726406668651,0.25,0.75,2474.6666666666665,973.5,m,2,0,True,Other
how to train your dragon 2,2014,1887.0,6638.0,3.0,8.0,0.22134897360703812,0.7786510263929619,0.2727272727272727,0.7272727272727273,829.75,629.0,m,1,0,True,Other
hudson hawk,1991,1903.0,8880.0,3.0,11.0,0.17648149865529072,0.8235185013447093,0.21428571428571427,0.7857142857142857,807.2727272727273,634.3333333333334,m,0,0,False,Other
hulk,2003,545.0,8096.0,3.0,9.0,0.06307140377271149,0.9369285962272885,0.25,0.75,899.5555555555555,181.66666666666666,m,0,0,False,Other
human nature,2001,8896.0,10308.0,3.0,2.0,0.4632368256613206,0.5367631743386795,0.6,0.4,5154.0,2965.3333333333335,m,0,0,False,Other
hunchback of notre dame,1996,1301.0,4521.0,2.0,7.0,0.22346272758502234,0.7765372724149777,0.2222222222222222,0.7777777777777778,645.8571428571429,650.5,f,0,0,False,Other
hyde park on hudson,2012,3558.0,3329.0,5.0,4.0,0.5166255263540003,0.4833744736459997,0.5555555555555556,0.4444444444444444,832.25,711.6,m,0,0,False,Other
i am legend,2007,1383.0,5654.0,3.0,5.0,0.19653261332954383,0.8034673866704561,0.375,0.625,1130.8,461.0,m,0,0,False,Other
i am number four,2011,2926.0,10237.0,3.0,6.0,0.22228975157638836,0.7777102484236117,0.3333333333333333,0.6666666666666666,1706.1666666666667,975.3333333333334,m,0,0,False,Other
i know what you did last summer,1997,4583.0,1074.0,5.0,4.0,0.8101467208767898,0.18985327912321018,0.5555555555555556,0.4444444444444444,268.5,916.6,f,0,0,False,Other
i love you phillip morris,2009,881.0,8417.0,3.0,5.0,0.09475155947515594,0.9052484405248441,0.375,0.625,1683.4,293.6666666666667,m,0,0,False,Other
i melt with you,2011,765.0,6579.0,3.0,7.0,0.10416666666666667,0.8958333333333334,0.3,0.7,939.8571428571429,255.0,m,0,0,False,Other
i robot,2004,2086.0,6207.0,1.0,10.0,0.25153744121548294,0.7484625587845171,0.09090909090909091,0.9090909090909091,620.7,2086.0,f,1,0,True,Other
i smile back,2015,3988.0,4059.0,5.0,7.0,0.49558841804399156,0.5044115819560084,0.4166666666666667,0.5833333333333334,579.8571428571429,797.6,f,0,0,False,Other
i spit on your grave,2010,4494.0,10805.0,3.0,6.0,0.2937446891953722,0.7062553108046278,0.3333333333333333,0.6666666666666666,1800.8333333333333,1498.0,m,0,0,False,Other
i still know what you did last summer,1998,2894.0,6568.0,2.0,8.0,0.305854998943141,0.6941450010568591,0.2,0.8,821.0,1447.0,f,0,0,False,Other
i think i love my wife,2007,4041.0,5773.0,3.0,4.0,0.41175871204401876,0.5882412879559813,0.42857142857142855,0.5714285714285714,1443.25,1347.0,m,0,0,False,Other
i walked with a zombie,1943,4273.0,4304.0,3.0,4.0,0.4981928413198088,0.5018071586801912,0.42857142857142855,0.5714285714285714,1076.0,1424.3333333333333,f,0,0,False,Other
identity,2003,1230.0,3140.0,3.0,6.0,0.2814645308924485,0.7185354691075515,0.3333333333333333,0.6666666666666666,523.3333333333334,410.0,m,0,0,False,Other
identity thief,2013,2833.0,5598.0,2.0,8.0,0.33602182422014,0.6639781757798601,0.2,0.8,699.75,1416.5,f,0,0,False,Other
idiocracy,2006,1668.0,6829.0,4.0,8.0,0.19630457808638344,0.8036954219136165,0.3333333333333333,0.6666666666666666,853.625,417.0,m,0,0,False,Other
ill do anything,1994,11408.0,15334.0,8.0,7.0,0.42659486949368036,0.5734051305063197,0.5333333333333333,0.4666666666666667,2190.5714285714284,1426.0,m,0,0,False,Other
ill see you in my dreams,2015,7170.0,2446.0,6.0,4.0,0.7456322795341098,0.2543677204658902,0.6,0.4,611.5,1195.0,f,0,0,False,Other
in bruges,2008,820.0,9542.0,2.0,6.0,0.07913530206523837,0.9208646979347617,0.25,0.75,1590.3333333333333,410.0,m,1,0,True,Other
in good company,2004,1765.0,7656.0,5.0,8.0,0.1873474153486891,0.8126525846513108,0.38461538461538464,0.6153846153846154,957.0,353.0,m,0,0,False,Other
in her shoes,2005,8498.0,1622.0,6.0,4.0,0.8397233201581028,0.16027667984189722,0.6,0.4,405.5,1416.3333333333333,f,0,0,False,Other
in the bedroom,2001,4682.0,7856.0,4.0,7.0,0.3734247886425267,0.6265752113574733,0.36363636363636365,0.6363636363636364,1122.2857142857142,1170.5,f,2,0,True,Other
in the line of fire,1993,2228.0,6081.0,3.0,7.0,0.2681429774942833,0.7318570225057167,0.3,0.7,868.7142857142857,742.6666666666666,m,2,0,True,Other
in the loop,2009,7050.0,22050.0,5.0,12.0,0.2422680412371134,0.7577319587628866,0.29411764705882354,0.7058823529411765,1837.5,1410.0,m,1,0,True,Other
in the mouth of madness,1994,1374.0,3734.0,1.0,6.0,0.2689898198903681,0.7310101801096319,0.14285714285714285,0.8571428571428571,622.3333333333334,1374.0,f,0,0,False,Other
in time,2011,1216.0,4560.0,2.0,6.0,0.21052631578947367,0.7894736842105263,0.25,0.75,760.0,608.0,m,0,0,False,Other
inception,2010,2678.0,12406.0,2.0,8.0,0.17753911429329092,0.822460885706709,0.2,0.8,1550.75,1339.0,m,8,4,True,Other
independence day,1996,849.0,5202.0,2.0,13.0,0.14030738720872582,0.8596926127912742,0.13333333333333333,0.8666666666666667,400.15384615384613,424.5,f,2,1,True,Other
indiana jones and the kingdom of the crystal skull,2008,1977.0,8723.0,2.0,7.0,0.1847663551401869,0.8152336448598131,0.2222222222222222,0.7777777777777778,1246.142857142857,988.5,m,0,0,False,Other
indiana jones and the last crusade,1989,1452.0,13532.0,1.0,9.0,0.09690336358782702,0.903096636412173,0.1,0.9,1503.5555555555557,1452.0,m,3,1,True,Other
indiana jones and the temple of doom,1984,1564.0,3678.0,1.0,6.0,0.2983594048073254,0.7016405951926745,0.14285714285714285,0.8571428571428571,613.0,1564.0,f,2,1,True,Other
infinitely polar bear,2014,4583.0,4361.0,6.0,1.0,0.5124105545617174,0.48758944543828264,0.8571428571428571,0.14285714285714285,4361.0,763.8333333333334,m,0,0,False,Other
inglourious basterds,2009,3240.0,12648.0,4.0,16.0,0.2039274924471299,0.7960725075528701,0.2,0.8,790.5,810.0,f,7,0,True,Other
inherent vice,2014,4888.0,10564.0,7.0,11.0,0.31633445508672015,0.6836655449132798,0.3888888888888889,0.6111111111111112,960.3636363636364,698.2857142857143,m,2,0,True,Other
innerspace,1987,1192.0,6398.0,2.0,9.0,0.15704874835309618,0.8429512516469039,0.18181818181818182,0.8181818181818182,710.8888888888889,596.0,m,1,1,True,Other
inside man,2006,1916.0,10690.0,3.0,13.0,0.15199111534190068,0.8480088846580993,0.1875,0.8125,822.3076923076923,638.6666666666666,m,0,0,False,Other
inside out,2015,4836.0,2696.0,4.0,4.0,0.6420605416887945,0.35793945831120555,0.5,0.5,674.0,1209.0,f,2,1,True,Other
insidious,2010,4351.0,3879.0,4.0,5.0,0.5286755771567436,0.4713244228432564,0.4444444444444444,0.5555555555555556,775.8,1087.75,f,0,0,False,Other
insidious chapter 2,2013,2624.0,3585.0,3.0,7.0,0.4226123369302625,0.5773876630697374,0.3,0.7,512.1428571428571,874.6666666666666,f,0,0,False,Other
insomnia,2002,3606.0,10978.0,5.0,9.0,0.24725726823916622,0.7527427317608338,0.35714285714285715,0.6428571428571429,1219.7777777777778,721.2,m,0,0,False,Other
interstellar,2014,2276.0,7187.0,3.0,10.0,0.24051569269787593,0.759484307302124,0.23076923076923078,0.7692307692307693,718.7,758.6666666666666,f,5,1,True,Other
interview with the vampire the vampire chronicles,1994,3610.0,19474.0,5.0,5.0,0.15638537515162018,0.8436146248483798,0.5,0.5,3894.8,722.0,m,0,0,False,Other
into the night,1985,1362.0,2535.0,3.0,7.0,0.3494996150885296,0.6505003849114703,0.3,0.7,362.14285714285717,454.0,f,0,0,False,Other
into the wild,2007,6718.0,12204.0,8.0,8.0,0.3550364654899059,0.644963534510094,0.5,0.5,1525.5,839.75,m,1,0,True,Other
into the woods,2014,3652.0,3535.0,8.0,5.0,0.5081396966745513,0.4918603033254487,0.6153846153846154,0.38461538461538464,707.0,456.5,m,2,0,True,Other
intolerable cruelty,2003,3668.0,5092.0,6.0,7.0,0.4187214611872146,0.5812785388127854,0.46153846153846156,0.5384615384615384,727.4285714285714,611.3333333333334,m,0,0,False,Other
inventing the abbotts,1997,8748.0,12134.0,5.0,5.0,0.41892539028828657,0.5810746097117134,0.5,0.5,2426.8,1749.6,m,0,0,False,Other
isle of the dead,1945,2615.0,5141.0,3.0,5.0,0.33715832903558535,0.6628416709644146,0.375,0.625,1028.2,871.6666666666666,m,0,0,False,Other
it follows,2014,2465.0,1239.0,3.0,3.0,0.6654967602591793,0.33450323974082075,0.5,0.5,413.0,821.6666666666666,f,0,0,False,Other
its a wonderful life,1946,1268.0,12410.0,3.0,14.0,0.09270361163912853,0.9072963883608715,0.17647058823529413,0.8235294117647058,886.4285714285714,422.6666666666667,m,4,0,True,Other
its complicated,2009,5765.0,5203.0,6.0,6.0,0.525619985412108,0.47438001458789203,0.5,0.5,867.1666666666666,960.8333333333334,f,0,0,False,Other
its kind of a funny story,2010,1613.0,7321.0,4.0,9.0,0.1805462278934408,0.8194537721065592,0.3076923076923077,0.6923076923076923,813.4444444444445,403.25,m,0,0,False,Other
jack goes boating,2010,2881.0,5167.0,2.0,3.0,0.35797713717693835,0.6420228628230616,0.4,0.6,1722.3333333333333,1440.5,m,0,0,False,Other
jack reacher,2012,2908.0,3057.0,3.0,8.0,0.4875104777870914,0.5124895222129087,0.2727272727272727,0.7272727272727273,382.125,969.3333333333334,f,0,0,False,Other
jacobs ladder,1990,2229.0,6508.0,3.0,8.0,0.25512189538743274,0.7448781046125672,0.2727272727272727,0.7272727272727273,813.5,743.0,m,0,0,False,Other
jane eyre,2011,8849.0,7696.0,9.0,5.0,0.5348443638561499,0.4651556361438501,0.6428571428571429,0.35714285714285715,1539.2,983.2222222222222,m,1,0,True,Other
jason goes to hell the final friday,1993,397.0,2225.0,2.0,6.0,0.15141113653699467,0.8485888634630053,0.25,0.75,370.8333333333333,198.5,m,0,0,False,Other
jason lives friday the 13th part vi,1986,2105.0,3191.0,6.0,9.0,0.39746978851963743,0.6025302114803626,0.4,0.6,354.55555555555554,350.8333333333333,m,0,0,False,Other
jason x,2001,3235.0,5130.0,6.0,11.0,0.38673042438732813,0.6132695756126718,0.35294117647058826,0.6470588235294118,466.3636363636364,539.1666666666666,f,0,0,False,Other
jaws,1975,835.0,8457.0,3.0,8.0,0.08986224709427465,0.9101377529057254,0.2727272727272727,0.7272727272727273,1057.125,278.3333333333333,m,4,3,True,Other
jaws 2,1978,1641.0,6363.0,6.0,13.0,0.20502248875562218,0.7949775112443778,0.3157894736842105,0.6842105263157895,489.46153846153845,273.5,m,0,0,False,Other
jaws 3d,1983,1953.0,3733.0,2.0,4.0,0.34347520225114314,0.6565247977488569,0.3333333333333333,0.6666666666666666,933.25,976.5,f,0,0,False,Other
jaws the revenge,1987,3079.0,5630.0,5.0,6.0,0.3535423125502354,0.6464576874497646,0.45454545454545453,0.5454545454545454,938.3333333333334,615.8,m,0,0,False,Other
jay and silent bob strike back,2001,4838.0,19270.0,6.0,21.0,0.20068027210884354,0.7993197278911565,0.2222222222222222,0.7777777777777778,917.6190476190476,806.3333333333334,m,0,0,False,Other
jeepers creepers ii,2003,1157.0,4827.0,4.0,11.0,0.19334893048128343,0.8066510695187166,0.26666666666666666,0.7333333333333333,438.8181818181818,289.25,m,0,0,False,Other
jeff who lives at home,2011,1392.0,4315.0,3.0,4.0,0.24391098650779744,0.7560890134922026,0.42857142857142855,0.5714285714285714,1078.75,464.0,m,0,0,False,Other
jennifer 8,1992,2716.0,18816.0,3.0,10.0,0.12613784135240572,0.8738621586475943,0.23076923076923078,0.7692307692307693,1881.6,905.3333333333334,m,0,0,False,Other
jennifers body,2009,7381.0,2447.0,4.0,5.0,0.751017501017501,0.248982498982499,0.4444444444444444,0.5555555555555556,489.4,1845.25,f,0,0,False,Other
jeremiah johnson,1972,0.0,4707.0,0.0,7.0,0.0,1.0,0.0,1.0,672.4285714285714,0.0,m,0,0,False,Other
jerry maguire,1996,7690.0,12742.0,6.0,8.0,0.3763703993735317,0.6236296006264683,0.42857142857142855,0.5714285714285714,1592.75,1281.6666666666667,m,3,0,True,Other
jfk,1991,7544.0,50752.0,8.0,27.0,0.12940853574859337,0.8705914642514067,0.22857142857142856,0.7714285714285715,1879.7037037037037,943.0,m,7,2,True,Other
jimmy and judy,2006,2618.0,5188.0,3.0,6.0,0.3353830386881886,0.6646169613118115,0.3333333333333333,0.6666666666666666,864.6666666666666,872.6666666666666,f,0,0,False,Other
john q,2002,2604.0,5367.0,5.0,13.0,0.32668423033496424,0.6733157696650357,0.2777777777777778,0.7222222222222222,412.84615384615387,520.8,f,0,0,False,Other
jonah a veggietales movie,2002,119.0,1067.0,1.0,2.0,0.10033726812816189,0.8996627318718381,0.3333333333333333,0.6666666666666666,533.5,119.0,m,0,0,False,Other
jonah hex,2010,283.0,5503.0,1.0,8.0,0.04891116488074663,0.9510888351192534,0.1111111111111111,0.8888888888888888,687.875,283.0,m,0,0,False,Other
joy ride,2001,909.0,4239.0,1.0,4.0,0.17657342657342656,0.8234265734265734,0.2,0.8,1059.75,909.0,m,0,0,False,Other
judge dredd,1995,3262.0,8136.0,5.0,11.0,0.2861905597473241,0.7138094402526759,0.3125,0.6875,739.6363636363636,652.4,m,0,0,False,Other
julius caesar,1953,648.0,12574.0,2.0,13.0,0.0490092270458327,0.9509907729541673,0.13333333333333333,0.8666666666666667,967.2307692307693,324.0,m,4,1,True,Other
jumper,2008,1356.0,7489.0,1.0,5.0,0.15330695308083664,0.8466930469191634,0.16666666666666666,0.8333333333333334,1497.8,1356.0,m,0,0,False,Other
jumpin jack flash,1986,5505.0,1246.0,4.0,5.0,0.815434750407347,0.18456524959265294,0.4444444444444444,0.5555555555555556,249.2,1376.25,f,0,0,False,Other
juno,2007,17534.0,5138.0,9.0,4.0,0.7733768525052929,0.22662314749470713,0.6923076923076923,0.3076923076923077,1284.5,1948.2222222222222,f,3,1,True,Other
jurassic park,1993,1941.0,9972.0,2.0,12.0,0.16293125157391086,0.8370687484260891,0.14285714285714285,0.8571428571428571,831.0,970.5,f,3,3,True,Other
jurassic park iii,2001,824.0,3307.0,2.0,5.0,0.19946744129750665,0.8005325587024933,0.2857142857142857,0.7142857142857143,661.4,412.0,m,0,0,False,Other
kafka,1991,1597.0,6150.0,2.0,10.0,0.2061443139279721,0.7938556860720278,0.16666666666666666,0.8333333333333334,615.0,798.5,f,0,0,False,Other
kagemusha,1980,0.0,3625.0,0.0,11.0,0.0,1.0,0.0,1.0,329.54545454545456,0.0,m,0,0,False,Other
kalifornia,1993,2986.0,4787.0,4.0,3.0,0.38415026373343625,0.6158497362665637,0.5714285714285714,0.42857142857142855,1595.6666666666667,746.5,m,0,0,False,Other
kate  leopold,2001,841.0,4676.0,2.0,7.0,0.1524379191589632,0.8475620808410368,0.2222222222222222,0.7777777777777778,668.0,420.5,m,1,0,True,Other
kickass,2010,1625.0,8195.0,2.0,12.0,0.16547861507128309,0.8345213849287169,0.14285714285714285,0.8571428571428571,682.9166666666666,812.5,f,0,0,False,Other
kicking and screaming,1995,1345.0,3671.0,3.0,4.0,0.26814194577352474,0.7318580542264753,0.42857142857142855,0.5714285714285714,917.75,448.3333333333333,m,0,0,False,Other
kids,1995,3916.0,8156.0,8.0,6.0,0.3243870112657389,0.6756129887342611,0.5714285714285714,0.42857142857142855,1359.3333333333333,489.5,m,0,0,False,Other
kids in the hall brain candy,1996,0.0,1405.0,0.0,4.0,0.0,1.0,0.0,1.0,351.25,0.0,m,0,0,False,Other
kill bill pt 12,2003,6797.0,6710.0,8.0,6.0,0.5032205523062115,0.4967794476937884,0.5714285714285714,0.42857142857142855,1118.3333333333333,849.625,m,0,0,False,Other
kill bill vol 2,2004,2530.0,5283.0,4.0,3.0,0.32381927556636375,0.6761807244336362,0.5714285714285714,0.42857142857142855,1761.0,632.5,m,0,0,False,Other
kill your darlings,2013,476.0,5574.0,3.0,8.0,0.07867768595041322,0.9213223140495868,0.2727272727272727,0.7272727272727273,696.75,158.66666666666666,m,0,0,False,Other
killer joe,2011,2392.0,6661.0,2.0,4.0,0.2642218049265437,0.7357781950734563,0.3333333333333333,0.6666666666666666,1665.25,1196.0,m,0,0,False,Other
killing them softly,2012,0.0,16153.0,0.0,9.0,0.0,1.0,0.0,1.0,1794.7777777777778,0.0,m,0,0,False,Other
killing zoe,1993,708.0,6474.0,1.0,8.0,0.0985797827903091,0.9014202172096909,0.1111111111111111,0.8888888888888888,809.25,708.0,m,0,0,False,Other
king kong,1933,793.0,5449.0,1.0,5.0,0.12704261454661966,0.8729573854533803,0.16666666666666666,0.8333333333333334,1089.8,793.0,m,0,0,False,Other
king kong,2005,1394.0,9752.0,1.0,8.0,0.1250672887134398,0.8749327112865602,0.1111111111111111,0.8888888888888888,1219.0,1394.0,f,4,3,True,Other
kingdom of heaven,2005,864.0,6518.0,1.0,11.0,0.11704145218098076,0.8829585478190193,0.08333333333333333,0.9166666666666666,592.5454545454545,864.0,f,0,0,False,Other
kingsman the secret service,2014,799.0,11513.0,3.0,8.0,0.06489603638726446,0.9351039636127355,0.2727272727272727,0.7272727272727273,1439.125,266.3333333333333,m,0,0,False,Other
kiss of death,1995,1019.0,5252.0,2.0,7.0,0.16249402009248923,0.8375059799075107,0.2222222222222222,0.7777777777777778,750.2857142857143,509.5,m,0,0,False,Other
kiss of the spider woman,1985,0.0,7419.0,0.0,7.0,0.0,1.0,0.0,1.0,1059.857142857143,0.0,m,3,0,True,Other
klute,1971,4059.0,4930.0,3.0,4.0,0.45155189676270996,0.54844810323729,0.42857142857142855,0.5714285714285714,1232.5,1353.0,f,1,0,True,Other
knight and day,2010,4048.0,5426.0,4.0,6.0,0.42727464640067553,0.5727253535993244,0.4,0.6,904.3333333333334,1012.0,f,0,0,False,Other
knight moves,1992,2702.0,6936.0,3.0,10.0,0.28034862004565264,0.7196513799543474,0.23076923076923078,0.7692307692307693,693.6,900.6666666666666,f,0,0,False,Other
knocked up,2007,9169.0,15607.0,6.0,12.0,0.37007587988375845,0.6299241201162415,0.3333333333333333,0.6666666666666666,1300.5833333333333,1528.1666666666667,f,0,0,False,Other
kpax,2001,1445.0,7243.0,4.0,11.0,0.16632136279926335,0.8336786372007366,0.26666666666666666,0.7333333333333333,658.4545454545455,361.25,m,0,0,False,Other
kramer vs kramer,1979,1878.0,8947.0,2.0,8.0,0.17348729792147807,0.8265127020785219,0.2,0.8,1118.375,939.0,m,5,3,True,Other
kundun,1997,312.0,4376.0,1.0,10.0,0.06655290102389079,0.9334470989761092,0.09090909090909091,0.9090909090909091,437.6,312.0,m,4,0,True,Other
kung fu panda,2008,1058.0,10262.0,2.0,8.0,0.09346289752650176,0.9065371024734983,0.2,0.8,1282.75,529.0,m,1,0,True,Other
la bamba,1987,1723.0,5097.0,3.0,4.0,0.25263929618768327,0.7473607038123167,0.42857142857142855,0.5714285714285714,1274.25,574.3333333333334,m,0,0,False,Other
la confidential,1997,1120.0,8367.0,2.0,12.0,0.11805628755138611,0.8819437124486139,0.14285714285714285,0.8571428571428571,697.25,560.0,m,8,1,True,Other
labor day,2013,3286.0,6227.0,6.0,6.0,0.34542205403132553,0.6545779459686745,0.5,0.5,1037.8333333333333,547.6666666666666,m,0,0,False,Other
lake placid,1999,5250.0,8932.0,4.0,4.0,0.37018756169792694,0.629812438302073,0.5,0.5,2233.0,1312.5,m,0,0,False,Other
land of the dead,2005,486.0,3686.0,1.0,5.0,0.11649089165867689,0.8835091083413231,0.16666666666666666,0.8333333333333334,737.2,486.0,m,0,0,False,Other
larry crowne,2011,6289.0,6963.0,9.0,12.0,0.47456987624509506,0.5254301237549049,0.42857142857142855,0.5714285714285714,580.25,698.7777777777778,f,0,0,False,Other
last action hero,1993,0.0,2585.0,0.0,6.0,0.0,1.0,0.0,1.0,430.8333333333333,0.0,m,0,0,False,Other
last chance harvey,2008,4380.0,6880.0,6.0,8.0,0.38898756660746003,0.61101243339254,0.42857142857142855,0.5714285714285714,860.0,730.0,m,0,0,False,Other
last man standing,1996,819.0,6778.0,2.0,9.0,0.10780571278136106,0.8921942872186389,0.18181818181818182,0.8181818181818182,753.1111111111111,409.5,m,0,0,False,Other
last night,2010,4646.0,3320.0,3.0,4.0,0.5832287220687924,0.4167712779312076,0.42857142857142855,0.5714285714285714,830.0,1548.6666666666667,f,0,0,False,Other
last tango in paris,1972,4167.0,6664.0,6.0,3.0,0.38472901855784325,0.6152709814421568,0.6666666666666666,0.3333333333333333,2221.3333333333335,694.5,m,0,0,False,Other
last time forever,2006,1541.0,3147.0,2.0,4.0,0.32871160409556316,0.6712883959044369,0.3333333333333333,0.6666666666666666,786.75,770.5,m,0,0,False,Other
lavventura,1960,3905.0,4878.0,7.0,14.0,0.4446089035637026,0.5553910964362974,0.3333333333333333,0.6666666666666666,348.42857142857144,557.8571428571429,f,0,0,False,Other
law abiding citizen,2009,1101.0,7994.0,4.0,9.0,0.12105552501374381,0.8789444749862562,0.3076923076923077,0.6923076923076923,888.2222222222222,275.25,m,0,0,False,Other
lawless,2012,1097.0,9920.0,2.0,11.0,0.09957338658436961,0.9004266134156304,0.15384615384615385,0.8461538461538461,901.8181818181819,548.5,m,0,0,False,Other
learning to drive,2014,3064.0,3208.0,4.0,4.0,0.4885204081632653,0.5114795918367347,0.5,0.5,802.0,766.0,m,0,0,False,Other
leaving las vegas,1995,7272.0,9062.0,2.0,6.0,0.4452063181094649,0.5547936818905351,0.25,0.75,1510.3333333333333,3636.0,f,2,0,True,Other
lee daniels the butler,2013,2359.0,6924.0,6.0,11.0,0.2541204352041366,0.7458795647958634,0.35294117647058826,0.6470588235294118,629.4545454545455,393.1666666666667,m,0,0,False,Other
legally blonde,2001,7134.0,2754.0,11.0,6.0,0.7214805825242718,0.27851941747572817,0.6470588235294118,0.35294117647058826,459.0,648.5454545454545,f,0,0,False,Other
legend,1985,2299.0,11272.0,3.0,8.0,0.1694053496426203,0.8305946503573797,0.2727272727272727,0.7272727272727273,1409.0,766.3333333333334,m,0,0,False,Other
legend,2015,3001.0,4444.0,3.0,8.0,0.403089321692411,0.596910678307589,0.2727272727272727,0.7272727272727273,555.5,1000.3333333333334,f,0,0,False,Other
legion,2010,3302.0,7482.0,4.0,9.0,0.30619436201780414,0.6938056379821959,0.3076923076923077,0.6923076923076923,831.3333333333334,825.5,m,0,0,False,Other
legionnaire,1998,264.0,5849.0,1.0,8.0,0.0431866513986586,0.9568133486013414,0.1111111111111111,0.8888888888888888,731.125,264.0,m,0,0,False,Other
les misrables,2012,3079.0,10977.0,6.0,15.0,0.21905236198064884,0.7809476380193512,0.2857142857142857,0.7142857142857143,731.8,513.1666666666666,m,6,2,True,Other
let me in,2010,919.0,2434.0,3.0,7.0,0.27408291082612585,0.7259170891738741,0.3,0.7,347.7142857142857,306.3333333333333,m,0,0,False,Other
lethal weapon,1987,1282.0,13854.0,5.0,10.0,0.08469873150105708,0.9153012684989429,0.3333333333333333,0.6666666666666666,1385.4,256.4,m,1,0,True,Other
lethal weapon 4,1998,2096.0,18758.0,4.0,9.0,0.10050829577059557,0.8994917042294044,0.3076923076923077,0.6923076923076923,2084.222222222222,524.0,m,0,0,False,Other
letters from iwo jima,2006,0.0,8042.0,0.0,12.0,0.0,1.0,0.0,1.0,670.1666666666666,0.0,m,4,1,True,Other
letters to juliet,2010,5078.0,4128.0,3.0,3.0,0.5515967847056268,0.4484032152943732,0.5,0.5,1376.0,1692.6666666666667,f,0,0,False,Other
leviathan,1989,1030.0,3812.0,3.0,6.0,0.2127220156959934,0.7872779843040066,0.3333333333333333,0.6666666666666666,635.3333333333334,343.3333333333333,m,0,0,False,Other
liar liar,1997,2045.0,5714.0,5.0,6.0,0.26356489238303904,0.736435107616961,0.45454545454545453,0.5454545454545454,952.3333333333334,409.0,m,0,0,False,Other
life,1999,558.0,27748.0,3.0,21.0,0.01971313502437646,0.9802868649756236,0.125,0.875,1321.3333333333333,186.0,m,1,0,True,Other
life as a house,2001,6262.0,15390.0,4.0,11.0,0.2892111583225568,0.7107888416774432,0.26666666666666666,0.7333333333333333,1399.090909090909,1565.5,f,0,0,False,Other
life is beautiful,1997,1044.0,7517.0,3.0,8.0,0.12194837051746292,0.8780516294825371,0.2727272727272727,0.7272727272727273,939.625,348.0,m,0,0,False,Other
life of pi,2012,289.0,6914.0,1.0,7.0,0.040122171317506596,0.9598778286824934,0.125,0.875,987.7142857142857,289.0,m,11,4,True,Other
life on liberty street,2004,4100.0,2421.0,4.0,5.0,0.6287379236313448,0.3712620763686551,0.4444444444444444,0.5555555555555556,484.2,1025.0,f,0,0,False,Other
light of day,1987,3076.0,4054.0,2.0,6.0,0.4314165497896213,0.5685834502103787,0.25,0.75,675.6666666666666,1538.0,f,0,0,False,Other
light sleeper,1992,4652.0,9836.0,3.0,8.0,0.3210933186085036,0.6789066813914965,0.2727272727272727,0.7272727272727273,1229.5,1550.6666666666667,f,0,0,False,Other
limitless,2011,1858.0,9012.0,4.0,7.0,0.17092916283348666,0.8290708371665133,0.36363636363636365,0.6363636363636364,1287.4285714285713,464.5,m,0,0,False,Other
lincoln,2012,1716.0,12134.0,4.0,21.0,0.12389891696750903,0.876101083032491,0.16,0.84,577.8095238095239,429.0,m,9,1,True,Other
lions for lambs,2007,1282.0,6611.0,1.0,8.0,0.16242239959457747,0.8375776004054225,0.1111111111111111,0.8888888888888888,826.375,1282.0,f,0,0,False,Other
little athens,2005,2768.0,5501.0,4.0,17.0,0.3347442254202443,0.6652557745797557,0.19047619047619047,0.8095238095238095,323.5882352941176,692.0,f,0,0,False,Other
little children,2006,2891.0,2962.0,8.0,6.0,0.49393473432427815,0.5060652656757219,0.5714285714285714,0.42857142857142855,493.6666666666667,361.375,m,1,0,True,Other
little man tate,1991,5942.0,4549.0,4.0,5.0,0.5663902392526928,0.4336097607473072,0.4444444444444444,0.5555555555555556,909.8,1485.5,f,0,0,False,Other
little miss sunshine,2006,2852.0,5594.0,3.0,7.0,0.33767463888231114,0.6623253611176888,0.3,0.7,799.1428571428571,950.6666666666666,f,2,1,True,Other
little nicky,2000,2418.0,14414.0,5.0,19.0,0.14365494296577946,0.8563450570342205,0.20833333333333334,0.7916666666666666,758.6315789473684,483.6,m,0,0,False,Other
live and let die,1973,303.0,2263.0,2.0,6.0,0.11808261886204209,0.8819173811379579,0.25,0.75,377.1666666666667,151.5,m,1,0,True,Other
living in oblivion,1995,7582.0,14172.0,4.0,8.0,0.3485336030155374,0.6514663969844626,0.3333333333333333,0.6666666666666666,1771.5,1895.5,f,0,0,False,Other
local hero,1983,395.0,6450.0,2.0,11.0,0.0577063550036523,0.9422936449963477,0.15384615384615385,0.8461538461538461,586.3636363636364,197.5,m,0,0,False,Other
lock stock and two smoking barrels,1998,0.0,17264.0,0.0,22.0,0.0,1.0,0.0,1.0,784.7272727272727,0.0,m,0,0,False,Other
locke,2013,827.0,8226.0,2.0,6.0,0.09135093339224566,0.9086490666077544,0.25,0.75,1371.0,413.5,m,0,0,False,Other
logans run,1976,760.0,4977.0,3.0,5.0,0.13247341816280286,0.8675265818371971,0.375,0.625,995.4,253.33333333333334,m,3,1,True,Other
lon the professional,1994,2155.0,3614.0,1.0,3.0,0.3735482752643439,0.6264517247356561,0.25,0.75,1204.6666666666667,2155.0,f,0,0,False,Other
lone star,1996,9202.0,23182.0,11.0,29.0,0.2841526679841897,0.7158473320158103,0.275,0.725,799.3793103448276,836.5454545454545,f,1,0,True,Other
lone survivor,2013,0.0,5146.0,0.0,8.0,0.0,1.0,0.0,1.0,643.25,0.0,m,2,0,True,Other
looney tunes back in action,2003,1852.0,5416.0,3.0,5.0,0.25481563015960373,0.7451843698403963,0.375,0.625,1083.2,617.3333333333334,m,0,0,False,Other
looper,2012,2879.0,11397.0,2.0,8.0,0.2016671336508826,0.7983328663491174,0.2,0.8,1424.625,1439.5,f,0,0,False,Other
lord of illusions,1995,1950.0,9926.0,2.0,12.0,0.1641966992253284,0.8358033007746716,0.14285714285714285,0.8571428571428571,827.1666666666666,975.0,f,0,0,False,Other
lord of war,2005,1530.0,18110.0,2.0,10.0,0.07790224032586558,0.9220977596741344,0.16666666666666666,0.8333333333333334,1811.0,765.0,m,0,0,False,Other
lost highway,1997,859.0,2898.0,3.0,8.0,0.22863987223848817,0.7713601277615119,0.2727272727272727,0.7272727272727273,362.25,286.3333333333333,m,0,0,False,Other
lost horizon,1937,2770.0,23422.0,3.0,7.0,0.1057574832009774,0.8942425167990226,0.3,0.7,3346.0,923.3333333333334,m,6,2,True,Other
lost in america,1985,4078.0,12253.0,3.0,11.0,0.24970914212234402,0.750290857877656,0.21428571428571427,0.7857142857142857,1113.909090909091,1359.3333333333333,f,0,0,False,Other
lost in space,1998,1720.0,5936.0,3.0,8.0,0.22466039707419017,0.7753396029258098,0.2727272727272727,0.7272727272727273,742.0,573.3333333333334,m,0,0,False,Other
lost in translation,2003,2220.0,1865.0,3.0,2.0,0.543451652386781,0.4565483476132191,0.6,0.4,932.5,740.0,m,3,1,True,Other
lost souls,2000,2870.0,3572.0,4.0,6.0,0.44551381558522196,0.554486184414778,0.4,0.6,595.3333333333334,717.5,f,0,0,False,Other
love  basketball,2000,5638.0,4260.0,7.0,4.0,0.5696100222267124,0.4303899777732875,0.6363636363636364,0.36363636363636365,1065.0,805.4285714285714,m,0,0,False,Other
love  other drugs,2010,3202.0,5063.0,5.0,6.0,0.3874168179068361,0.612583182093164,0.45454545454545453,0.5454545454545454,843.8333333333334,640.4,m,0,0,False,Other
love is strange,2014,2296.0,7766.0,5.0,11.0,0.22818525144106538,0.7718147485589346,0.3125,0.6875,706.0,459.2,m,0,0,False,Other
lucky number slevin,2006,1764.0,10302.0,1.0,14.0,0.1461959224266534,0.8538040775733466,0.06666666666666667,0.9333333333333333,735.8571428571429,1764.0,f,0,0,False,Other
lucy,2014,3143.0,2827.0,3.0,6.0,0.5264656616415411,0.473534338358459,0.3333333333333333,0.6666666666666666,471.1666666666667,1047.6666666666667,f,0,0,False,Other
macbeth,2006,1274.0,4575.0,1.0,7.0,0.21781501111301077,0.7821849888869892,0.125,0.875,653.5714285714286,1274.0,f,0,0,False,Other
machete,2010,1939.0,3965.0,4.0,10.0,0.32842140921409213,0.6715785907859079,0.2857142857142857,0.7142857142857143,396.5,484.75,f,0,0,False,Other
machine gun preacher,2011,1844.0,7062.0,4.0,7.0,0.2070514260049405,0.7929485739950595,0.36363636363636365,0.6363636363636364,1008.8571428571429,461.0,m,0,0,False,Other
made,2001,682.0,10410.0,2.0,9.0,0.06148575549945907,0.9385142445005409,0.18181818181818182,0.8181818181818182,1156.6666666666667,341.0,m,0,0,False,Other
made in dagenham,2010,6394.0,3492.0,8.0,10.0,0.6467732146469756,0.3532267853530245,0.4444444444444444,0.5555555555555556,349.2,799.25,f,0,0,False,Other
magnolia,1999,8466.0,33024.0,12.0,24.0,0.20404916847433116,0.7959508315256688,0.3333333333333333,0.6666666666666666,1376.0,705.5,m,2,0,True,Other
magnum force,1973,227.0,2532.0,1.0,11.0,0.08227618702428416,0.9177238129757158,0.08333333333333333,0.9166666666666666,230.1818181818182,227.0,m,0,0,False,Other
major league,1989,4882.0,20150.0,5.0,13.0,0.1950303611377437,0.8049696388622564,0.2777777777777778,0.7222222222222222,1550.0,976.4,m,0,0,False,Other
mala noche,1986,0.0,2582.0,0.0,3.0,0.0,1.0,0.0,1.0,860.6666666666666,0.0,m,0,0,False,Other
malcolm x,1992,859.0,8054.0,3.0,7.0,0.0963760798833165,0.9036239201166835,0.3,0.7,1150.5714285714287,286.3333333333333,m,1,0,True,Other
maleficent,2014,10063.0,4766.0,9.0,7.0,0.6786027378784814,0.32139726212151865,0.5625,0.4375,680.8571428571429,1118.111111111111,f,1,0,True,Other
malibus most wanted,2003,1544.0,9810.0,4.0,12.0,0.13598731724502378,0.8640126827549762,0.25,0.75,817.5,386.0,m,0,0,False,Other
malice,1993,3136.0,6707.0,4.0,8.0,0.31860205221985166,0.6813979477801483,0.3333333333333333,0.6666666666666666,838.375,784.0,m,0,0,False,Other
mallrats,1995,677.0,4793.0,2.0,7.0,0.12376599634369287,0.8762340036563071,0.2222222222222222,0.7777777777777778,684.7142857142857,338.5,m,0,0,False,Other
man on fire,2004,2015.0,5133.0,3.0,6.0,0.2818970341354225,0.7181029658645776,0.3333333333333333,0.6666666666666666,855.5,671.6666666666666,m,0,0,False,Other
man on the moon,1999,1356.0,15692.0,4.0,15.0,0.07954012200844673,0.9204598779915533,0.21052631578947367,0.7894736842105263,1046.1333333333334,339.0,m,0,0,False,Other
man trouble,1992,4239.0,6493.0,5.0,9.0,0.39498695490123,0.6050130450987701,0.35714285714285715,0.6428571428571429,721.4444444444445,847.8,f,0,0,False,Other
man up,2015,4694.0,4156.0,5.0,3.0,0.5303954802259887,0.4696045197740113,0.625,0.375,1385.3333333333333,938.8,m,0,0,False,Other
mandingo,1975,665.0,2786.0,1.0,7.0,0.1926977687626775,0.8073022312373225,0.125,0.875,398.0,665.0,f,0,0,False,Other
manhattan murder mystery,1993,10147.0,12493.0,6.0,4.0,0.44818904593639575,0.5518109540636043,0.6,0.4,3123.25,1691.1666666666667,m,0,0,False,Other
manhunter,1986,1310.0,8650.0,3.0,11.0,0.13152610441767068,0.8684738955823293,0.21428571428571427,0.7857142857142857,786.3636363636364,436.6666666666667,m,0,0,False,Other
maps to the stars,2014,4136.0,3360.0,7.0,8.0,0.551760939167556,0.44823906083244397,0.4666666666666667,0.5333333333333333,420.0,590.8571428571429,f,0,0,False,Other
margaret,2011,17229.0,7921.0,9.0,15.0,0.6850497017892644,0.3149502982107356,0.375,0.625,528.0666666666667,1914.3333333333333,f,0,0,False,Other
margin call,2011,1107.0,11181.0,4.0,8.0,0.090087890625,0.909912109375,0.3333333333333333,0.6666666666666666,1397.625,276.75,m,1,0,True,Other
margot at the wedding,2007,10594.0,5120.0,4.0,5.0,0.6741758941071656,0.3258241058928344,0.4444444444444444,0.5555555555555556,1024.0,2648.5,f,0,0,False,Other
marley  me,2008,6367.0,11120.0,10.0,6.0,0.36409904500486073,0.6359009549951392,0.625,0.375,1853.3333333333333,636.7,m,0,0,False,Other
mars attacks,1996,1075.0,5060.0,4.0,14.0,0.1752241238793806,0.8247758761206194,0.2222222222222222,0.7777777777777778,361.42857142857144,268.75,m,0,0,False,Other
martha marcy may marlene,2011,4657.0,2073.0,5.0,4.0,0.6919762258543833,0.30802377414561666,0.5555555555555556,0.4444444444444444,518.25,931.4,f,0,0,False,Other
martyrs,2015,3055.0,109.0,3.0,1.0,0.9655499367888748,0.034450063211125155,0.75,0.25,109.0,1018.3333333333334,f,0,0,False,Other
mary shelleys frankenstein,1994,1333.0,5167.0,4.0,8.0,0.20507692307692307,0.794923076923077,0.3333333333333333,0.6666666666666666,645.875,333.25,m,1,0,True,Other
mash,1970,593.0,13376.0,1.0,12.0,0.042451141814016755,0.9575488581859832,0.07692307692307693,0.9230769230769231,1114.6666666666667,593.0,m,4,1,True,Other
master and commander the far side of the world,2003,0.0,8524.0,0.0,16.0,0.0,1.0,0.0,1.0,532.75,0.0,m,10,2,True,Other
match point,2005,8158.0,11630.0,6.0,10.0,0.41227006266424093,0.5877299373357591,0.375,0.625,1163.0,1359.6666666666667,f,1,0,True,Other
matchstick men,2003,2881.0,9119.0,2.0,6.0,0.24008333333333334,0.7599166666666667,0.25,0.75,1519.8333333333333,1440.5,m,0,0,False,Other
maverick,1994,1973.0,7080.0,2.0,5.0,0.21793880481608308,0.7820611951839169,0.2857142857142857,0.7142857142857143,1416.0,986.5,m,1,0,True,Other
max payne,2008,319.0,3007.0,1.0,6.0,0.09591100420926037,0.9040889957907396,0.14285714285714285,0.8571428571428571,501.1666666666667,319.0,m,0,0,False,Other
maximum overdrive,1986,633.0,1512.0,2.0,3.0,0.2951048951048951,0.7048951048951049,0.4,0.6,504.0,316.5,m,0,0,False,Other
me and earl and the dying girl,2015,2585.0,7326.0,4.0,5.0,0.26082130965593786,0.7391786903440621,0.4444444444444444,0.5555555555555556,1465.2,646.25,m,0,0,False,Other
me him her,2015,3249.0,6138.0,6.0,5.0,0.3461169702780441,0.6538830297219559,0.5454545454545454,0.45454545454545453,1227.6,541.5,m,0,0,False,Other
mean girls,2004,6490.0,1415.0,7.0,3.0,0.8209993674889311,0.17900063251106893,0.7,0.3,471.6666666666667,927.1428571428571,f,0,0,False,Other
mean streets,1973,414.0,7831.0,1.0,7.0,0.05021224984839297,0.949787750151607,0.125,0.875,1118.7142857142858,414.0,m,0,0,False,Other
meet joe black,1998,7186.0,20874.0,2.0,5.0,0.25609408410548823,0.7439059158945117,0.2857142857142857,0.7142857142857143,4174.8,3593.0,m,0,0,False,Other
meet john doe,1941,7260.0,24520.0,5.0,19.0,0.22844556324732537,0.7715544367526747,0.20833333333333334,0.7916666666666666,1290.5263157894738,1452.0,f,1,0,True,Other
melvin and howard,1980,1448.0,3415.0,3.0,5.0,0.29775858523545135,0.7022414147645486,0.375,0.625,683.0,482.6666666666667,m,1,1,True,Other
memento,2000,3646.0,16450.0,2.0,4.0,0.18142914012738853,0.8185708598726115,0.3333333333333333,0.6666666666666666,4112.5,1823.0,m,0,0,False,Other
memoirs of a geisha,2005,4204.0,1686.0,6.0,4.0,0.7137521222410866,0.2862478777589134,0.6,0.4,421.5,700.6666666666666,f,6,3,True,Other
memoirs of an invisible man,1992,1360.0,7524.0,3.0,10.0,0.15308419630796938,0.8469158036920306,0.23076923076923078,0.7692307692307693,752.4,453.3333333333333,m,0,0,False,Other
memphis belle,1990,103.0,8005.0,1.0,12.0,0.012703502713369511,0.9872964972866305,0.07692307692307693,0.9230769230769231,667.0833333333334,103.0,m,0,0,False,Other
men in black,1997,776.0,6057.0,2.0,8.0,0.11356651543977755,0.8864334845602224,0.2,0.8,757.125,388.0,m,3,1,True,Other
men in black 3,2012,113.0,14351.0,1.0,14.0,0.0078125,0.9921875,0.06666666666666667,0.9333333333333333,1025.0714285714287,113.0,m,0,0,False,Other
metro,1997,781.0,7915.0,2.0,8.0,0.08981140754369825,0.9101885924563018,0.2,0.8,989.375,390.5,m,0,0,False,Other
miami vice,2006,2047.0,6098.0,3.0,7.0,0.2513198281154082,0.7486801718845918,0.3,0.7,871.1428571428571,682.3333333333334,m,0,0,False,Other
michael clayton,2007,1158.0,6538.0,2.0,10.0,0.15046777546777546,0.8495322245322245,0.16666666666666666,0.8333333333333334,653.8,579.0,m,4,0,True,Other
middle of nowhere,2012,6183.0,2549.0,7.0,5.0,0.7080852038479157,0.29191479615208427,0.5833333333333334,0.4166666666666667,509.8,883.2857142857143,f,0,0,False,Other
midnight cowboy,1969,1478.0,11902.0,3.0,7.0,0.11046337817638266,0.8895366218236174,0.3,0.7,1700.2857142857142,492.6666666666667,m,4,3,True,Other
midnight express,1978,241.0,4516.0,1.0,10.0,0.050662182047508934,0.9493378179524911,0.09090909090909091,0.9090909090909091,451.6,241.0,m,5,2,True,Other
midnight in paris,2011,4415.0,6761.0,7.0,7.0,0.39504294917680743,0.6049570508231925,0.5,0.5,965.8571428571429,630.7142857142857,m,4,1,True,Other
mighty joe young,1998,2329.0,4573.0,3.0,9.0,0.3374384236453202,0.6625615763546798,0.25,0.75,508.1111111111111,776.3333333333334,f,1,0,True,Other
mighty morphin power rangers the movie,1995,1569.0,3713.0,4.0,13.0,0.2970465732677016,0.7029534267322983,0.23529411764705882,0.7647058823529411,285.61538461538464,392.25,f,0,0,False,Other
milk,2008,357.0,10769.0,2.0,12.0,0.03208700341542333,0.9679129965845766,0.14285714285714285,0.8571428571428571,897.4166666666666,178.5,m,6,1,True,Other
million dollar baby,2004,2035.0,8517.0,2.0,8.0,0.19285443517816528,0.8071455648218347,0.2,0.8,1064.625,1017.5,m,4,2,True,Other
mimic,1997,1607.0,3151.0,1.0,5.0,0.33774695250105086,0.6622530474989491,0.16666666666666666,0.8333333333333334,630.2,1607.0,f,0,0,False,Other
minions,2015,1828.0,1800.0,4.0,6.0,0.503858875413451,0.4961411245865491,0.4,0.6,300.0,457.0,f,0,0,False,Other
minis first time,2006,8069.0,3607.0,2.0,6.0,0.6910757108598835,0.3089242891401165,0.25,0.75,601.1666666666666,4034.5,f,0,0,False,Other
minority report,2002,2369.0,12078.0,4.0,13.0,0.16397868069495397,0.8360213193050461,0.23529411764705882,0.7647058823529411,929.0769230769231,592.25,m,1,0,True,Other
mirrors,2008,4418.0,10022.0,5.0,8.0,0.3059556786703601,0.6940443213296399,0.38461538461538464,0.6153846153846154,1252.75,883.6,m,0,0,False,Other
mission impossible,1996,2844.0,13346.0,5.0,11.0,0.1756639901173564,0.8243360098826437,0.3125,0.6875,1213.2727272727273,568.8,m,0,0,False,Other
mission impossible ii,2000,3346.0,17418.0,1.0,9.0,0.1611442881911,0.8388557118089001,0.1,0.9,1935.3333333333333,3346.0,f,0,0,False,Other
mission to mars,2000,1062.0,7302.0,2.0,7.0,0.12697274031563846,0.8730272596843616,0.2222222222222222,0.7777777777777778,1043.142857142857,531.0,m,0,0,False,Other
mississippi grind,2015,1450.0,7506.0,5.0,3.0,0.16190263510495756,0.8380973648950424,0.625,0.375,2502.0,290.0,m,0,0,False,Other
mistress america,2015,9729.0,1740.0,7.0,2.0,0.8482866858488098,0.15171331415119016,0.7777777777777778,0.2222222222222222,870.0,1389.857142857143,f,0,0,False,Other
modern problems,1981,2594.0,3136.0,3.0,4.0,0.4527050610820244,0.5472949389179755,0.42857142857142855,0.5714285714285714,784.0,864.6666666666666,f,0,0,False,Other
moneyball,2011,511.0,13269.0,2.0,17.0,0.03708272859216256,0.9629172714078374,0.10526315789473684,0.8947368421052632,780.5294117647059,255.5,m,4,0,True,Other
monkeybone,2001,1667.0,4418.0,5.0,7.0,0.2739523418241578,0.7260476581758423,0.4166666666666667,0.5833333333333334,631.1428571428571,333.4,m,0,0,False,Other
monster house,2006,2086.0,4218.0,4.0,5.0,0.3309010152284264,0.6690989847715736,0.4444444444444444,0.5555555555555556,843.6,521.5,m,1,0,True,Other
monsters ball,2001,889.0,2668.0,1.0,6.0,0.24992971605285352,0.7500702839471465,0.14285714285714285,0.8571428571428571,444.6666666666667,889.0,f,1,0,True,Other
monsters inc,2001,399.0,10184.0,1.0,10.0,0.03770197486535009,0.9622980251346499,0.09090909090909091,0.9090909090909091,1018.4,399.0,m,4,1,True,Other
monsters university,2013,877.0,5733.0,2.0,12.0,0.13267776096822995,0.8673222390317701,0.14285714285714285,0.8571428571428571,477.75,438.5,m,0,0,False,Other
monte carlo,2011,13256.0,3772.0,6.0,8.0,0.778482499412732,0.22151750058726802,0.42857142857142855,0.5714285714285714,471.5,2209.3333333333335,f,0,0,False,Other
moon,2009,262.0,5110.0,1.0,4.0,0.04877140729709605,0.9512285927029039,0.2,0.8,1277.5,262.0,m,0,0,False,Other
moonrise kingdom,2012,2347.0,5970.0,3.0,10.0,0.2821930984730071,0.7178069015269929,0.23076923076923078,0.7692307692307693,597.0,782.3333333333334,f,1,0,True,Other
moonstruck,1987,8632.0,10068.0,7.0,10.0,0.4616042780748663,0.5383957219251337,0.4117647058823529,0.5882352941176471,1006.8,1233.142857142857,f,3,1,True,Other
mortdecai,2015,1583.0,7576.0,2.0,10.0,0.17283546238672345,0.8271645376132766,0.16666666666666666,0.8333333333333334,757.6,791.5,f,0,0,False,Other
moscow on the hudson,1984,910.0,5038.0,1.0,6.0,0.15299260255548083,0.8470073974445191,0.14285714285714285,0.8571428571428571,839.6666666666666,910.0,f,0,0,False,Other
motel hell,1980,1787.0,2029.0,2.0,3.0,0.46829140461215935,0.5317085953878407,0.4,0.6,676.3333333333334,893.5,f,0,0,False,Other
mother and child,2009,8093.0,1556.0,13.0,4.0,0.8387397657788371,0.1612602342211628,0.7647058823529411,0.23529411764705882,389.0,622.5384615384615,f,0,0,False,Other
mr  mrs smith,2005,2104.0,2734.0,3.0,3.0,0.4348904505994213,0.5651095494005788,0.5,0.5,911.3333333333334,701.3333333333334,m,0,0,False,Other
mr blandings builds his dream house,1948,7884.0,21358.0,5.0,12.0,0.26961220162779564,0.7303877983722044,0.29411764705882354,0.7058823529411765,1779.8333333333333,1576.8,m,0,0,False,Other
mr brooks,2007,1479.0,8649.0,5.0,6.0,0.14603080568720378,0.8539691943127962,0.45454545454545453,0.5454545454545454,1441.5,295.8,m,0,0,False,Other
mr deeds goes to town,1936,5872.0,26508.0,5.0,21.0,0.1813465101914762,0.8186534898085238,0.19230769230769232,0.8076923076923077,1262.2857142857142,1174.4,m,4,1,True,Other
mr smith goes to washington,1939,1220.0,18553.0,5.0,16.0,0.06170029838668892,0.9382997016133111,0.23809523809523808,0.7619047619047619,1159.5625,244.0,m,8,1,True,Other
mr turner,2014,3117.0,6134.0,6.0,12.0,0.33693654740028106,0.663063452599719,0.3333333333333333,0.6666666666666666,511.1666666666667,519.5,f,4,0,True,Other
mrs brown,1997,4068.0,11684.0,4.0,8.0,0.25825292026409347,0.7417470797359066,0.3333333333333333,0.6666666666666666,1460.5,1017.0,m,1,0,True,Other
mrs winterbourne,1996,6431.0,1006.0,5.0,2.0,0.8647304020438349,0.1352695979561651,0.7142857142857143,0.2857142857142857,503.0,1286.2,f,0,0,False,Other
mud,2012,2578.0,18069.0,3.0,9.0,0.12486075458904441,0.8751392454109556,0.25,0.75,2007.6666666666667,859.3333333333334,m,0,0,False,Other
mulan,1998,3560.0,10856.0,3.0,11.0,0.2469478357380688,0.7530521642619312,0.21428571428571427,0.7857142857142857,986.9090909090909,1186.6666666666667,f,1,0,True,Other
mulholland drive,2001,8362.0,5368.0,6.0,12.0,0.6090313182811362,0.3909686817188638,0.3333333333333333,0.6666666666666666,447.3333333333333,1393.6666666666667,f,1,0,True,Other
mumford,1999,8996.0,19462.0,8.0,10.0,0.3161149764565324,0.6838850235434676,0.4444444444444444,0.5555555555555556,1946.2,1124.5,m,0,0,False,Other
munich,2005,875.0,9890.0,4.0,16.0,0.08128193218764515,0.9187180678123549,0.2,0.8,618.125,218.75,m,5,0,True,Other
music of the heart,1999,17274.0,5136.0,9.0,8.0,0.7708165997322624,0.22918340026773762,0.5294117647058824,0.47058823529411764,642.0,1919.3333333333333,f,1,0,True,Other
mute witness,1995,1160.0,2471.0,1.0,4.0,0.3194712200495731,0.6805287799504269,0.2,0.8,617.75,1160.0,f,0,0,False,Other
my best friends birthday,1987,1667.0,8183.0,3.0,9.0,0.16923857868020303,0.8307614213197969,0.25,0.75,909.2222222222222,555.6666666666666,m,0,0,False,Other
my best friends wedding,1997,6540.0,3308.0,5.0,4.0,0.6640942323314378,0.33590576766856217,0.5555555555555556,0.4444444444444444,827.0,1308.0,f,1,0,True,Other
my big fat greek wedding,2002,4632.0,3304.0,6.0,7.0,0.5836693548387096,0.4163306451612903,0.46153846153846156,0.5384615384615384,472.0,772.0,f,1,0,True,Other
my bloody valentine,2009,1287.0,3267.0,3.0,5.0,0.2826086956521739,0.717391304347826,0.375,0.625,653.4,429.0,m,0,0,False,Other
my blue heaven,1990,804.0,850.0,1.0,2.0,0.4860943168077388,0.5139056831922612,0.3333333333333333,0.6666666666666666,425.0,804.0,f,0,0,False,Other
my bodyguard,1980,1367.0,5978.0,3.0,8.0,0.18611300204220557,0.8138869979577944,0.2727272727272727,0.7272727272727273,747.25,455.6666666666667,m,0,0,False,Other
my girl,1991,3666.0,3120.0,3.0,6.0,0.5402298850574713,0.45977011494252873,0.3333333333333333,0.6666666666666666,520.0,1222.0,f,0,0,False,Other
my girl 2,1994,5053.0,5224.0,5.0,13.0,0.49168045149362655,0.5083195485063735,0.2777777777777778,0.7222222222222222,401.84615384615387,1010.6,f,0,0,False,Other
my own private idaho,1991,252.0,6253.0,1.0,10.0,0.03873943120676403,0.961260568793236,0.09090909090909091,0.9090909090909091,625.3,252.0,m,0,0,False,Other
my pure joy,2011,396.0,8097.0,2.0,6.0,0.04662663369833981,0.9533733663016601,0.25,0.75,1349.5,198.0,m,0,0,False,Other
mystery men,1999,2032.0,11178.0,3.0,11.0,0.1538228614685844,0.8461771385314156,0.21428571428571427,0.7857142857142857,1016.1818181818181,677.3333333333334,m,0,0,False,Other
mystery of the wax museum,1933,3655.0,6166.0,2.0,9.0,0.3721616943284798,0.6278383056715202,0.18181818181818182,0.8181818181818182,685.1111111111111,1827.5,f,0,0,False,Other
mystic river,2003,1051.0,9709.0,3.0,11.0,0.09767657992565056,0.9023234200743494,0.21428571428571427,0.7857142857142857,882.6363636363636,350.3333333333333,m,3,0,True,Other
naked lunch,1991,1288.0,7178.0,3.0,8.0,0.1521379636191826,0.8478620363808174,0.2727272727272727,0.7272727272727273,897.25,429.3333333333333,m,0,0,False,Other
narrow margin,1990,905.0,3765.0,2.0,7.0,0.1937901498929336,0.8062098501070664,0.2222222222222222,0.7777777777777778,537.8571428571429,452.5,m,0,0,False,Other
nashville,1975,4254.0,13316.0,9.0,14.0,0.2421172453044963,0.7578827546955037,0.391304347826087,0.6086956521739131,951.1428571428571,472.6666666666667,m,3,1,True,Other
national treasure,2004,1013.0,6661.0,1.0,7.0,0.13200416992442013,0.8679958300755799,0.125,0.875,951.5714285714286,1013.0,f,0,0,False,Other
national treasure book of secrets,2007,1515.0,10021.0,1.0,8.0,0.13132801664355062,0.8686719833564494,0.1111111111111111,0.8888888888888888,1252.625,1515.0,f,0,0,False,Other
natural born killers,1994,1177.0,10975.0,3.0,10.0,0.09685648452929559,0.9031435154707044,0.23076923076923078,0.7692307692307693,1097.5,392.3333333333333,m,0,0,False,Other
near dark,1987,912.0,2388.0,3.0,5.0,0.27636363636363637,0.7236363636363636,0.375,0.625,477.6,304.0,m,0,0,False,Other
nebraska,2013,2369.0,6135.0,4.0,8.0,0.27857478833490124,0.7214252116650988,0.3333333333333333,0.6666666666666666,766.875,592.25,m,4,0,True,Other
needful things,1993,824.0,2484.0,4.0,6.0,0.24909310761789602,0.750906892382104,0.4,0.6,414.0,206.0,m,0,0,False,Other
network,1976,614.0,12143.0,3.0,15.0,0.04813043819079721,0.9518695618092028,0.16666666666666666,0.8333333333333334,809.5333333333333,204.66666666666666,m,5,1,True,Other
never been kissed,1999,12974.0,6952.0,10.0,7.0,0.6511091036836294,0.34889089631637055,0.5882352941176471,0.4117647058823529,993.1428571428571,1297.4,f,0,0,False,Other
never let me go,2010,5047.0,1432.0,6.0,2.0,0.7789782373823121,0.2210217626176879,0.75,0.25,716.0,841.1666666666666,f,0,0,False,Other
new nightmare,1994,4126.0,2075.0,4.0,5.0,0.665376552169005,0.334623447830995,0.4444444444444444,0.5555555555555556,415.0,1031.5,f,0,0,False,Other
new york minute,2004,4557.0,2050.0,3.0,9.0,0.6897230210382927,0.3102769789617073,0.25,0.75,227.77777777777777,1519.0,f,0,0,False,Other
newsies,1992,807.0,9458.0,2.0,18.0,0.07861665854846565,0.9213833414515343,0.1,0.9,525.4444444444445,403.5,m,0,0,False,Other
next,2007,2425.0,2931.0,2.0,5.0,0.4527632561613144,0.5472367438386856,0.2857142857142857,0.7142857142857143,586.2,1212.5,f,0,0,False,Other
next friday,2000,665.0,7569.0,3.0,9.0,0.0807626912800583,0.9192373087199417,0.25,0.75,841.0,221.66666666666666,m,0,0,False,Other
nick and norahs infinite playlist,2008,1526.0,4129.0,2.0,5.0,0.2698496905393457,0.7301503094606543,0.2857142857142857,0.7142857142857143,825.8,763.0,m,0,0,False,Other
nick of time,1995,4076.0,11482.0,4.0,6.0,0.2619874019796889,0.738012598020311,0.4,0.6,1913.6666666666667,1019.0,m,0,0,False,Other
nightcrawler,2014,2094.0,8684.0,3.0,6.0,0.19428465392466135,0.8057153460753387,0.3333333333333333,0.6666666666666666,1447.3333333333333,698.0,m,1,0,True,Other
nine,2009,2563.0,4795.0,5.0,5.0,0.3483283500951345,0.6516716499048655,0.5,0.5,959.0,512.6,m,3,0,True,Other
nine to five,1980,1160.0,659.0,3.0,2.0,0.6377130291368884,0.3622869708631116,0.6,0.4,329.5,386.6666666666667,f,1,0,True,Other
ninja assassin,2009,2864.0,4408.0,3.0,6.0,0.39383938393839385,0.6061606160616062,0.3333333333333333,0.6666666666666666,734.6666666666666,954.6666666666666,f,0,0,False,Other
ninotchka,1939,5732.0,10217.0,2.0,10.0,0.3593955733901812,0.6406044266098188,0.16666666666666666,0.8333333333333334,1021.7,2866.0,f,3,0,True,Other
nixon,1995,2122.0,23865.0,6.0,22.0,0.08165621272174549,0.9183437872782545,0.21428571428571427,0.7857142857142857,1084.7727272727273,353.6666666666667,m,2,0,True,Other
no country for old men,2007,1215.0,7105.0,4.0,10.0,0.14603365384615385,0.8539663461538461,0.2857142857142857,0.7142857142857143,710.5,303.75,m,7,3,True,Other
no escape,2015,1539.0,4472.0,3.0,6.0,0.2560306105473299,0.7439693894526701,0.3333333333333333,0.6666666666666666,745.3333333333334,513.0,m,0,0,False,Other
no one lives,2012,1441.0,3316.0,4.0,7.0,0.3029220096699601,0.6970779903300399,0.36363636363636365,0.6363636363636364,473.7142857142857,360.25,m,0,0,False,Other
no strings attached,2011,6259.0,8525.0,4.0,4.0,0.42336309523809523,0.5766369047619048,0.5,0.5,2131.25,1564.75,m,0,0,False,Other
noah,2014,1341.0,4737.0,2.0,6.0,0.22063178677196446,0.7793682132280355,0.25,0.75,789.5,670.5,m,0,0,False,Other
norma rae,1979,2910.0,4093.0,2.0,6.0,0.41553619877195486,0.5844638012280451,0.25,0.75,682.1666666666666,1455.0,f,3,1,True,Other
normal adolescent behavior,2007,6074.0,2548.0,7.0,6.0,0.7044769195082348,0.29552308049176523,0.5384615384615384,0.46153846153846156,424.6666666666667,867.7142857142857,f,0,0,False,Other
north by northwest,1959,1235.0,4901.0,3.0,6.0,0.20127118644067796,0.798728813559322,0.3333333333333333,0.6666666666666666,816.8333333333334,411.6666666666667,m,3,0,True,Other
nothing but a man,1964,1320.0,3575.0,3.0,7.0,0.2696629213483146,0.7303370786516854,0.3,0.7,510.7142857142857,440.0,m,0,0,False,Other
notting hill,1999,7330.0,12732.0,5.0,7.0,0.36536736118034097,0.634632638819659,0.4166666666666667,0.5833333333333334,1818.857142857143,1466.0,m,0,0,False,Other
now and then,1995,4186.0,0.0,4.0,0.0,1.0,0.0,1.0,0.0,0.0,1046.5,f,0,0,False,Other
now you see me,2013,1764.0,7339.0,1.0,10.0,0.19378226958145667,0.8062177304185434,0.09090909090909091,0.9090909090909091,733.9,1764.0,f,0,0,False,Other
nowhere boy,2009,2042.0,2575.0,2.0,4.0,0.4422785358457873,0.5577214641542126,0.3333333333333333,0.6666666666666666,643.75,1021.0,f,0,0,False,Other
nowhere to run,1993,334.0,1629.0,2.0,4.0,0.17014773306164035,0.8298522669383597,0.3333333333333333,0.6666666666666666,407.25,167.0,m,0,0,False,Other
nurse betty,2000,6649.0,8802.0,9.0,10.0,0.4303281341013527,0.5696718658986474,0.47368421052631576,0.5263157894736842,880.2,738.7777777777778,m,0,0,False,Other
o brother where art thou,2000,312.0,8450.0,1.0,11.0,0.03560830860534125,0.9643916913946587,0.08333333333333333,0.9166666666666666,768.1818181818181,312.0,m,2,0,True,Other
oblivion,2013,5007.0,8066.0,2.0,2.0,0.38300313623498816,0.6169968637650118,0.5,0.5,4033.0,2503.5,m,0,0,False,Other
observe and report,2009,6728.0,27534.0,5.0,7.0,0.19636915533243826,0.8036308446675617,0.4166666666666667,0.5833333333333334,3933.4285714285716,1345.6,m,0,0,False,Other
obsessed,2009,4508.0,6134.0,3.0,3.0,0.4236045856042097,0.5763954143957902,0.5,0.5,2044.6666666666667,1502.6666666666667,m,0,0,False,Other
obsession,1976,1670.0,3877.0,3.0,7.0,0.3010636380025239,0.6989363619974761,0.3,0.7,553.8571428571429,556.6666666666666,f,1,0,True,Other
oceans eleven,2001,1046.0,19972.0,1.0,14.0,0.04976686649538491,0.9502331335046151,0.06666666666666667,0.9333333333333333,1426.5714285714287,1046.0,m,0,0,False,Other
oceans twelve,2004,4136.0,15566.0,3.0,14.0,0.2099279260988732,0.7900720739011268,0.17647058823529413,0.8235294117647058,1111.857142857143,1378.6666666666667,f,0,0,False,Other
octopussy,1983,168.0,3147.0,1.0,9.0,0.05067873303167421,0.9493212669683257,0.1,0.9,349.6666666666667,168.0,m,0,0,False,Other
oculus,2013,3962.0,2608.0,3.0,4.0,0.6030441400304414,0.3969558599695586,0.42857142857142855,0.5714285714285714,652.0,1320.6666666666667,f,0,0,False,Other
office space,1999,1546.0,15728.0,3.0,14.0,0.08949866851916174,0.9105013314808382,0.17647058823529413,0.8235294117647058,1123.4285714285713,515.3333333333334,m,0,0,False,Other
old boyfriends,1979,4892.0,2175.0,6.0,5.0,0.692231498514221,0.307768501485779,0.5454545454545454,0.45454545454545453,435.0,815.3333333333334,f,0,0,False,Other
old school,2003,379.0,2878.0,1.0,7.0,0.11636475284003685,0.8836352471599631,0.125,0.875,411.14285714285717,379.0,m,0,0,False,Other
on golden pond,1981,2496.0,3566.0,2.0,3.0,0.4117452985813263,0.5882547014186738,0.4,0.6,1188.6666666666667,1248.0,f,7,1,True,Other
on the waterfront,1954,1939.0,9292.0,2.0,12.0,0.17264713738758794,0.827352862612412,0.14285714285714285,0.8571428571428571,774.3333333333334,969.5,f,7,6,True,Other
once upon a time in america,1984,1765.0,5810.0,5.0,10.0,0.233003300330033,0.766996699669967,0.3333333333333333,0.6666666666666666,581.0,353.0,m,0,0,False,Other
one chance,2013,2248.0,4879.0,3.0,5.0,0.3154202329170759,0.6845797670829241,0.375,0.625,975.8,749.3333333333334,m,0,0,False,Other
one eight seven,1997,1700.0,5023.0,2.0,7.0,0.2528633050721404,0.7471366949278596,0.2222222222222222,0.7777777777777778,717.5714285714286,850.0,f,0,0,False,Other
one missed call,2008,2233.0,1999.0,4.0,4.0,0.5276465028355387,0.47235349716446123,0.5,0.5,499.75,558.25,f,0,0,False,Other
only god forgives,2013,3228.0,9313.0,4.0,9.0,0.25739574196635034,0.7426042580336496,0.3076923076923077,0.6923076923076923,1034.7777777777778,807.0,m,0,0,False,Other
only you,1994,7969.0,3662.0,4.0,8.0,0.6851517496345972,0.3148482503654028,0.3333333333333333,0.6666666666666666,457.75,1992.25,f,0,0,False,Other
ordinary people,1980,5940.0,16816.0,4.0,6.0,0.26103005800667956,0.7389699419933204,0.4,0.6,2802.6666666666665,1485.0,m,3,3,True,Other
orgy of the dead,1965,671.0,1660.0,2.0,3.0,0.2878592878592879,0.7121407121407122,0.4,0.6,553.3333333333334,335.5,m,0,0,False,Other
orphan,2009,7734.0,3285.0,5.0,3.0,0.7018785733732643,0.29812142662673563,0.625,0.375,1095.0,1546.8,f,0,0,False,Other
ouija,2014,5783.0,1878.0,6.0,2.0,0.7548622895183397,0.24513771048166036,0.75,0.25,939.0,963.8333333333334,f,0,0,False,Other
out of sight,1998,7828.0,23926.0,3.0,14.0,0.2465201234490143,0.7534798765509857,0.17647058823529413,0.8235294117647058,1709.0,2609.3333333333335,f,2,0,True,Other
outbreak,1995,980.0,6292.0,2.0,9.0,0.13476347634763478,0.8652365236523653,0.18181818181818182,0.8181818181818182,699.1111111111111,490.0,m,0,0,False,Other
p2,2007,2221.0,4326.0,2.0,2.0,0.3392393462654651,0.6607606537345349,0.5,0.5,2163.0,1110.5,m,0,0,False,Other
pacific rim,2013,2625.0,7084.0,2.0,8.0,0.27036770007209804,0.7296322999279019,0.2,0.8,885.5,1312.5,f,0,0,False,Other
pain  gain,2013,575.0,6621.0,3.0,9.0,0.07990550305725402,0.9200944969427459,0.25,0.75,735.6666666666666,191.66666666666666,m,0,0,False,Other
pan,2015,2281.0,9649.0,2.0,10.0,0.1911986588432523,0.8088013411567477,0.16666666666666666,0.8333333333333334,964.9,1140.5,f,0,0,False,Other
pandorum,2009,2126.0,16324.0,1.0,4.0,0.11523035230352303,0.8847696476964769,0.2,0.8,4081.0,2126.0,m,0,0,False,Other
panic room,2002,1617.0,2773.0,3.0,4.0,0.3683371298405467,0.6316628701594533,0.42857142857142855,0.5714285714285714,693.25,539.0,m,0,0,False,Other
pans labyrinth,2006,1753.0,2262.0,3.0,4.0,0.43661270236612704,0.563387297633873,0.42857142857142855,0.5714285714285714,565.5,584.3333333333334,f,6,3,True,Other
panther,1995,351.0,9442.0,2.0,15.0,0.03584192790768916,0.9641580720923109,0.11764705882352941,0.8823529411764706,629.4666666666667,175.5,m,0,0,False,Other
papadopoulos  sons,2012,1370.0,8537.0,2.0,12.0,0.13828606036136065,0.8617139396386393,0.14285714285714285,0.8571428571428571,711.4166666666666,685.0,m,0,0,False,Other
paper towns,2015,3316.0,7367.0,4.0,4.0,0.31039970045867266,0.6896002995413273,0.5,0.5,1841.75,829.0,m,0,0,False,Other
paranorman,2012,3929.0,10749.0,6.0,7.0,0.2676795203706227,0.7323204796293773,0.46153846153846156,0.5384615384615384,1535.5714285714287,654.8333333333334,m,1,0,True,Other
pariah,2011,7381.0,1793.0,8.0,3.0,0.8045563549160671,0.19544364508393286,0.7272727272727273,0.2727272727272727,597.6666666666666,922.625,f,0,0,False,Other
pat garrett  billy the kid,1973,0.0,3133.0,0.0,9.0,0.0,1.0,0.0,1.0,348.1111111111111,0.0,m,0,0,False,Other
paul,2011,1884.0,15081.0,1.0,11.0,0.11105216622458002,0.88894783377542,0.08333333333333333,0.9166666666666666,1371.0,1884.0,f,0,0,False,Other
pawn sacrifice,2014,752.0,6724.0,2.0,8.0,0.10058855002675228,0.8994114499732477,0.2,0.8,840.5,376.0,m,0,0,False,Other
pay the ghost,2015,1382.0,3451.0,2.0,5.0,0.28595075522449825,0.7140492447755018,0.2857142857142857,0.7142857142857143,690.2,691.0,f,0,0,False,Other
payback,1999,1004.0,5218.0,2.0,10.0,0.16136290581806492,0.8386370941819351,0.16666666666666666,0.8333333333333334,521.8,502.0,m,0,0,False,Other
pearl harbor,2001,1259.0,4988.0,3.0,9.0,0.20153673763406435,0.7984632623659357,0.25,0.75,554.2222222222222,419.6666666666667,m,4,1,True,Other
peeping tom,1960,3643.0,3953.0,5.0,9.0,0.479594523433386,0.520405476566614,0.35714285714285715,0.6428571428571429,439.22222222222223,728.6,f,0,0,False,Other
peggy sue got married,1986,5847.0,5200.0,6.0,7.0,0.5292839684982348,0.47071603150176516,0.46153846153846156,0.5384615384615384,742.8571428571429,974.5,f,2,0,True,Other
people like us,2012,4515.0,5351.0,4.0,5.0,0.45763227245084126,0.5423677275491587,0.4444444444444444,0.5555555555555556,1070.2,1128.75,f,0,0,False,Other
perfect creature,2006,1598.0,4143.0,3.0,8.0,0.2783487197352378,0.7216512802647622,0.2727272727272727,0.7272727272727273,517.875,532.6666666666666,f,0,0,False,Other
pet sematary,1989,2321.0,3634.0,2.0,4.0,0.3897565071368598,0.6102434928631402,0.3333333333333333,0.6666666666666666,908.5,1160.5,f,0,0,False,Other
pet sematary ii,1992,773.0,3430.0,3.0,6.0,0.1839162502974066,0.8160837497025933,0.3333333333333333,0.6666666666666666,571.6666666666666,257.6666666666667,m,0,0,False,Other
petulia,1968,3561.0,1982.0,6.0,6.0,0.6424318960851525,0.35756810391484756,0.5,0.5,330.3333333333333,593.5,f,0,0,False,Other
philadelphia,1993,944.0,12740.0,5.0,12.0,0.0689856767027185,0.9310143232972815,0.29411764705882354,0.7058823529411765,1061.6666666666667,188.8,m,4,1,True,Other
philomena,2013,5052.0,3617.0,7.0,4.0,0.5827661783366017,0.41723382166339834,0.6363636363636364,0.36363636363636365,904.25,721.7142857142857,m,3,0,True,Other
phone booth,2002,1464.0,14258.0,3.0,6.0,0.0931179239282534,0.9068820760717466,0.3333333333333333,0.6666666666666666,2376.3333333333335,488.0,m,0,0,False,Other
pi,1998,3018.0,11364.0,4.0,4.0,0.2098456403838131,0.7901543596161869,0.5,0.5,2841.0,754.5,m,0,0,False,Other
pineapple express,2008,1602.0,13152.0,4.0,11.0,0.10858072387149248,0.8914192761285076,0.26666666666666666,0.7333333333333333,1195.6363636363637,400.5,m,0,0,False,Other
pirates of the caribbean at worlds end,2007,1679.0,6353.0,2.0,9.0,0.20903884462151395,0.7909611553784861,0.18181818181818182,0.8181818181818182,705.8888888888889,839.5,f,2,0,True,Other
pirates of the caribbean dead mans chest,2006,1253.0,7827.0,2.0,10.0,0.13799559471365638,0.8620044052863436,0.16666666666666666,0.8333333333333334,782.7,626.5,m,4,1,True,Other
pirates of the caribbean the curse of the black pearl,2003,1273.0,8550.0,1.0,10.0,0.12959381044487428,0.8704061895551257,0.09090909090909091,0.9090909090909091,855.0,1273.0,f,4,0,True,Other
pitch black,2000,4430.0,8966.0,2.0,6.0,0.3306957300686772,0.6693042699313227,0.25,0.75,1494.3333333333333,2215.0,f,0,0,False,Other
pitch perfect,2012,5170.0,3591.0,7.0,9.0,0.5901152836434197,0.4098847163565803,0.4375,0.5625,399.0,738.5714285714286,f,0,0,False,Other
pixels,2015,406.0,1055.0,1.0,3.0,0.2778918548939083,0.7221081451060917,0.25,0.75,351.6666666666667,406.0,f,0,0,False,Other
planet of the apes,1968,1533.0,6441.0,2.0,10.0,0.19224981188863807,0.8077501881113619,0.16666666666666666,0.8333333333333334,644.1,766.5,f,3,1,True,Other
platoon,1986,0.0,18530.0,0.0,19.0,0.0,1.0,0.0,1.0,975.2631578947369,0.0,m,6,4,True,Other
play misty for me,1971,2530.0,4393.0,2.0,4.0,0.3654485049833887,0.6345514950166113,0.3333333333333333,0.6666666666666666,1098.25,1265.0,f,0,0,False,Other
pleasantville,1998,5246.0,13676.0,8.0,11.0,0.27724342035725613,0.7227565796427439,0.42105263157894735,0.5789473684210527,1243.2727272727273,655.75,m,3,0,True,Other
please give,2010,6214.0,1278.0,8.0,3.0,0.8294180459156434,0.17058195408435664,0.7272727272727273,0.2727272727272727,426.0,776.75,f,0,0,False,Other
pocahontas,1995,2108.0,4036.0,3.0,7.0,0.3430989583333333,0.6569010416666666,0.3,0.7,576.5714285714286,702.6666666666666,f,2,2,True,Other
point break,1991,1390.0,4292.0,2.0,5.0,0.24463217177050334,0.7553678282294967,0.2857142857142857,0.7142857142857143,858.4,695.0,m,0,0,False,Other
point of no return,1993,1873.0,2410.0,2.0,4.0,0.43731029652113007,0.5626897034788699,0.3333333333333333,0.6666666666666666,602.5,936.5,f,0,0,False,Other
pokmon the first movie  mewtwo strikes back,1998,1432.0,1698.0,5.0,3.0,0.4575079872204473,0.5424920127795527,0.625,0.375,566.0,286.4,m,0,0,False,Other
pompeii,2014,1537.0,5045.0,3.0,10.0,0.23351564873898512,0.7664843512610149,0.23076923076923078,0.7692307692307693,504.5,512.3333333333334,f,0,0,False,Other
possession,2002,4506.0,2202.0,7.0,5.0,0.6717352415026834,0.3282647584973166,0.5833333333333334,0.4166666666666667,440.4,643.7142857142857,f,0,0,False,Other
practical magic,1998,2995.0,501.0,5.0,2.0,0.8566933638443935,0.1433066361556064,0.7142857142857143,0.2857142857142857,250.5,599.0,f,0,0,False,Other
precious,2009,17536.0,114.0,10.0,1.0,0.9935410764872521,0.0064589235127478755,0.9090909090909091,0.09090909090909091,114.0,1753.6,f,0,0,False,Other
predator,1987,132.0,2875.0,1.0,7.0,0.04389757233122714,0.9561024276687728,0.125,0.875,410.7142857142857,132.0,m,1,0,True,Other
predator 2,1990,612.0,4324.0,2.0,8.0,0.1239870340356564,0.8760129659643436,0.2,0.8,540.5,306.0,m,0,0,False,Other
predators,2010,561.0,1971.0,1.0,6.0,0.22156398104265404,0.7784360189573459,0.14285714285714285,0.8571428571428571,328.5,561.0,f,0,0,False,Other
pride  prejudice,2005,13437.0,5669.0,11.0,7.0,0.7032869255731183,0.2967130744268816,0.6111111111111112,0.3888888888888889,809.8571428571429,1221.5454545454545,f,3,0,True,Other
priest,2011,1814.0,10642.0,3.0,9.0,0.1456326268464997,0.8543673731535003,0.25,0.75,1182.4444444444443,604.6666666666666,m,0,0,False,Other
prince of darkness,1987,1436.0,4807.0,4.0,7.0,0.2300176197341022,0.7699823802658978,0.36363636363636365,0.6363636363636364,686.7142857142857,359.0,m,0,0,False,Other
prince of persia the sands of time,2010,1558.0,6119.0,1.0,7.0,0.20294385827797318,0.7970561417220269,0.125,0.875,874.1428571428571,1558.0,f,0,0,False,Other
prisoners,2013,1770.0,5415.0,6.0,5.0,0.24634655532359082,0.7536534446764092,0.5454545454545454,0.45454545454545453,1083.0,295.0,m,1,0,True,Other
private benjamin,1980,8977.0,4160.0,10.0,8.0,0.6833371393773312,0.3166628606226688,0.5555555555555556,0.4444444444444444,520.0,897.7,f,1,0,True,Other
prom night,1980,3175.0,1817.0,8.0,6.0,0.6360176282051282,0.3639823717948718,0.5714285714285714,0.42857142857142855,302.8333333333333,396.875,f,0,0,False,Other
prometheus,2012,1746.0,3490.0,2.0,5.0,0.33346065699006877,0.6665393430099312,0.2857142857142857,0.7142857142857143,698.0,873.0,f,1,0,True,Other
promised land,2012,2338.0,9364.0,2.0,9.0,0.19979490685352932,0.8002050931464707,0.18181818181818182,0.8181818181818182,1040.4444444444443,1169.0,f,0,0,False,Other
psycho,1960,2927.0,5926.0,6.0,8.0,0.33062238789111037,0.6693776121088897,0.42857142857142855,0.5714285714285714,740.75,487.8333333333333,m,3,0,True,Other
psycho ii,1983,3840.0,5997.0,4.0,7.0,0.3903629155230253,0.6096370844769747,0.36363636363636365,0.6363636363636364,856.7142857142857,960.0,f,0,0,False,Other
public enemies,2009,1132.0,6857.0,2.0,14.0,0.1416948303917887,0.8583051696082112,0.125,0.875,489.7857142857143,566.0,f,0,0,False,Other
pulp fiction,1994,2094.0,6749.0,4.0,8.0,0.23679746692298995,0.76320253307701,0.3333333333333333,0.6666666666666666,843.625,523.5,m,4,1,True,Other
punchdrunk love,2002,2853.0,4650.0,7.0,5.0,0.38024790083966414,0.6197520991603359,0.5833333333333334,0.4166666666666667,930.0,407.57142857142856,m,0,0,False,Other
purple rain,1984,1834.0,3179.0,4.0,5.0,0.36584879313784163,0.6341512068621584,0.4444444444444444,0.5555555555555556,635.8,458.5,m,1,1,True,Other
push,2009,2826.0,2098.0,4.0,5.0,0.5739236393176279,0.42607636068237204,0.4444444444444444,0.5555555555555556,419.6,706.5,f,0,0,False,Other
quantum project,2000,286.0,889.0,1.0,2.0,0.24340425531914894,0.7565957446808511,0.3333333333333333,0.6666666666666666,444.5,286.0,m,0,0,False,Other
queen of the damned,2002,5762.0,10056.0,4.0,10.0,0.36426855481097486,0.6357314451890251,0.2857142857142857,0.7142857142857143,1005.6,1440.5,f,0,0,False,Other
quills,2000,2313.0,8451.0,4.0,8.0,0.2148829431438127,0.7851170568561873,0.3333333333333333,0.6666666666666666,1056.375,578.25,m,2,0,True,Other
quiz show,1994,951.0,12142.0,3.0,12.0,0.07263423203238371,0.9273657679676163,0.2,0.8,1011.8333333333334,317.0,m,3,0,True,Other
rabid,1977,1686.0,5403.0,5.0,12.0,0.23783326280152348,0.7621667371984765,0.29411764705882354,0.7058823529411765,450.25,337.2,m,0,0,False,Other
raging bull,1980,2408.0,20040.0,2.0,10.0,0.10727013542409124,0.8927298645759087,0.16666666666666666,0.8333333333333334,2004.0,1204.0,m,5,1,True,Other
raiders of the lost ark,1981,972.0,3421.0,1.0,8.0,0.22126109720009104,0.778738902799909,0.1111111111111111,0.8888888888888888,427.625,972.0,f,9,5,True,Other
rails  ties,2007,2867.0,3517.0,7.0,5.0,0.4490914786967419,0.5509085213032582,0.5833333333333334,0.4166666666666667,703.4,409.57142857142856,m,0,0,False,Other
raising arizona,1987,1324.0,4879.0,2.0,6.0,0.21344510720619056,0.7865548927938094,0.25,0.75,813.1666666666666,662.0,m,0,0,False,Other
rambo first blood part ii,1985,440.0,3767.0,1.0,8.0,0.10458759210839078,0.8954124078916093,0.1111111111111111,0.8888888888888888,470.875,440.0,m,1,0,True,Other
rampart,2011,2365.0,6483.0,9.0,8.0,0.26729204339963836,0.7327079566003617,0.5294117647058824,0.47058823529411764,810.375,262.77777777777777,m,0,0,False,Other
ransom,1996,489.0,3989.0,2.0,6.0,0.1092005359535507,0.8907994640464493,0.25,0.75,664.8333333333334,244.5,m,0,0,False,Other
ratatouille,2007,1054.0,7243.0,1.0,11.0,0.12703386766301072,0.8729661323369893,0.08333333333333333,0.9166666666666666,658.4545454545455,1054.0,f,5,1,True,Other
ravenous,1999,0.0,4410.0,0.0,8.0,0.0,1.0,0.0,1.0,551.25,0.0,m,0,0,False,Other
real genius,1985,1297.0,6688.0,3.0,7.0,0.16242955541640577,0.8375704445835942,0.3,0.7,955.4285714285714,432.3333333333333,m,0,0,False,Other
rear window,1954,8528.0,12952.0,2.0,3.0,0.3970204841713222,0.6029795158286778,0.4,0.6,4317.333333333333,4264.0,m,4,0,True,Other
reasonable doubt,2014,1338.0,5962.0,4.0,8.0,0.1832876712328767,0.8167123287671233,0.3333333333333333,0.6666666666666666,745.25,334.5,m,0,0,False,Other
red dragon,2002,1074.0,3217.0,2.0,7.0,0.25029130738755534,0.7497086926124447,0.2222222222222222,0.7777777777777778,459.57142857142856,537.0,f,0,0,False,Other
red heat,1988,570.0,8233.0,1.0,8.0,0.06475065318641372,0.9352493468135863,0.1111111111111111,0.8888888888888888,1029.125,570.0,m,0,0,False,Other
red lights,2012,3251.0,6998.0,5.0,8.0,0.31720167821250855,0.6827983217874914,0.38461538461538464,0.6153846153846154,874.75,650.2,m,0,0,False,Other
red planet,2000,2168.0,12584.0,1.0,11.0,0.14696312364425163,0.8530368763557483,0.08333333333333333,0.9166666666666666,1144.0,2168.0,f,0,0,False,Other
red riding hood,2011,9922.0,8890.0,10.0,11.0,0.5274293004465235,0.4725706995534765,0.47619047619047616,0.5238095238095238,808.1818181818181,992.2,f,0,0,False,Other
red rock west,1993,900.0,2481.0,1.0,4.0,0.26619343389529726,0.7338065661047027,0.2,0.8,620.25,900.0,f,0,0,False,Other
redbelt,2008,1388.0,5012.0,2.0,12.0,0.216875,0.783125,0.14285714285714285,0.8571428571428571,417.6666666666667,694.0,f,0,0,False,Other
reindeer games,2000,3942.0,18934.0,2.0,7.0,0.1723203357230285,0.8276796642769715,0.2222222222222222,0.7777777777777778,2704.8571428571427,1971.0,m,0,0,False,Other
remember,2015,509.0,4134.0,3.0,9.0,0.1096273960801206,0.8903726039198794,0.25,0.75,459.3333333333333,169.66666666666666,m,0,0,False,Other
remember me,2010,3750.0,5458.0,5.0,4.0,0.407254561251086,0.5927454387489139,0.5555555555555556,0.4444444444444444,1364.5,750.0,m,0,0,False,Other
rent,2005,3014.0,5602.0,4.0,6.0,0.34981429897864436,0.6501857010213556,0.4,0.6,933.6666666666666,753.5,m,0,0,False,Other
repo man,1984,842.0,5466.0,4.0,11.0,0.13348129359543437,0.8665187064045656,0.26666666666666666,0.7333333333333333,496.90909090909093,210.5,m,0,0,False,Other
reservoir dogs,1992,0.0,19280.0,0.0,10.0,0.0,1.0,0.0,1.0,1928.0,0.0,m,0,0,False,Other
resident evil,2002,2264.0,3545.0,3.0,5.0,0.38974005852986743,0.6102599414701325,0.375,0.625,709.0,754.6666666666666,f,0,0,False,Other
resident evil retribution,2012,2622.0,2206.0,4.0,7.0,0.5430820215410108,0.45691797845898924,0.36363636363636365,0.6363636363636364,315.14285714285717,655.5,f,0,0,False,Other
return to me,2000,1748.0,3938.0,3.0,9.0,0.30742173760112557,0.6925782623988744,0.25,0.75,437.55555555555554,582.6666666666666,f,0,0,False,Other
revenge,1990,1808.0,8534.0,4.0,8.0,0.17482111777219106,0.8251788822278089,0.3333333333333333,0.6666666666666666,1066.75,452.0,m,0,0,False,Other
revolutionary road,2008,8686.0,10372.0,5.0,6.0,0.4557666071990765,0.5442333928009235,0.45454545454545453,0.5454545454545454,1728.6666666666667,1737.2,f,2,0,True,Other
ricochet,1991,1132.0,5494.0,3.0,7.0,0.1708421370359191,0.8291578629640809,0.3,0.7,784.8571428571429,377.3333333333333,m,0,0,False,Other
riddick,2013,523.0,4431.0,1.0,8.0,0.10557125555106985,0.8944287444489302,0.1111111111111111,0.8888888888888888,553.875,523.0,m,0,0,False,Other
rise of the guardians,2012,931.0,7742.0,1.0,6.0,0.10734463276836158,0.8926553672316384,0.14285714285714285,0.8571428571428571,1290.3333333333333,931.0,m,0,0,False,Other
rise of the planet of the apes,2011,1537.0,7447.0,2.0,10.0,0.17108192341941228,0.8289180765805877,0.16666666666666666,0.8333333333333334,744.7,768.5,f,1,0,True,Other
risky business,1983,1701.0,4847.0,3.0,7.0,0.25977397678680514,0.7402260232131949,0.3,0.7,692.4285714285714,567.0,m,0,0,False,Other
rko 281,1999,2164.0,9248.0,4.0,6.0,0.18962495618647038,0.8103750438135296,0.4,0.6,1541.3333333333333,541.0,m,0,0,False,Other
robin hood prince of thieves,1991,1777.0,13923.0,3.0,15.0,0.11318471337579618,0.8868152866242038,0.16666666666666666,0.8333333333333334,928.2,592.3333333333334,m,1,0,True,Other
rock of ages,2012,778.0,3054.0,3.0,6.0,0.20302713987473903,0.7969728601252609,0.3333333333333333,0.6666666666666666,509.0,259.3333333333333,m,0,0,False,Other
rocknrolla,2008,585.0,8530.0,1.0,17.0,0.0641799232035107,0.9358200767964893,0.05555555555555555,0.9444444444444444,501.7647058823529,585.0,f,0,0,False,Other
rocky,1976,590.0,8233.0,1.0,13.0,0.06687067890740112,0.9331293210925989,0.07142857142857142,0.9285714285714286,633.3076923076923,590.0,m,6,3,True,Other
rocky balboa,2006,307.0,9315.0,1.0,17.0,0.03190604863853669,0.9680939513614634,0.05555555555555555,0.9444444444444444,547.9411764705883,307.0,m,0,0,False,Other
rocky ii,1979,359.0,4884.0,1.0,7.0,0.06847224871256914,0.9315277512874308,0.125,0.875,697.7142857142857,359.0,m,0,0,False,Other
rocky iii,1982,296.0,9653.0,1.0,13.0,0.029751733842597244,0.9702482661574028,0.07142857142857142,0.9285714285714286,742.5384615384615,296.0,m,1,0,True,Other
rocky v,1990,147.0,2509.0,1.0,5.0,0.055346385542168676,0.9446536144578314,0.16666666666666666,0.8333333333333334,501.8,147.0,m,0,0,False,Other
rolling thunder,1977,2283.0,6329.0,5.0,9.0,0.2650952159777055,0.7349047840222944,0.35714285714285715,0.6428571428571429,703.2222222222222,456.6,m,0,0,False,Other
romeo  juliet,1996,3172.0,6402.0,3.0,11.0,0.331313975349906,0.668686024650094,0.21428571428571427,0.7857142857142857,582.0,1057.3333333333333,f,0,0,False,Other
romeo  juliet,2013,2245.0,4269.0,3.0,9.0,0.3446423088731962,0.6553576911268038,0.25,0.75,474.3333333333333,748.3333333333334,f,0,0,False,Other
ronin,1998,1221.0,5746.0,1.0,6.0,0.1752547724989235,0.8247452275010765,0.14285714285714285,0.8571428571428571,957.6666666666666,1221.0,f,0,0,False,Other
room,2015,4958.0,3154.0,4.0,6.0,0.6111932938856016,0.38880670611439844,0.4,0.6,525.6666666666666,1239.5,f,3,0,True,Other
roughshod,1949,3353.0,4719.0,4.0,6.0,0.41538652130822595,0.584613478691774,0.4,0.6,786.5,838.25,f,0,0,False,Other
rounders,1998,475.0,5281.0,2.0,6.0,0.0825225851285615,0.9174774148714385,0.25,0.75,880.1666666666666,237.5,m,0,0,False,Other
run all night,2015,787.0,6676.0,4.0,7.0,0.1054535709500201,0.8945464290499799,0.36363636363636365,0.6363636363636364,953.7142857142857,196.75,m,0,0,False,Other
runaway bride,1999,11288.0,10506.0,9.0,7.0,0.5179407176287052,0.48205928237129486,0.5625,0.4375,1500.857142857143,1254.2222222222222,m,0,0,False,Other
runner runner,2013,0.0,9999.0,0.0,11.0,0.0,1.0,0.0,1.0,909.0,0.0,m,0,0,False,Other
running scared,1986,639.0,9430.0,2.0,10.0,0.06346211143112523,0.9365378885688748,0.16666666666666666,0.8333333333333334,943.0,319.5,m,0,0,False,Other
rush,2013,999.0,8378.0,3.0,11.0,0.10653727204862963,0.8934627279513704,0.21428571428571427,0.7857142857142857,761.6363636363636,333.0,m,0,0,False,Other
rush hour,1998,467.0,7612.0,1.0,8.0,0.05780418368609976,0.9421958163139003,0.1111111111111111,0.8888888888888888,951.5,467.0,m,0,0,False,Other
rush hour 2,2001,1626.0,14986.0,3.0,6.0,0.09788104984348664,0.9021189501565133,0.3333333333333333,0.6666666666666666,2497.6666666666665,542.0,m,0,0,False,Other
rushmore,1998,1060.0,4343.0,2.0,5.0,0.19618730334999074,0.8038126966500092,0.2857142857142857,0.7142857142857143,868.6,530.0,m,0,0,False,Other
rust and bone,2012,6135.0,7407.0,3.0,7.0,0.4530350022153301,0.5469649977846699,0.3,0.7,1058.142857142857,2045.0,f,0,0,False,Other
s darko,2009,2358.0,2240.0,3.0,6.0,0.5128316659417138,0.4871683340582862,0.3333333333333333,0.6666666666666666,373.3333333333333,786.0,f,0,0,False,Other
s1m0ne,2002,9172.0,16564.0,7.0,12.0,0.3563879390736711,0.6436120609263288,0.3684210526315789,0.631578947368421,1380.3333333333333,1310.2857142857142,m,0,0,False,Other
sabotage,2014,3136.0,4623.0,2.0,9.0,0.40417579584998065,0.5958242041500194,0.18181818181818182,0.8181818181818182,513.6666666666666,1568.0,f,0,0,False,Other
safe house,2012,445.0,5146.0,2.0,6.0,0.07959220175281703,0.920407798247183,0.25,0.75,857.6666666666666,222.5,m,0,0,False,Other
safety not guaranteed,2012,2704.0,5061.0,4.0,6.0,0.34822923374114617,0.6517707662588539,0.4,0.6,843.5,676.0,m,0,0,False,Other
salt,2010,1802.0,3929.0,1.0,5.0,0.3144302913976618,0.6855697086023381,0.16666666666666666,0.8333333333333334,785.8,1802.0,f,1,0,True,Other
salt of the earth,1954,4006.0,4495.0,5.0,13.0,0.47123867780261147,0.5287613221973886,0.2777777777777778,0.7222222222222222,345.7692307692308,801.2,f,0,0,False,Other
san andreas,2015,1036.0,4322.0,2.0,7.0,0.19335572974990667,0.8066442702500933,0.2222222222222222,0.7777777777777778,617.4285714285714,518.0,m,0,0,False,Other
sance,2006,4043.0,2828.0,3.0,3.0,0.5884150778634842,0.4115849221365158,0.5,0.5,942.6666666666666,1347.6666666666667,f,0,0,False,Other
sasquatch mountain,2006,1806.0,4543.0,5.0,9.0,0.2844542447629548,0.7155457552370452,0.35714285714285715,0.6428571428571429,504.77777777777777,361.2,m,0,0,False,Other
save the last dance,2001,4047.0,4318.0,5.0,5.0,0.48380155409444114,0.5161984459055589,0.5,0.5,863.6,809.4,m,0,0,False,Other
saving mr banks,2013,10476.0,6893.0,5.0,7.0,0.6031435315792504,0.3968564684207496,0.4166666666666667,0.5833333333333334,984.7142857142857,2095.2,f,1,0,True,Other
saving private ryan,1998,0.0,10048.0,0.0,7.0,0.0,1.0,0.0,1.0,1435.4285714285713,0.0,m,10,5,True,Other
saw,2004,2916.0,20780.0,5.0,5.0,0.12305874409182985,0.8769412559081702,0.5,0.5,4156.0,583.2,m,0,0,False,Other
saw iv,2007,825.0,4275.0,3.0,8.0,0.16176470588235295,0.8382352941176471,0.2727272727272727,0.7272727272727273,534.375,275.0,m,0,0,False,Other
say anything,1989,3079.0,5192.0,4.0,5.0,0.3722645387498489,0.6277354612501511,0.4444444444444444,0.5555555555555556,1038.4,769.75,m,0,0,False,Other
scanners,1981,532.0,4267.0,1.0,6.0,0.11085642842258804,0.889143571577412,0.14285714285714285,0.8571428571428571,711.1666666666666,532.0,m,0,0,False,Other
scarface,1983,1556.0,12307.0,2.0,13.0,0.11224121762966169,0.8877587823703383,0.13333333333333333,0.8666666666666667,946.6923076923077,778.0,m,0,0,False,Other
scary movie 2,2001,4097.0,5751.0,4.0,9.0,0.41602355808285946,0.5839764419171405,0.3076923076923077,0.6923076923076923,639.0,1024.25,f,0,0,False,Other
schindlers list,1993,0.0,5250.0,0.0,6.0,0.0,1.0,0.0,1.0,875.0,0.0,m,10,7,True,Other
school of rock,2003,1114.0,2958.0,4.0,5.0,0.2735756385068762,0.7264243614931237,0.4444444444444444,0.5555555555555556,591.6,278.5,m,0,0,False,Other
scoobydoo,2002,2224.0,6008.0,3.0,7.0,0.27016520894071916,0.7298347910592808,0.3,0.7,858.2857142857143,741.3333333333334,m,0,0,False,Other
scott pilgrim vs the world,2010,6935.0,13478.0,7.0,9.0,0.33973448292754616,0.6602655170724538,0.4375,0.5625,1497.5555555555557,990.7142857142857,m,0,0,False,Other
scream,1996,4497.0,4255.0,6.0,5.0,0.5138254113345521,0.4861745886654479,0.5454545454545454,0.45454545454545453,851.0,749.5,m,0,0,False,Other
scream 2,1997,3630.0,3424.0,8.0,7.0,0.5146016444570456,0.48539835554295435,0.5333333333333333,0.4666666666666667,489.14285714285717,453.75,m,0,0,False,Other
scream 3,2000,7720.0,7712.0,7.0,7.0,0.5002592016588906,0.4997407983411094,0.5,0.5,1101.7142857142858,1102.857142857143,f,0,0,False,Other
se7en,1995,1562.0,19074.0,1.0,14.0,0.07569296375266525,0.9243070362473348,0.06666666666666667,0.9333333333333333,1362.4285714285713,1562.0,f,0,0,False,Other
sea of love,1989,1269.0,5478.0,2.0,5.0,0.18808359270787017,0.8119164072921299,0.2857142857142857,0.7142857142857143,1095.6,634.5,m,0,0,False,Other
searching for bobby fischer,1993,1346.0,8035.0,3.0,9.0,0.14348150517002453,0.8565184948299754,0.25,0.75,892.7777777777778,448.6666666666667,m,1,0,True,Other
season of the witch,2011,997.0,6084.0,2.0,7.0,0.14079932212964272,0.8592006778703573,0.2222222222222222,0.7777777777777778,869.1428571428571,498.5,m,0,0,False,Other
second coming,2014,4464.0,2397.0,5.0,4.0,0.6506340183646698,0.3493659816353301,0.5555555555555556,0.4444444444444444,599.25,892.8,f,0,0,False,Other
secretariat,2010,4534.0,4781.0,3.0,12.0,0.48674181427804614,0.5132581857219538,0.2,0.8,398.4166666666667,1511.3333333333333,f,0,0,False,Other
seeking a friend for the end of the world,2012,2790.0,4154.0,2.0,9.0,0.4017857142857143,0.5982142857142857,0.18181818181818182,0.8181818181818182,461.55555555555554,1395.0,f,0,0,False,Other
seems like old times,1980,1095.0,5550.0,2.0,5.0,0.16478555304740405,0.835214446952596,0.2857142857142857,0.7142857142857143,1110.0,547.5,m,0,0,False,Other
selfless,2015,1164.0,3734.0,3.0,4.0,0.23764801959983667,0.7623519804001634,0.42857142857142855,0.5714285714285714,933.5,388.0,m,0,0,False,Other
selma,2014,1363.0,12101.0,3.0,19.0,0.101232917409388,0.898767082590612,0.13636363636363635,0.8636363636363636,636.8947368421053,454.3333333333333,m,2,1,True,Other
semipro,2008,959.0,8392.0,3.0,8.0,0.10255587637685809,0.897444123623142,0.2727272727272727,0.7272727272727273,1049.0,319.6666666666667,m,0,0,False,Other
sense and sensibility,1995,23922.0,9614.0,9.0,7.0,0.7133229961832062,0.2866770038167939,0.5625,0.4375,1373.4285714285713,2658.0,f,5,1,True,Other
serendipity,2001,4173.0,4627.0,3.0,3.0,0.47420454545454543,0.5257954545454545,0.5,0.5,1542.3333333333333,1391.0,m,0,0,False,Other
serenity,2005,8102.0,20962.0,6.0,10.0,0.2787641067987889,0.7212358932012112,0.375,0.625,2096.2,1350.3333333333333,m,0,0,False,Other
serial mom,1994,2500.0,2028.0,6.0,8.0,0.5521201413427562,0.44787985865724383,0.42857142857142855,0.5714285714285714,253.5,416.6666666666667,f,0,0,False,Other
serpico,1973,769.0,6628.0,2.0,13.0,0.10396106529674193,0.8960389347032581,0.13333333333333333,0.8666666666666667,509.84615384615387,384.5,m,1,0,True,Other
seven days to live,2000,3375.0,3993.0,4.0,5.0,0.4580618892508143,0.5419381107491856,0.4444444444444444,0.5555555555555556,798.6,843.75,f,0,0,False,Other
seven psychopaths,2012,634.0,10714.0,2.0,9.0,0.055868875572788156,0.9441311244272118,0.18181818181818182,0.8181818181818182,1190.4444444444443,317.0,m,0,0,False,Other
seven samurai,1954,112.0,5305.0,1.0,11.0,0.020675650729185896,0.9793243492708141,0.08333333333333333,0.9166666666666666,482.27272727272725,112.0,m,0,0,False,Other
sex and the city,2008,25184.0,5142.0,10.0,7.0,0.8304425245663787,0.16955747543362132,0.5882352941176471,0.4117647058823529,734.5714285714286,2518.4,f,0,0,False,Other
sex lies and videotape,1989,13272.0,10480.0,2.0,2.0,0.5587739979791175,0.44122600202088247,0.5,0.5,5240.0,6636.0,f,1,0,True,Other
sexual life,2005,10116.0,7950.0,7.0,9.0,0.5599468615078047,0.4400531384921953,0.4375,0.5625,883.3333333333334,1445.142857142857,f,0,0,False,Other
shadow of the vampire,2000,1300.0,10069.0,2.0,8.0,0.11434602867446565,0.8856539713255344,0.2,0.8,1258.625,650.0,m,1,0,True,Other
shakespeare in love,1998,4664.0,13924.0,5.0,13.0,0.25091456853884225,0.7490854314611577,0.2777777777777778,0.7222222222222222,1071.076923076923,932.8,m,10,5,True,Other
shallow grave,1994,2012.0,9128.0,1.0,6.0,0.18061041292639138,0.8193895870736086,0.14285714285714285,0.8571428571428571,1521.3333333333333,2012.0,f,0,0,False,Other
shame,2011,1937.0,4311.0,3.0,3.0,0.31001920614596673,0.6899807938540333,0.5,0.5,1437.0,645.6666666666666,m,0,0,False,Other
shampoo,1975,9828.0,14924.0,5.0,9.0,0.39705882352941174,0.6029411764705882,0.35714285714285715,0.6428571428571429,1658.2222222222222,1965.6,f,2,0,True,Other
shark night 3d,2011,1745.0,4105.0,3.0,7.0,0.2982905982905983,0.7017094017094017,0.3,0.7,586.4285714285714,581.6666666666666,m,0,0,False,Other
shaun of the dead,2004,2717.0,6908.0,4.0,6.0,0.2822857142857143,0.7177142857142857,0.4,0.6,1151.3333333333333,679.25,m,0,0,False,Other
she wore a yellow ribbon,1949,800.0,4958.0,2.0,6.0,0.13893713094824592,0.8610628690517541,0.25,0.75,826.3333333333334,400.0,m,1,1,True,Other
sherlock holmes,2009,1200.0,8622.0,2.0,6.0,0.12217470983506414,0.8778252901649358,0.25,0.75,1437.0,600.0,m,2,0,True,Other
shes out of my league,2010,2996.0,6742.0,4.0,8.0,0.3076607106181968,0.6923392893818032,0.3333333333333333,0.6666666666666666,842.75,749.0,m,0,0,False,Other
shifty,2008,713.0,6508.0,2.0,7.0,0.09873978673313945,0.9012602132668606,0.2222222222222222,0.7777777777777778,929.7142857142857,356.5,m,0,0,False,Other
shivers,1975,1188.0,2851.0,4.0,5.0,0.2941322109433028,0.7058677890566972,0.4444444444444444,0.5555555555555556,570.2,297.0,m,0,0,False,Other
shoot the moon,1982,5640.0,3359.0,6.0,5.0,0.6267363040337816,0.37326369596621845,0.5454545454545454,0.45454545454545453,671.8,940.0,f,0,0,False,Other
shopgirl,2005,3308.0,3087.0,3.0,3.0,0.5172791243158718,0.48272087568412825,0.5,0.5,1029.0,1102.6666666666667,f,0,0,False,Other
short term 12,2013,3458.0,3904.0,3.0,5.0,0.46970931812007605,0.5302906818799239,0.375,0.625,780.8,1152.6666666666667,f,0,0,False,Other
shortcut to happiness,2003,3365.0,9258.0,3.0,6.0,0.2665768834666878,0.7334231165333122,0.3333333333333333,0.6666666666666666,1543.0,1121.6666666666667,m,0,0,False,Other
showgirls,1995,7027.0,4054.0,9.0,7.0,0.6341485425503114,0.36585145744968867,0.5625,0.4375,579.1428571428571,780.7777777777778,f,0,0,False,Other
shrek,2001,3288.0,17246.0,1.0,5.0,0.1601246712769066,0.8398753287230935,0.16666666666666666,0.8333333333333334,3449.2,3288.0,m,2,1,True,Other
shrek 2,2004,890.0,2574.0,3.0,5.0,0.2569284064665127,0.7430715935334873,0.375,0.625,514.8,296.6666666666667,m,2,0,True,Other
shrek the third,2007,1141.0,7511.0,3.0,9.0,0.13187702265372167,0.8681229773462783,0.25,0.75,834.5555555555555,380.3333333333333,m,0,0,False,Other
sicario,2015,1438.0,5456.0,1.0,9.0,0.20858717725558457,0.7914128227444154,0.1,0.9,606.2222222222222,1438.0,f,3,0,True,Other
sideways,2004,4958.0,22344.0,6.0,5.0,0.18159841769833712,0.8184015823016629,0.5454545454545454,0.45454545454545453,4468.8,826.3333333333334,m,3,1,True,Other
signs,2002,1070.0,4359.0,2.0,4.0,0.19708970344446491,0.8029102965555351,0.3333333333333333,0.6666666666666666,1089.75,535.0,m,0,0,False,Other
silent hill,2006,3109.0,652.0,4.0,2.0,0.8266418505716565,0.17335814942834352,0.6666666666666666,0.3333333333333333,326.0,777.25,f,0,0,False,Other
silver bullet,1985,860.0,3274.0,3.0,6.0,0.2080309627479439,0.7919690372520561,0.3333333333333333,0.6666666666666666,545.6666666666666,286.6666666666667,m,0,0,False,Other
silver streak,1976,1734.0,8176.0,2.0,9.0,0.1749747729566095,0.8250252270433905,0.18181818181818182,0.8181818181818182,908.4444444444445,867.0,m,1,0,True,Other
silverado,1985,1116.0,6835.0,4.0,13.0,0.14035970318198968,0.8596402968180104,0.23529411764705882,0.7647058823529411,525.7692307692307,279.0,m,2,0,True,Other
sin nombre,2009,1104.0,2553.0,3.0,7.0,0.3018867924528302,0.6981132075471698,0.3,0.7,364.7142857142857,368.0,f,0,0,False,Other
single white female,1992,6409.0,2063.0,2.0,3.0,0.7564919735599622,0.24350802644003777,0.4,0.6,687.6666666666666,3204.5,f,0,0,False,Other
sinister,2012,2246.0,5325.0,3.0,5.0,0.29665830141328753,0.7033416985867125,0.375,0.625,1065.0,748.6666666666666,m,0,0,False,Other
sister act,1992,6394.0,2234.0,6.0,5.0,0.7410755679184052,0.2589244320815948,0.5454545454545454,0.45454545454545453,446.8,1065.6666666666667,f,0,0,False,Other
sixteen candles,1984,2583.0,2668.0,6.0,6.0,0.49190630356122644,0.5080936964387736,0.5,0.5,444.6666666666667,430.5,m,0,0,False,Other
slash,2002,1412.0,4824.0,3.0,9.0,0.22642719692110327,0.7735728030788968,0.25,0.75,536.0,470.6666666666667,m,0,0,False,Other
sleeping beauty,1959,3539.0,1570.0,5.0,4.0,0.6926991583480133,0.3073008416519867,0.5555555555555556,0.4444444444444444,392.5,707.8,f,1,0,True,Other
sleeping beauty,2011,1603.0,1493.0,3.0,4.0,0.5177648578811369,0.48223514211886304,0.42857142857142855,0.5714285714285714,373.25,534.3333333333334,f,0,0,False,Other
sleepless in seattle,1993,5438.0,5073.0,7.0,5.0,0.517362762819903,0.48263723718009705,0.5833333333333334,0.4166666666666667,1014.6,776.8571428571429,m,2,0,True,Other
sleepy hollow,1999,3058.0,10422.0,2.0,8.0,0.2268545994065282,0.7731454005934718,0.2,0.8,1302.75,1529.0,f,3,1,True,Other
sling blade,1996,4176.0,24964.0,6.0,15.0,0.14330816746739877,0.8566918325326013,0.2857142857142857,0.7142857142857143,1664.2666666666667,696.0,m,1,1,True,Other
slither,2006,4488.0,4592.0,5.0,4.0,0.49427312775330395,0.505726872246696,0.5555555555555556,0.4444444444444444,1148.0,897.6,m,0,0,False,Other
slow west,2015,0.0,1707.0,0.0,5.0,0.0,1.0,0.0,1.0,341.4,0.0,m,0,0,False,Other
slumdog millionaire,2008,1242.0,16392.0,3.0,11.0,0.07043211976862879,0.9295678802313713,0.21428571428571427,0.7857142857142857,1490.1818181818182,414.0,m,10,8,True,Other
smashed,2012,5010.0,3115.0,5.0,3.0,0.6166153846153846,0.3833846153846154,0.625,0.375,1038.3333333333333,1002.0,m,0,0,False,Other
smoke,1995,1997.0,13273.0,4.0,10.0,0.13077930582842173,0.8692206941715782,0.2857142857142857,0.7142857142857143,1327.3,499.25,m,0,0,False,Other
smokey and the bandit,1977,1176.0,4172.0,1.0,6.0,0.2198952879581152,0.7801047120418848,0.14285714285714285,0.8571428571428571,695.3333333333334,1176.0,f,1,0,True,Other
smokin aces,2006,2051.0,8038.0,4.0,16.0,0.20329071265734958,0.7967092873426505,0.2,0.8,502.375,512.75,f,0,0,False,Other
snake eyes,1998,1695.0,10816.0,2.0,12.0,0.13548077691631363,0.8645192230836863,0.14285714285714285,0.8571428571428571,901.3333333333334,847.5,m,0,0,False,Other
snatch,2000,249.0,13373.0,2.0,17.0,0.018279254147702248,0.9817207458522977,0.10526315789473684,0.8947368421052632,786.6470588235294,124.5,m,0,0,False,Other
sneakers,1992,850.0,8619.0,2.0,13.0,0.08976660682226212,0.9102333931777379,0.13333333333333333,0.8666666666666667,663.0,425.0,m,0,0,False,Other
snow angels,2007,4526.0,4701.0,6.0,7.0,0.4905169610924461,0.5094830389075539,0.46153846153846156,0.5384615384615384,671.5714285714286,754.3333333333334,f,0,0,False,Other
snow falling on cedars,1999,1972.0,8438.0,4.0,11.0,0.189433237271854,0.810566762728146,0.26666666666666666,0.7333333333333333,767.0909090909091,493.0,m,1,0,True,Other
snow white and the huntsman,2012,6169.0,9546.0,7.0,15.0,0.39255488386891507,0.607445116131085,0.3181818181818182,0.6818181818181818,636.4,881.2857142857143,f,2,0,True,Other
snowpiercer,2013,1438.0,4921.0,4.0,6.0,0.22613618493473817,0.7738638150652618,0.4,0.6,820.1666666666666,359.5,m,0,0,False,Other
so i married an axe murderer,1993,2954.0,5155.0,4.0,3.0,0.36428659514120115,0.6357134048587989,0.5714285714285714,0.42857142857142855,1718.3333333333333,738.5,m,0,0,False,Other
solaris,2002,2274.0,3797.0,2.0,3.0,0.3745676165376379,0.6254323834623621,0.4,0.6,1265.6666666666667,1137.0,m,0,0,False,Other
soldier,1998,3330.0,6398.0,4.0,9.0,0.3423108552631579,0.6576891447368421,0.3076923076923077,0.6923076923076923,710.8888888888889,832.5,f,0,0,False,Other
solomon kane,2009,330.0,5579.0,1.0,14.0,0.05584701303096971,0.9441529869690303,0.06666666666666667,0.9333333333333333,398.5,330.0,m,0,0,False,Other
some like it hot,1959,3737.0,11215.0,4.0,11.0,0.24993311931514178,0.7500668806848582,0.26666666666666666,0.7333333333333333,1019.5454545454545,934.25,m,5,1,True,Other
someone to watch over me,1987,5248.0,9336.0,5.0,9.0,0.3598464070213933,0.6401535929786067,0.35714285714285715,0.6428571428571429,1037.3333333333333,1049.6,f,0,0,False,Other
something wicked this way comes,1983,630.0,4055.0,3.0,4.0,0.1344717182497332,0.8655282817502669,0.42857142857142855,0.5714285714285714,1013.75,210.0,m,0,0,False,Other
something wild,1986,3264.0,6022.0,2.0,4.0,0.35149687701916865,0.6485031229808313,0.3333333333333333,0.6666666666666666,1505.5,1632.0,f,0,0,False,Other
somewhere in time,1980,1795.0,5054.0,2.0,6.0,0.2620820557745656,0.7379179442254343,0.25,0.75,842.3333333333334,897.5,f,1,0,True,Other
son of saul,2015,0.0,1387.0,0.0,5.0,0.0,1.0,0.0,1.0,277.4,0.0,m,1,1,True,Other
sorority row,2009,6583.0,1993.0,7.0,5.0,0.7676072761194029,0.232392723880597,0.5833333333333334,0.4166666666666667,398.6,940.4285714285714,f,0,0,False,Other
sounder,1972,2790.0,4905.0,3.0,6.0,0.36257309941520466,0.6374269005847953,0.3333333333333333,0.6666666666666666,817.5,930.0,f,2,0,True,Other
source code,2011,6179.0,10735.0,2.0,5.0,0.36531867092349535,0.6346813290765047,0.2857142857142857,0.7142857142857143,2147.0,3089.5,f,0,0,False,Other
south park bigger longer  uncut,1999,2320.0,4128.0,7.0,10.0,0.3598014888337469,0.6401985111662531,0.4117647058823529,0.5882352941176471,412.8,331.42857142857144,m,1,0,True,Other
southland tales,2006,4825.0,5436.0,10.0,12.0,0.47022707338466035,0.5297729266153396,0.45454545454545453,0.5454545454545454,453.0,482.5,f,0,0,False,Other
southpaw,2015,2051.0,9235.0,5.0,12.0,0.18172957646641857,0.8182704235335815,0.29411764705882354,0.7058823529411765,769.5833333333334,410.2,m,0,0,False,Other
space cowboys,2000,1131.0,8317.0,1.0,10.0,0.11970787468247249,0.8802921253175275,0.09090909090909091,0.9090909090909091,831.7,1131.0,f,1,0,True,Other
space jam,1996,0.0,5257.0,0.0,16.0,0.0,1.0,0.0,1.0,328.5625,0.0,m,0,0,False,Other
spaceballs,1987,1042.0,4537.0,3.0,7.0,0.18677182290733108,0.8132281770926689,0.3,0.7,648.1428571428571,347.3333333333333,m,0,0,False,Other
spacejacked,1997,1670.0,6088.0,4.0,9.0,0.21526166537767466,0.7847383346223253,0.3076923076923077,0.6923076923076923,676.4444444444445,417.5,m,0,0,False,Other
spanglish,2004,10720.0,4585.0,8.0,4.0,0.7004246978111728,0.29957530218882716,0.6666666666666666,0.3333333333333333,1146.25,1340.0,f,0,0,False,Other
spare me,1993,1340.0,5415.0,1.0,5.0,0.19837157660991858,0.8016284233900814,0.16666666666666666,0.8333333333333334,1083.0,1340.0,f,0,0,False,Other
sparkle,2012,5326.0,4048.0,6.0,5.0,0.5681672711755921,0.43183272882440793,0.5454545454545454,0.45454545454545453,809.6,887.6666666666666,f,0,0,False,Other
spartan,2004,257.0,5904.0,2.0,9.0,0.0417140074663204,0.9582859925336796,0.18181818181818182,0.8181818181818182,656.0,128.5,m,0,0,False,Other
spawn,1997,930.0,6181.0,2.0,7.0,0.13078329348896076,0.8692167065110392,0.2222222222222222,0.7777777777777778,883.0,465.0,m,0,0,False,Other
speed racer,2008,1720.0,13103.0,5.0,19.0,0.1160358901706807,0.8839641098293193,0.20833333333333334,0.7916666666666666,689.6315789473684,344.0,m,0,0,False,Other
sphere,1998,6424.0,18450.0,3.0,5.0,0.25826163865884055,0.7417383613411594,0.375,0.625,3690.0,2141.3333333333335,m,0,0,False,Other
spiderman 2,2004,2110.0,6488.0,3.0,6.0,0.24540590835077924,0.7545940916492208,0.3333333333333333,0.6666666666666666,1081.3333333333333,703.3333333333334,m,3,1,True,Other
splinter,2008,1284.0,2585.0,3.0,2.0,0.3318686999224606,0.6681313000775394,0.6,0.4,1292.5,428.0,m,0,0,False,Other
spotlight,2015,902.0,13163.0,2.0,17.0,0.06413082118734448,0.9358691788126555,0.10526315789473684,0.8947368421052632,774.2941176470588,451.0,m,4,2,True,Other
spring breakers,2012,1185.0,734.0,4.0,2.0,0.6175091193329859,0.3824908806670141,0.6666666666666666,0.3333333333333333,367.0,296.25,m,0,0,False,Other
spy game,2001,510.0,7656.0,2.0,6.0,0.06245407788390889,0.9375459221160911,0.25,0.75,1276.0,255.0,m,0,0,False,Other
st elmos fire,1985,7372.0,9885.0,6.0,6.0,0.42718896679608276,0.5728110332039172,0.5,0.5,1647.5,1228.6666666666667,m,0,0,False,Other
st vincent,2014,1924.0,5672.0,4.0,6.0,0.253291205897841,0.7467087941021591,0.4,0.6,945.3333333333334,481.0,m,0,0,False,Other
stalag 17,1953,0.0,14048.0,0.0,14.0,0.0,1.0,0.0,1.0,1003.4285714285714,0.0,m,1,0,True,Other
stand by me,1986,0.0,8763.0,0.0,12.0,0.0,1.0,0.0,1.0,730.25,0.0,m,1,0,True,Other
star trek,2009,682.0,6582.0,3.0,13.0,0.09388766519823788,0.9061123348017621,0.1875,0.8125,506.3076923076923,227.33333333333334,m,4,1,True,Other
star trek first contact,1996,1670.0,5013.0,4.0,6.0,0.24988777495136916,0.7501122250486308,0.4,0.6,835.5,417.5,m,1,0,True,Other
star trek generations,1994,1689.0,7477.0,6.0,10.0,0.18426794675976435,0.8157320532402357,0.375,0.625,747.7,281.5,m,0,0,False,Other
star trek ii the wrath of khan,1982,2298.0,8554.0,3.0,9.0,0.21175820125322523,0.7882417987467748,0.25,0.75,950.4444444444445,766.0,m,0,0,False,Other
star trek iii the search for spock,1984,1134.0,5897.0,3.0,12.0,0.16128573460389703,0.8387142653961029,0.2,0.8,491.4166666666667,378.0,m,0,0,False,Other
star trek insurrection,1998,912.0,7891.0,2.0,10.0,0.10360104509826196,0.896398954901738,0.16666666666666666,0.8333333333333334,789.1,456.0,m,0,0,False,Other
star trek iv the voyage home,1986,1972.0,7311.0,3.0,12.0,0.21243132607993107,0.7875686739200689,0.2,0.8,609.25,657.3333333333334,f,4,0,True,Other
star trek nemesis,2002,950.0,9305.0,3.0,8.0,0.09263773768893223,0.9073622623110678,0.2727272727272727,0.7272727272727273,1163.125,316.6666666666667,m,0,0,False,Other
star trek the motion picture,1979,1491.0,7249.0,3.0,8.0,0.17059496567505722,0.8294050343249428,0.2727272727272727,0.7272727272727273,906.125,497.0,m,0,0,False,Other
star trek v the final frontier,1989,851.0,6224.0,3.0,9.0,0.1202826855123675,0.8797173144876325,0.25,0.75,691.5555555555555,283.6666666666667,m,0,0,False,Other
star trek vi the undiscovered country,1991,1714.0,7746.0,4.0,13.0,0.18118393234672303,0.818816067653277,0.23529411764705882,0.7647058823529411,595.8461538461538,428.5,m,2,0,True,Other
star wars episode i  the phantom menace,1999,1788.0,8950.0,3.0,16.0,0.16651145464704786,0.8334885453529521,0.15789473684210525,0.8421052631578947,559.375,596.0,f,0,0,False,Other
star wars episode ii  attack of the clones,2002,1273.0,6242.0,4.0,11.0,0.16939454424484365,0.8306054557551563,0.26666666666666666,0.7333333333333333,567.4545454545455,318.25,m,0,0,False,Other
star wars episode iii  revenge of the sith,2005,1688.0,12209.0,2.0,11.0,0.12146506440238901,0.878534935597611,0.15384615384615385,0.8461538461538461,1109.909090909091,844.0,m,0,0,False,Other
star wars episode iv  a new hope,1977,636.0,9406.0,1.0,14.0,0.06333399721171082,0.9366660027882892,0.06666666666666667,0.9333333333333333,671.8571428571429,636.0,m,0,0,False,Other
star wars episode v  the empire strikes back,1980,1025.0,8208.0,1.0,12.0,0.11101483808079714,0.8889851619192028,0.07692307692307693,0.9230769230769231,684.0,1025.0,f,0,0,False,Other
star wars episode vi  return of the jedi,1983,359.0,4731.0,1.0,9.0,0.07053045186640472,0.9294695481335953,0.1,0.9,525.6666666666666,359.0,m,0,0,False,Other
star wars episode vii  the force awakens,2015,1856.0,4810.0,3.0,9.0,0.2784278427842784,0.7215721572157215,0.25,0.75,534.4444444444445,618.6666666666666,f,0,0,False,Other
starred up,2013,0.0,7619.0,0.0,9.0,0.0,1.0,0.0,1.0,846.5555555555555,0.0,m,0,0,False,Other
starship troopers,1997,2299.0,6798.0,5.0,11.0,0.25272067714631197,0.747279322853688,0.3125,0.6875,618.0,459.8,m,1,0,True,Other
state and main,2000,2182.0,8601.0,4.0,13.0,0.2023555596772698,0.7976444403227302,0.23529411764705882,0.7647058823529411,661.6153846153846,545.5,m,0,0,False,Other
station west,1948,1976.0,7198.0,2.0,10.0,0.21539132330499236,0.7846086766950077,0.16666666666666666,0.8333333333333334,719.8,988.0,f,0,0,False,Other
stay,2005,1817.0,5469.0,4.0,4.0,0.24938237716167994,0.7506176228383201,0.5,0.5,1367.25,454.25,m,0,0,False,Other
stepmom,1998,25014.0,5278.0,6.0,4.0,0.8257625775782385,0.17423742242176152,0.6,0.4,1319.5,4169.0,f,0,0,False,Other
stir of echoes,1999,3153.0,7652.0,6.0,9.0,0.2918093475242943,0.7081906524757057,0.4,0.6,850.2222222222222,525.5,m,0,0,False,Other
stolen,2012,525.0,3368.0,2.0,9.0,0.1348574364243514,0.8651425635756486,0.18181818181818182,0.8181818181818182,374.22222222222223,262.5,m,0,0,False,Other
stone,2010,3236.0,6562.0,3.0,5.0,0.3302714839763217,0.6697285160236783,0.375,0.625,1312.4,1078.6666666666667,m,0,0,False,Other
storytelling,2001,3786.0,9120.0,8.0,11.0,0.29335192933519294,0.7066480706648071,0.42105263157894735,0.5789473684210527,829.0909090909091,473.25,m,0,0,False,Other
straight outta compton,2015,675.0,9855.0,1.0,9.0,0.0641025641025641,0.9358974358974359,0.1,0.9,1095.0,675.0,m,1,0,True,Other
strange days,1995,6314.0,15016.0,5.0,9.0,0.29601500234411626,0.7039849976558837,0.35714285714285715,0.6428571428571429,1668.4444444444443,1262.8,m,0,0,False,Other
stranger than fiction,2006,4471.0,5758.0,4.0,4.0,0.43709062469449605,0.562909375305504,0.5,0.5,1439.5,1117.75,m,0,0,False,Other
stranglehold,1994,658.0,4578.0,1.0,10.0,0.12566844919786097,0.8743315508021391,0.09090909090909091,0.9090909090909091,457.8,658.0,f,0,0,False,Other
straw dogs,2011,1704.0,5928.0,2.0,10.0,0.22327044025157233,0.7767295597484277,0.16666666666666666,0.8333333333333334,592.8,852.0,f,0,0,False,Other
street fighter the legend of chunli,2009,2038.0,4654.0,3.0,7.0,0.3045427375971309,0.6954572624028691,0.3,0.7,664.8571428571429,679.3333333333334,f,0,0,False,Other
street kings,2008,985.0,8659.0,2.0,9.0,0.10213604313562837,0.8978639568643716,0.18181818181818182,0.8181818181818182,962.1111111111111,492.5,m,0,0,False,Other
stuart little,1999,1256.0,4217.0,3.0,5.0,0.2294902247396309,0.7705097752603691,0.375,0.625,843.4,418.6666666666667,m,1,0,True,Other
stuart little 2,2002,1781.0,3938.0,2.0,6.0,0.31141808008393074,0.6885819199160692,0.25,0.75,656.3333333333334,890.5,f,0,0,False,Other
suburbia,1996,2274.0,9069.0,3.0,5.0,0.20047606453319228,0.7995239354668078,0.375,0.625,1813.8,758.0,m,0,0,False,Other
suffragette,2015,3791.0,2447.0,5.0,7.0,0.6077268355242065,0.3922731644757935,0.4166666666666667,0.5833333333333334,349.57142857142856,758.2,f,0,0,False,Other
sugar,2008,2944.0,12362.0,6.0,18.0,0.19234287207630996,0.80765712792369,0.25,0.75,686.7777777777778,490.6666666666667,m,0,0,False,Other
sugar  spice,2001,11672.0,2534.0,10.0,6.0,0.8216246656342391,0.17837533436576095,0.625,0.375,422.3333333333333,1167.2,f,0,0,False,Other
sullivans travels,1941,1699.0,2522.0,2.0,12.0,0.4025112532575219,0.5974887467424781,0.14285714285714285,0.8571428571428571,210.16666666666666,849.5,f,0,0,False,Other
sunset blvd,1950,5640.0,6509.0,2.0,6.0,0.46423573956704256,0.5357642604329574,0.25,0.75,1084.8333333333333,2820.0,f,7,3,True,Other
sunshine cleaning,2008,10014.0,6914.0,5.0,10.0,0.5915642722117203,0.40843572778827975,0.3333333333333333,0.6666666666666666,691.4,2002.8,f,0,0,False,Other
super,2010,2231.0,4267.0,2.0,8.0,0.3433364112034472,0.6566635887965527,0.2,0.8,533.375,1115.5,f,0,0,False,Other
super 8,2011,728.0,7773.0,2.0,11.0,0.08563698388424891,0.9143630161157511,0.15384615384615385,0.8461538461538461,706.6363636363636,364.0,m,0,0,False,Other
superbad,2007,882.0,11502.0,2.0,7.0,0.07122093023255814,0.9287790697674418,0.2222222222222222,0.7777777777777778,1643.142857142857,441.0,m,0,0,False,Other
supergirl,1984,6320.0,4782.0,6.0,4.0,0.5692667987749955,0.4307332012250045,0.6,0.4,1195.5,1053.3333333333333,m,0,0,False,Other
superman ii,1980,2624.0,3202.0,4.0,8.0,0.4503947820116718,0.5496052179883282,0.3333333333333333,0.6666666666666666,400.25,656.0,f,0,0,False,Other
superman iii,1983,2931.0,7235.0,6.0,10.0,0.28831398780247885,0.7116860121975211,0.375,0.625,723.5,488.5,m,0,0,False,Other
superman iv the quest for peace,1987,2001.0,4648.0,2.0,9.0,0.3009475109038953,0.6990524890961046,0.18181818181818182,0.8181818181818182,516.4444444444445,1000.5,f,0,0,False,Other
surrogates,2009,3215.0,9551.0,3.0,13.0,0.25184082719724266,0.7481591728027573,0.1875,0.8125,734.6923076923077,1071.6666666666667,f,0,0,False,Other
suspect zero,2004,1806.0,9236.0,4.0,6.0,0.1635573265712733,0.8364426734287267,0.4,0.6,1539.3333333333333,451.5,m,0,0,False,Other
sweeney todd the demon barber of fleet street,2007,3375.0,5275.0,4.0,7.0,0.3901734104046243,0.6098265895953757,0.36363636363636365,0.6363636363636364,753.5714285714286,843.75,f,2,1,True,Other
sweet november,2001,3408.0,5402.0,2.0,5.0,0.38683314415437003,0.61316685584563,0.2857142857142857,0.7142857142857143,1080.4,1704.0,f,0,0,False,Other
sweet smell of success,1957,2834.0,12417.0,5.0,9.0,0.18582388040128517,0.8141761195987148,0.35714285714285715,0.6428571428571429,1379.6666666666667,566.8,m,0,0,False,Other
swingers,1996,1840.0,16662.0,6.0,6.0,0.099448708247757,0.900551291752243,0.5,0.5,2777.0,306.6666666666667,m,0,0,False,Other
swordfish,2001,1004.0,5316.0,3.0,4.0,0.15886075949367087,0.8411392405063292,0.42857142857142855,0.5714285714285714,1329.0,334.6666666666667,m,0,0,False,Other
synecdoche new york,2008,6089.0,5324.0,8.0,5.0,0.5335144133882415,0.46648558661175854,0.6153846153846154,0.38461538461538464,1064.8,761.125,m,0,0,False,Other
syriana,2005,1189.0,16111.0,3.0,27.0,0.06872832369942196,0.931271676300578,0.1,0.9,596.7037037037037,396.3333333333333,m,1,0,True,Other
take shelter,2011,4046.0,7877.0,6.0,8.0,0.33934412480080517,0.6606558751991949,0.42857142857142855,0.5714285714285714,984.625,674.3333333333334,m,0,0,False,Other
take this waltz,2011,4404.0,4061.0,3.0,1.0,0.5202598936798583,0.47974010632014175,0.75,0.25,4061.0,1468.0,m,0,0,False,Other
taken,2008,1812.0,5337.0,5.0,10.0,0.25346202266051193,0.746537977339488,0.3333333333333333,0.6666666666666666,533.7,362.4,m,0,0,False,Other
taken 2,2012,1908.0,4134.0,2.0,4.0,0.3157894736842105,0.6842105263157895,0.3333333333333333,0.6666666666666666,1033.5,954.0,m,0,0,False,Other
taking lives,2004,6515.0,3368.0,4.0,4.0,0.6592127896387736,0.34078721036122633,0.5,0.5,842.0,1628.75,f,0,0,False,Other
talk to her,2002,1199.0,3001.0,4.0,3.0,0.2854761904761905,0.7145238095238096,0.5714285714285714,0.42857142857142855,1000.3333333333334,299.75,m,2,1,True,Other
tall in the saddle,1944,2173.0,6950.0,3.0,11.0,0.23818919215170448,0.7618108078482955,0.21428571428571427,0.7857142857142857,631.8181818181819,724.3333333333334,f,0,0,False,Other
talladega nights the ballad of ricky bobby,2006,1229.0,6451.0,3.0,11.0,0.16002604166666667,0.8399739583333333,0.21428571428571427,0.7857142857142857,586.4545454545455,409.6666666666667,m,0,0,False,Other
tamara,2005,3120.0,2755.0,5.0,6.0,0.531063829787234,0.46893617021276596,0.45454545454545453,0.5454545454545454,459.1666666666667,624.0,f,0,0,False,Other
tamara drewe,2010,9568.0,9021.0,10.0,5.0,0.5147130023131959,0.485286997686804,0.6666666666666666,0.3333333333333333,1804.2,956.8,m,0,0,False,Other
tarzan,1999,2384.0,2147.0,3.0,5.0,0.5261531670712867,0.4738468329287133,0.375,0.625,429.4,794.6666666666666,f,1,1,True,Other
taxi driver,1976,3620.0,13092.0,2.0,9.0,0.21661081857348014,0.7833891814265199,0.18181818181818182,0.8181818181818182,1454.6666666666667,1810.0,f,2,0,True,Other
team america world police,2004,575.0,1073.0,2.0,3.0,0.34890776699029125,0.6510922330097088,0.4,0.6,357.6666666666667,287.5,m,0,0,False,Other
ted,2012,2415.0,10277.0,4.0,9.0,0.19027734005672864,0.8097226599432713,0.3076923076923077,0.6923076923076923,1141.888888888889,603.75,m,1,0,True,Other
tender mercies,1983,3101.0,6453.0,3.0,5.0,0.3245760937827088,0.6754239062172912,0.375,0.625,1290.6,1033.6666666666667,m,4,1,True,Other
terminator 2 judgment day,1991,1331.0,3377.0,1.0,5.0,0.2827102803738318,0.7172897196261683,0.16666666666666666,0.8333333333333334,675.4,1331.0,f,6,4,True,Other
terminator genisys,2015,2204.0,6386.0,1.0,10.0,0.25657741559953434,0.7434225844004656,0.09090909090909091,0.9090909090909091,638.6,2204.0,f,0,0,False,Other
terminator salvation,2009,1661.0,2482.0,4.0,5.0,0.4009172097513879,0.5990827902486121,0.4444444444444444,0.5555555555555556,496.4,415.25,m,0,0,False,Other
terms of endearment,1983,6032.0,2080.0,5.0,7.0,0.7435897435897436,0.2564102564102564,0.4166666666666667,0.5833333333333334,297.14285714285717,1206.4,f,7,3,True,Other
testament of youth,2014,5190.0,3058.0,8.0,6.0,0.6292434529582929,0.3707565470417071,0.5714285714285714,0.42857142857142855,509.6666666666667,648.75,f,0,0,False,Other
the 40yearold virgin,2005,2624.0,6634.0,5.0,4.0,0.28343054655433136,0.7165694534456686,0.5555555555555556,0.4444444444444444,1658.5,524.8,m,0,0,False,Other
the abyss,1989,4942.0,10660.0,2.0,16.0,0.31675426227406744,0.6832457377259326,0.1111111111111111,0.8888888888888888,666.25,2471.0,f,4,1,True,Other
the addams family,1991,3689.0,2728.0,5.0,4.0,0.5748792270531401,0.4251207729468599,0.5555555555555556,0.4444444444444444,682.0,737.8,f,1,0,True,Other
the adjustment bureau,2011,3222.0,12258.0,3.0,9.0,0.20813953488372092,0.791860465116279,0.25,0.75,1362.0,1074.0,m,0,0,False,Other
the adventures of buckaroo banzai across the 8th dimension,1984,879.0,5253.0,2.0,11.0,0.14334637964774952,0.8566536203522505,0.15384615384615385,0.8461538461538461,477.54545454545456,439.5,m,0,0,False,Other
the adventures of ford fairlane,1990,2075.0,7092.0,4.0,7.0,0.2263554052579906,0.7736445947420094,0.36363636363636365,0.6363636363636364,1013.1428571428571,518.75,m,0,0,False,Other
the adventures of priscilla queen of the desert,1994,681.0,3210.0,2.0,6.0,0.17501927525057825,0.8249807247494217,0.25,0.75,535.0,340.5,m,1,1,True,Other
the adventures of tintin,2011,0.0,5631.0,0.0,9.0,0.0,1.0,0.0,1.0,625.6666666666666,0.0,m,1,0,True,Other
the american,2010,1419.0,3193.0,2.0,3.0,0.30767562879444926,0.6923243712055508,0.4,0.6,1064.3333333333333,709.5,m,0,0,False,Other
the american president,1995,12002.0,23202.0,8.0,11.0,0.34092716736734463,0.6590728326326554,0.42105263157894735,0.5789473684210527,2109.2727272727275,1500.25,m,1,0,True,Other
the amityville asylum,2013,5009.0,5769.0,6.0,7.0,0.46474299498979404,0.535257005010206,0.46153846153846156,0.5384615384615384,824.1428571428571,834.8333333333334,f,0,0,False,Other
the anniversary party,2001,6574.0,5352.0,8.0,6.0,0.5512326010397451,0.4487673989602549,0.5714285714285714,0.42857142857142855,892.0,821.75,m,0,0,False,Other
the apartment,1960,8562.0,22904.0,7.0,8.0,0.27210322252590097,0.727896777474099,0.4666666666666667,0.5333333333333333,2863.0,1223.142857142857,m,7,5,True,Other
the assassination of jesse james by the coward robert ford,2007,2113.0,7728.0,3.0,10.0,0.2147139518341632,0.7852860481658368,0.23076923076923078,0.7692307692307693,772.8,704.3333333333334,m,1,0,True,Other
the assignment,1997,1141.0,8977.0,3.0,7.0,0.11276932200039534,0.8872306779996046,0.3,0.7,1282.4285714285713,380.3333333333333,m,0,0,False,Other
the ateam,2010,529.0,7190.0,2.0,8.0,0.06853219328928618,0.9314678067107138,0.2,0.8,898.75,264.5,m,0,0,False,Other
the avengers,2012,1723.0,11207.0,2.0,13.0,0.13325599381283837,0.8667440061871616,0.13333333333333333,0.8666666666666667,862.0769230769231,861.5,m,0,0,False,Other
the aviator,2004,2608.0,12159.0,4.0,11.0,0.17661000880341302,0.823389991196587,0.26666666666666666,0.7333333333333333,1105.3636363636363,652.0,m,8,4,True,Other
the babadook,2014,4675.0,1798.0,4.0,3.0,0.7222308048818168,0.2777691951181832,0.5714285714285714,0.42857142857142855,599.3333333333334,1168.75,f,0,0,False,Other
the backup plan,2010,8090.0,4246.0,7.0,3.0,0.6558041504539559,0.3441958495460441,0.7,0.3,1415.3333333333333,1155.7142857142858,m,0,0,False,Other
the battle of algiers,1966,0.0,6862.0,0.0,3.0,0.0,1.0,0.0,1.0,2287.3333333333335,0.0,m,1,0,True,Other
the beach,2000,1605.0,9204.0,2.0,8.0,0.14848737163474882,0.8515126283652512,0.2,0.8,1150.5,802.5,m,0,0,False,Other
the beaver,2011,4034.0,8738.0,3.0,5.0,0.3158471656749139,0.6841528343250861,0.375,0.625,1747.6,1344.6666666666667,m,0,0,False,Other
the believer,2001,3332.0,13512.0,5.0,17.0,0.19781524578484921,0.8021847542151508,0.22727272727272727,0.7727272727272727,794.8235294117648,666.4,m,0,0,False,Other
the best exotic marigold hotel,2011,7094.0,9259.0,6.0,7.0,0.433804194948939,0.5661958050510609,0.46153846153846156,0.5384615384615384,1322.7142857142858,1182.3333333333333,m,0,0,False,Other
the big blue,1988,5120.0,12994.0,3.0,11.0,0.282654300541018,0.717345699458982,0.21428571428571427,0.7857142857142857,1181.2727272727273,1706.6666666666667,f,0,0,False,Other
the big easy,1986,299.0,5659.0,2.0,7.0,0.05018462571332662,0.9498153742866734,0.2222222222222222,0.7777777777777778,808.4285714285714,149.5,m,0,0,False,Other
the big lebowski,1998,830.0,9740.0,1.0,9.0,0.07852412488174078,0.9214758751182592,0.1,0.9,1082.2222222222222,830.0,m,0,0,False,Other
the big short,2015,1449.0,8064.0,7.0,15.0,0.152317880794702,0.847682119205298,0.3181818181818182,0.6818181818181818,537.6,207.0,m,4,1,True,Other
the birds,1963,14284.0,7712.0,8.0,7.0,0.6493907983269686,0.35060920167303145,0.5333333333333333,0.4666666666666667,1101.7142857142858,1785.5,f,1,0,True,Other
the black cauldron,1985,1470.0,6425.0,3.0,9.0,0.1861937935402153,0.8138062064597846,0.25,0.75,713.8888888888889,490.0,m,0,0,False,Other
the black dahlia,2006,3167.0,8247.0,9.0,14.0,0.27746626949360437,0.7225337305063957,0.391304347826087,0.6086956521739131,589.0714285714286,351.8888888888889,m,1,0,True,Other
the blair witch project,1999,5168.0,4410.0,2.0,3.0,0.5395698475673418,0.46043015243265817,0.4,0.6,1470.0,2584.0,f,0,0,False,Other
the blind side,2009,7890.0,7144.0,9.0,10.0,0.5248104296926965,0.47518957030730347,0.47368421052631576,0.5263157894736842,714.4,876.6666666666666,f,1,0,True,Other
the bling ring,2013,4193.0,1582.0,7.0,3.0,0.7260606060606061,0.2739393939393939,0.7,0.3,527.3333333333334,599.0,f,0,0,False,Other
the blob,1988,1268.0,3101.0,3.0,9.0,0.29022659647516597,0.7097734035248341,0.25,0.75,344.55555555555554,422.6666666666667,f,0,0,False,Other
the body snatcher,1945,1945.0,9004.0,4.0,4.0,0.17764179377112066,0.8223582062288793,0.5,0.5,2251.0,486.25,m,0,0,False,Other
the bodyguard,1992,5086.0,8843.0,2.0,12.0,0.3651374829492426,0.6348625170507574,0.14285714285714285,0.8571428571428571,736.9166666666666,2543.0,f,2,0,True,Other
the bonfire of the vanities,1990,2844.0,11369.0,4.0,17.0,0.2000985013719834,0.7999014986280166,0.19047619047619047,0.8095238095238095,668.7647058823529,711.0,f,0,0,False,Other
the book of eli,2010,4598.0,14518.0,4.0,7.0,0.24053149194392132,0.7594685080560787,0.36363636363636365,0.6363636363636364,2074.0,1149.5,m,0,0,False,Other
the boondock saints,1999,560.0,11317.0,2.0,13.0,0.04714995369200976,0.9528500463079902,0.13333333333333333,0.8666666666666667,870.5384615384615,280.0,m,0,0,False,Other
the boondock saints ii all saints day,2009,2397.0,7359.0,1.0,19.0,0.2456949569495695,0.7543050430504306,0.05,0.95,387.3157894736842,2397.0,f,0,0,False,Other
the bounty hunter,2010,2468.0,4567.0,4.0,5.0,0.350817341862118,0.649182658137882,0.4444444444444444,0.5555555555555556,913.4,617.0,m,0,0,False,Other
the bourne identity,2002,1397.0,5041.0,1.0,12.0,0.2169928549238894,0.7830071450761106,0.07692307692307693,0.9230769230769231,420.0833333333333,1397.0,f,0,0,False,Other
the bourne supremacy,2004,4048.0,6284.0,4.0,11.0,0.39179248935346495,0.608207510646535,0.26666666666666666,0.7333333333333333,571.2727272727273,1012.0,f,0,0,False,Other
the bourne ultimatum,2007,1996.0,8494.0,2.0,9.0,0.19027645376549093,0.809723546234509,0.18181818181818182,0.8181818181818182,943.7777777777778,998.0,f,3,3,True,Other
the box,2009,5008.0,8965.0,5.0,14.0,0.35840549631432045,0.6415945036856795,0.2631578947368421,0.7368421052631579,640.3571428571429,1001.6,f,0,0,False,Other
the boxtrolls,2014,1084.0,4147.0,1.0,7.0,0.20722615178742115,0.7927738482125789,0.125,0.875,592.4285714285714,1084.0,f,1,0,True,Other
the boy next door,2015,5210.0,5256.0,4.0,5.0,0.49780240779667495,0.502197592203325,0.4444444444444444,0.5555555555555556,1051.2,1302.5,f,0,0,False,Other
the brave one,2007,2603.0,2557.0,4.0,5.0,0.5044573643410852,0.4955426356589147,0.4444444444444444,0.5555555555555556,511.4,650.75,f,0,0,False,Other
the breakfast club,1985,4276.0,13612.0,2.0,5.0,0.23904293381037567,0.7609570661896243,0.2857142857142857,0.7142857142857143,2722.4,2138.0,m,0,0,False,Other
the brothers bloom,2008,4408.0,9358.0,2.0,5.0,0.32020921109981115,0.6797907889001888,0.2857142857142857,0.7142857142857143,1871.6,2204.0,f,0,0,False,Other
the bucket list,2007,965.0,10115.0,3.0,4.0,0.08709386281588448,0.9129061371841155,0.42857142857142855,0.5714285714285714,2528.75,321.6666666666667,m,0,0,False,Other
the bunker,2001,0.0,6248.0,0.0,10.0,0.0,1.0,0.0,1.0,624.8,0.0,m,0,0,False,Other
the butterfly effect,2004,5396.0,14040.0,4.0,11.0,0.277629141798724,0.722370858201276,0.26666666666666666,0.7333333333333333,1276.3636363636363,1349.0,f,0,0,False,Other
the cabin in the woods,2012,2664.0,4339.0,4.0,5.0,0.38040839640154217,0.6195916035984578,0.4444444444444444,0.5555555555555556,867.8,666.0,m,0,0,False,Other
the cable guy,1996,969.0,8562.0,2.0,4.0,0.10166824047843878,0.8983317595215612,0.3333333333333333,0.6666666666666666,2140.5,484.5,m,0,0,False,Other
the cell,2000,4532.0,6556.0,2.0,10.0,0.4087301587301587,0.5912698412698413,0.16666666666666666,0.8333333333333334,655.6,2266.0,f,1,0,True,Other
the changeup,2011,2761.0,16287.0,6.0,5.0,0.14494960100797985,0.8550503989920202,0.5454545454545454,0.45454545454545453,3257.4,460.1666666666667,m,0,0,False,Other
the chronicles of narnia the lion the witch and the wardrobe,2005,1842.0,2805.0,4.0,8.0,0.39638476436410586,0.6036152356358941,0.3333333333333333,0.6666666666666666,350.625,460.5,f,3,1,True,Other
the cider house rules,1999,2689.0,7755.0,7.0,10.0,0.2574684029107622,0.7425315970892379,0.4117647058823529,0.5882352941176471,775.5,384.14285714285717,m,6,1,True,Other
the cincinnati kid,1965,2687.0,7762.0,3.0,9.0,0.2571537946214949,0.7428462053785051,0.25,0.75,862.4444444444445,895.6666666666666,f,0,0,False,Other
the cocoanuts,1929,1412.0,7160.0,3.0,3.0,0.16472235184321046,0.8352776481567895,0.5,0.5,2386.6666666666665,470.6666666666667,m,0,0,False,Other
the collection,2012,1172.0,3998.0,3.0,6.0,0.22669245647969052,0.7733075435203095,0.3333333333333333,0.6666666666666666,666.3333333333334,390.6666666666667,m,0,0,False,Other
the company men,2010,1120.0,5367.0,4.0,10.0,0.17265299830430092,0.8273470016956991,0.2857142857142857,0.7142857142857143,536.7,280.0,m,0,0,False,Other
the corruptor,1999,556.0,9145.0,2.0,10.0,0.057313679002164726,0.9426863209978352,0.16666666666666666,0.8333333333333334,914.5,278.0,m,0,0,False,Other
the counselor,2013,656.0,2596.0,3.0,7.0,0.2017220172201722,0.7982779827798278,0.3,0.7,370.85714285714283,218.66666666666666,m,0,0,False,Other
the craft,1996,3662.0,444.0,6.0,1.0,0.8918655625913298,0.10813443740867024,0.8571428571428571,0.14285714285714285,444.0,610.3333333333334,f,0,0,False,Other
the crazies,2010,898.0,2781.0,2.0,4.0,0.2440880674096222,0.7559119325903778,0.3333333333333333,0.6666666666666666,695.25,449.0,m,0,0,False,Other
the croods,2013,2125.0,5019.0,3.0,3.0,0.29745240761478164,0.7025475923852184,0.5,0.5,1673.0,708.3333333333334,m,1,0,True,Other
the crow,1994,1184.0,6102.0,3.0,9.0,0.16250343123799066,0.8374965687620093,0.25,0.75,678.0,394.6666666666667,m,0,0,False,Other
the crow city of angels,1996,823.0,2019.0,2.0,3.0,0.2895847994370162,0.7104152005629838,0.4,0.6,673.0,411.5,m,0,0,False,Other
the crow salvation,2000,2310.0,7734.0,4.0,9.0,0.22998805256869773,0.7700119474313023,0.3076923076923077,0.6923076923076923,859.3333333333334,577.5,m,0,0,False,Other
the crying game,1992,1520.0,13626.0,1.0,7.0,0.10035652977683877,0.8996434702231613,0.125,0.875,1946.5714285714287,1520.0,m,4,1,True,Other
the curious case of benjamin button,2008,6542.0,6402.0,8.0,10.0,0.505407911001236,0.4945920889987639,0.4444444444444444,0.5555555555555556,640.2,817.75,f,11,3,True,Other
the curse of the cat people,1944,6937.0,2802.0,7.0,2.0,0.7122907896087894,0.2877092103912106,0.7777777777777778,0.2222222222222222,1401.0,991.0,m,0,0,False,Other
the cutting edge,1992,1707.0,4186.0,2.0,7.0,0.2896657050738164,0.7103342949261836,0.2222222222222222,0.7777777777777778,598.0,853.5,f,0,0,False,Other
the damned united,2009,196.0,17770.0,1.0,13.0,0.010909495714126683,0.9890905042858733,0.07142857142857142,0.9285714285714286,1366.923076923077,196.0,m,0,0,False,Other
the darjeeling limited,2007,1093.0,6798.0,3.0,5.0,0.13851222912178432,0.8614877708782157,0.375,0.625,1359.6,364.3333333333333,m,0,0,False,Other
the dark half,1993,1623.0,8926.0,3.0,10.0,0.15385344582424873,0.8461465541757512,0.23076923076923078,0.7692307692307693,892.6,541.0,m,0,0,False,Other
the dark knight,2008,3246.0,30290.0,5.0,30.0,0.09679150763358779,0.9032084923664122,0.14285714285714285,0.8571428571428571,1009.6666666666666,649.2,m,7,1,True,Other
the dark knight rises,2012,1537.0,8682.0,2.0,12.0,0.1504061062726294,0.8495938937273706,0.14285714285714285,0.8571428571428571,723.5,768.5,f,0,0,False,Other
the day the clown cried,1972,229.0,7979.0,1.0,13.0,0.02789961013645224,0.9721003898635477,0.07142857142857142,0.9285714285714286,613.7692307692307,229.0,m,0,0,False,Other
the day the earth stood still,1951,947.0,5452.0,1.0,10.0,0.14799187373027037,0.8520081262697297,0.09090909090909091,0.9090909090909091,545.2,947.0,f,0,0,False,Other
the debt,2010,2072.0,3934.0,2.0,3.0,0.34498834498834496,0.655011655011655,0.4,0.6,1311.3333333333333,1036.0,m,0,0,False,Other
the deep end of the ocean,1999,3658.0,2553.0,6.0,4.0,0.5889550796973112,0.4110449203026888,0.6,0.4,638.25,609.6666666666666,m,0,0,False,Other
the deer hunter,1978,584.0,5192.0,2.0,9.0,0.10110803324099724,0.8988919667590027,0.18181818181818182,0.8181818181818182,576.8888888888889,292.0,m,6,4,True,Other
the departed,2006,2030.0,24518.0,1.0,16.0,0.07646527045351816,0.9235347295464819,0.058823529411764705,0.9411764705882353,1532.375,2030.0,f,4,4,True,Other
the descendants,2011,4601.0,10291.0,5.0,8.0,0.30895782970722535,0.6910421702927746,0.38461538461538464,0.6153846153846154,1286.375,920.2,m,4,1,True,Other
the descent,2005,4076.0,0.0,6.0,0.0,1.0,0.0,1.0,0.0,0.0,679.3333333333334,f,0,0,False,Other
the devil wears prada,2006,8729.0,2741.0,5.0,5.0,0.76102877070619,0.23897122929380993,0.5,0.5,548.2,1745.8,f,1,0,True,Other
the devils advocate,1997,4908.0,18188.0,6.0,11.0,0.21250432975406996,0.78749567024593,0.35294117647058826,0.6470588235294118,1653.4545454545455,818.0,m,0,0,False,Other
the devils rejects,2005,3513.0,14289.0,6.0,14.0,0.19733737782271654,0.8026626221772835,0.3,0.7,1020.6428571428571,585.5,m,0,0,False,Other
the diary of a teenage girl,2015,6739.0,2625.0,6.0,3.0,0.7196710807347287,0.28032891926527126,0.6666666666666666,0.3333333333333333,875.0,1123.1666666666667,f,0,0,False,Other
the distinguished gentleman,1992,110.0,1384.0,1.0,2.0,0.07362784471218206,0.9263721552878179,0.3333333333333333,0.6666666666666666,692.0,110.0,m,0,0,False,Other
the diving bell and the butterfly,2007,2541.0,4911.0,6.0,7.0,0.34098228663446056,0.6590177133655395,0.46153846153846156,0.5384615384615384,701.5714285714286,423.5,m,4,0,True,Other
the doom generation,1995,593.0,782.0,2.0,2.0,0.43127272727272725,0.5687272727272727,0.5,0.5,391.0,296.5,m,0,0,False,Other
the doors,1991,2080.0,10500.0,3.0,12.0,0.16534181240063592,0.834658187599364,0.2,0.8,875.0,693.3333333333334,m,0,0,False,Other
the driver,1978,194.0,4058.0,1.0,7.0,0.045625587958607716,0.9543744120413923,0.125,0.875,579.7142857142857,194.0,m,0,0,False,Other
the drop,2014,1497.0,6086.0,3.0,7.0,0.19741527100092313,0.8025847289990768,0.3,0.7,869.4285714285714,499.0,m,0,0,False,Other
the duchess,2008,4727.0,2982.0,3.0,4.0,0.6131794007004799,0.38682059929952006,0.42857142857142855,0.5714285714285714,745.5,1575.6666666666667,f,2,1,True,Other
the edge,1997,246.0,6711.0,1.0,4.0,0.03536006899525657,0.9646399310047434,0.2,0.8,1677.75,246.0,m,0,0,False,Other
the electric horseman,1979,2091.0,2866.0,2.0,6.0,0.4218277183780512,0.5781722816219488,0.25,0.75,477.6666666666667,1045.5,f,1,0,True,Other
the elephant man,1980,1310.0,4535.0,4.0,7.0,0.22412318220701455,0.7758768177929855,0.36363636363636365,0.6363636363636364,647.8571428571429,327.5,m,7,0,True,Other
the end of the tour,2015,304.0,3117.0,2.0,1.0,0.08886290558316282,0.9111370944168372,0.6666666666666666,0.3333333333333333,3117.0,152.0,m,0,0,False,Other
the english patient,1996,4584.0,14474.0,3.0,11.0,0.2405289117431,0.7594710882569,0.21428571428571427,0.7857142857142857,1315.8181818181818,1528.0,f,9,8,True,Other
the equalizer,2014,772.0,3555.0,2.0,5.0,0.17841460596256067,0.8215853940374394,0.2857142857142857,0.7142857142857143,711.0,386.0,m,0,0,False,Other
the exorcist,1973,2765.0,3607.0,3.0,8.0,0.43392969240426865,0.5660703075957313,0.2727272727272727,0.7272727272727273,450.875,921.6666666666666,f,7,2,True,Other
the expendables,2010,727.0,6963.0,2.0,11.0,0.09453836150845253,0.9054616384915475,0.15384615384615385,0.8461538461538461,633.0,363.5,m,0,0,False,Other
the expendables 2,2012,538.0,5082.0,1.0,9.0,0.09572953736654805,0.904270462633452,0.1,0.9,564.6666666666666,538.0,m,0,0,False,Other
the fabulous baker boys,1989,2807.0,10711.0,3.0,6.0,0.20764906051191004,0.79235093948809,0.3333333333333333,0.6666666666666666,1785.1666666666667,935.6666666666666,m,3,0,True,Other
the faculty,1998,4397.0,1828.0,7.0,5.0,0.7063453815261044,0.29365461847389557,0.5833333333333334,0.4166666666666667,365.6,628.1428571428571,f,0,0,False,Other
the family,2013,2329.0,8161.0,2.0,16.0,0.22202097235462345,0.7779790276453765,0.1111111111111111,0.8888888888888888,510.0625,1164.5,f,0,0,False,Other
the family man,2000,8416.0,20994.0,7.0,13.0,0.28616116967018024,0.7138388303298198,0.35,0.65,1614.923076923077,1202.2857142857142,m,0,0,False,Other
the fantastic four,1994,1941.0,7610.0,2.0,5.0,0.20322479321537013,0.7967752067846299,0.2857142857142857,0.7142857142857143,1522.0,970.5,m,0,0,False,Other
the fast and the furious,2001,699.0,5416.0,1.0,7.0,0.1143090760425184,0.8856909239574816,0.125,0.875,773.7142857142857,699.0,m,0,0,False,Other
the fault in our stars,2014,10031.0,8434.0,5.0,7.0,0.5432439750880044,0.4567560249119957,0.4166666666666667,0.5833333333333334,1204.857142857143,2006.2,f,0,0,False,Other
the fifth element,1997,379.0,6961.0,2.0,13.0,0.051634877384196184,0.9483651226158039,0.13333333333333333,0.8666666666666667,535.4615384615385,189.5,m,1,0,True,Other
the fifth estate,2013,1487.0,8702.0,3.0,9.0,0.1459417018353126,0.8540582981646874,0.25,0.75,966.8888888888889,495.6666666666667,m,0,0,False,Other
the fighter,2010,3744.0,10261.0,2.0,6.0,0.2673330953230989,0.7326669046769011,0.25,0.75,1710.1666666666667,1872.0,f,4,0,True,Other
the final girls,2015,5895.0,1988.0,7.0,4.0,0.7478117467969048,0.2521882532030953,0.6363636363636364,0.36363636363636365,497.0,842.1428571428571,f,0,0,False,Other
the fisher king,1991,2448.0,5398.0,3.0,5.0,0.31200611776701503,0.687993882232985,0.375,0.625,1079.6,816.0,m,3,0,True,Other
the flintstones,1994,1398.0,5024.0,5.0,6.0,0.21768919339769544,0.7823108066023046,0.45454545454545453,0.5454545454545454,837.3333333333334,279.6,m,0,0,False,Other
the fog,2005,3016.0,2482.0,4.0,5.0,0.5485631138595853,0.4514368861404147,0.4444444444444444,0.5555555555555556,496.4,754.0,f,0,0,False,Other
the four feathers,2002,5777.0,17643.0,2.0,11.0,0.24666951323654995,0.75333048676345,0.15384615384615385,0.8461538461538461,1603.909090909091,2888.5,f,0,0,False,Other
the fourth kind,2009,4269.0,3986.0,3.0,8.0,0.5171411265899455,0.4828588734100545,0.2727272727272727,0.7272727272727273,498.25,1423.0,f,0,0,False,Other
the french connection,1971,342.0,11700.0,1.0,13.0,0.028400597907324365,0.9715994020926756,0.07142857142857142,0.9285714285714286,900.0,342.0,m,6,4,True,Other
the frighteners,1996,1237.0,2952.0,3.0,9.0,0.2952972069706374,0.7047027930293626,0.25,0.75,328.0,412.3333333333333,f,0,0,False,Other
the fugitive,1993,1350.0,12890.0,4.0,22.0,0.09480337078651685,0.9051966292134831,0.15384615384615385,0.8461538461538461,585.9090909090909,337.5,m,6,0,True,Other
the gambler,2014,1165.0,11995.0,2.0,12.0,0.0885258358662614,0.9114741641337386,0.14285714285714285,0.8571428571428571,999.5833333333334,582.5,m,0,0,False,Other
the game,1997,2706.0,6811.0,4.0,5.0,0.2843332983082904,0.7156667016917095,0.4444444444444444,0.5555555555555556,1362.2,676.5,m,0,0,False,Other
the generals daughter,1999,2419.0,8872.0,3.0,12.0,0.21424143122841202,0.785758568771588,0.2,0.8,739.3333333333334,806.3333333333334,f,0,0,False,Other
the getaway,1972,1677.0,4064.0,2.0,7.0,0.2921093886082564,0.7078906113917436,0.2222222222222222,0.7777777777777778,580.5714285714286,838.5,f,0,0,False,Other
the ghost and the darkness,1996,390.0,9714.0,1.0,7.0,0.03859857482185273,0.9614014251781473,0.125,0.875,1387.7142857142858,390.0,m,1,1,True,Other
the girl with the dragon tattoo,2011,3713.0,8965.0,6.0,10.0,0.29286953778198455,0.7071304622180155,0.375,0.625,896.5,618.8333333333334,m,4,1,True,Other
the godfather,1972,962.0,11879.0,3.0,16.0,0.07491628377852193,0.9250837162214781,0.15789473684210525,0.8421052631578947,742.4375,320.6666666666667,m,7,2,True,Other
the godfather part ii,1974,2346.0,14788.0,5.0,17.0,0.13692074238356483,0.8630792576164351,0.22727272727272727,0.7727272727272727,869.8823529411765,469.2,m,6,5,True,Other
the good girl,2002,8864.0,6936.0,3.0,4.0,0.5610126582278481,0.4389873417721519,0.42857142857142855,0.5714285714285714,1734.0,2954.6666666666665,f,0,0,False,Other
the good shepherd,2006,780.0,9212.0,3.0,16.0,0.07806244995996797,0.921937550040032,0.15789473684210525,0.8421052631578947,575.75,260.0,m,1,0,True,Other
the goodbye girl,1977,5906.0,7320.0,5.0,2.0,0.44654468471193104,0.5534553152880689,0.7142857142857143,0.2857142857142857,3660.0,1181.2,m,2,0,True,Other
the graduate,1967,6508.0,15302.0,3.0,3.0,0.2983952315451628,0.7016047684548372,0.5,0.5,5100.666666666667,2169.3333333333335,m,4,1,True,Other
the grand budapest hotel,2014,105.0,8252.0,1.0,9.0,0.012564317338757928,0.987435682661242,0.1,0.9,916.8888888888889,105.0,m,9,4,True,Other
the grapes of wrath,1940,5346.0,18042.0,4.0,27.0,0.22857875833760902,0.771421241662391,0.12903225806451613,0.8709677419354839,668.2222222222222,1336.5,f,5,1,True,Other
the great gatsby,2013,1840.0,8662.0,4.0,5.0,0.17520472290992192,0.824795277090078,0.4444444444444444,0.5555555555555556,1732.4,460.0,m,2,2,True,Other
the great muppet caper,1981,370.0,1308.0,2.0,4.0,0.2205005959475566,0.7794994040524433,0.3333333333333333,0.6666666666666666,327.0,185.0,m,1,0,True,Other
the great outdoors,1988,1351.0,8091.0,3.0,5.0,0.14308409235331498,0.856915907646685,0.375,0.625,1618.2,450.3333333333333,m,0,0,False,Other
the green inferno,2013,2747.0,4021.0,5.0,5.0,0.4058806146572104,0.5941193853427896,0.5,0.5,804.2,549.4,m,0,0,False,Other
the green mile,1999,1095.0,11310.0,3.0,11.0,0.08827085852478839,0.9117291414752116,0.21428571428571427,0.7857142857142857,1028.1818181818182,365.0,m,3,0,True,Other
the grey,2011,0.0,6838.0,0.0,8.0,0.0,1.0,0.0,1.0,854.75,0.0,m,0,0,False,Other
the grifters,1990,8394.0,8916.0,3.0,9.0,0.48492201039861355,0.5150779896013865,0.25,0.75,990.6666666666666,2798.0,f,2,0,True,Other
the grudge,2004,3532.0,2878.0,4.0,5.0,0.5510140405616225,0.44898595943837755,0.4444444444444444,0.5555555555555556,575.6,883.0,f,0,0,False,Other
the guard,2011,698.0,9025.0,3.0,12.0,0.07178854263087524,0.9282114573691248,0.2,0.8,752.0833333333334,232.66666666666666,m,0,0,False,Other
the guest,2014,2833.0,6392.0,3.0,8.0,0.30710027100271003,0.69289972899729,0.2727272727272727,0.7272727272727273,799.0,944.3333333333334,f,0,0,False,Other
the gunman,2015,1078.0,4523.0,1.0,4.0,0.19246563113729692,0.8075343688627031,0.2,0.8,1130.75,1078.0,m,0,0,False,Other
the hand that rocks the cradle,1992,8823.0,626.0,5.0,4.0,0.9337496031326066,0.06625039686739337,0.5555555555555556,0.4444444444444444,156.5,1764.6,f,0,0,False,Other
the hangover,2009,3236.0,26538.0,5.0,8.0,0.10868543024115,0.89131456975885,0.38461538461538464,0.6153846153846154,3317.25,647.2,m,0,0,False,Other
the haunting,1999,10472.0,7832.0,5.0,5.0,0.5721153846153846,0.42788461538461536,0.5,0.5,1566.4,2094.4,f,0,0,False,Other
the hebrew hammer,2003,3370.0,10614.0,5.0,8.0,0.24098970251716248,0.7590102974828375,0.38461538461538464,0.6153846153846154,1326.75,674.0,m,0,0,False,Other
the help,2011,21540.0,1951.0,13.0,4.0,0.916946915840109,0.08305308415989102,0.7647058823529411,0.23529411764705882,487.75,1656.923076923077,f,1,0,True,Other
the hills have eyes,1977,1196.0,2520.0,3.0,4.0,0.3218514531754575,0.6781485468245425,0.42857142857142855,0.5714285714285714,630.0,398.6666666666667,m,0,0,False,Other
the hills have eyes,2006,3058.0,5837.0,4.0,5.0,0.3437886453063519,0.6562113546936481,0.4444444444444444,0.5555555555555556,1167.4,764.5,m,0,0,False,Other
the hitcher,2007,559.0,5275.0,2.0,4.0,0.09581762084333219,0.9041823791566678,0.3333333333333333,0.6666666666666666,1318.75,279.5,m,0,0,False,Other
the hitchhikers guide to the galaxy,2005,2768.0,19252.0,5.0,14.0,0.1257039055404178,0.8742960944595822,0.2631578947368421,0.7368421052631579,1375.142857142857,553.6,m,0,0,False,Other
the horse whisperer,1998,16920.0,12080.0,6.0,8.0,0.5834482758620689,0.416551724137931,0.42857142857142855,0.5714285714285714,1510.0,2820.0,f,1,0,True,Other
the hospital,1971,2566.0,7791.0,4.0,9.0,0.2477551414502269,0.7522448585497731,0.3076923076923077,0.6923076923076923,865.6666666666666,641.5,m,1,1,True,Other
the howling,1981,2693.0,3516.0,4.0,11.0,0.433725237558383,0.566274762441617,0.26666666666666666,0.7333333333333333,319.6363636363636,673.25,f,0,0,False,Other
the hudsucker proxy,1994,1963.0,7183.0,1.0,11.0,0.21462934616225673,0.7853706538377433,0.08333333333333333,0.9166666666666666,653.0,1963.0,f,0,0,False,Other
the human stain,2003,3443.0,5872.0,8.0,8.0,0.3696188942565754,0.6303811057434245,0.5,0.5,734.0,430.375,m,0,0,False,Other
the hundredfoot journey,2014,2791.0,3113.0,4.0,4.0,0.47273035230352306,0.527269647696477,0.5,0.5,778.25,697.75,m,0,0,False,Other
the hunger games,2012,3799.0,4600.0,4.0,8.0,0.4523157518752232,0.5476842481247768,0.3333333333333333,0.6666666666666666,575.0,949.75,f,0,0,False,Other
the hunt for red october,1990,0.0,12897.0,0.0,24.0,0.0,1.0,0.0,1.0,537.375,0.0,m,3,1,True,Other
the hurt locker,2008,0.0,5392.0,0.0,8.0,0.0,1.0,0.0,1.0,674.0,0.0,m,0,0,False,Other
the hustler,1961,1491.0,8093.0,1.0,6.0,0.15557178631051752,0.8444282136894825,0.14285714285714285,0.8571428571428571,1348.8333333333333,1491.0,f,5,2,True,Other
the ice storm,1997,7726.0,12622.0,7.0,11.0,0.37969333595439353,0.6203066640456064,0.3888888888888889,0.6111111111111112,1147.4545454545455,1103.7142857142858,m,0,0,False,Other
the ides of march,2011,1441.0,9172.0,3.0,7.0,0.13577687741449165,0.8642231225855084,0.3,0.7,1310.2857142857142,480.3333333333333,m,1,0,True,Other
the illusionist,2006,718.0,6624.0,1.0,5.0,0.09779351675292836,0.9022064832470716,0.16666666666666666,0.8333333333333334,1324.8,718.0,m,1,0,True,Other
the imaginarium of doctor parnassus,2009,2724.0,12290.0,3.0,9.0,0.1814306647129346,0.8185693352870654,0.25,0.75,1365.5555555555557,908.0,m,2,0,True,Other
the imitation game,2014,1836.0,8798.0,2.0,12.0,0.1726537521158548,0.8273462478841452,0.14285714285714285,0.8571428571428571,733.1666666666666,918.0,f,6,1,True,Other
the incredible hulk,2008,1752.0,3730.0,2.0,7.0,0.3195913900036483,0.6804086099963517,0.2222222222222222,0.7777777777777778,532.8571428571429,876.0,f,0,0,False,Other
the incredibles,2004,2749.0,3110.0,3.0,6.0,0.4691926949991466,0.5308073050008534,0.3333333333333333,0.6666666666666666,518.3333333333334,916.3333333333334,f,4,2,True,Other
the informant,2009,649.0,11609.0,2.0,10.0,0.05294501550008158,0.9470549844999184,0.16666666666666666,0.8333333333333334,1160.9,324.5,m,0,0,False,Other
the insider,1999,1780.0,21188.0,4.0,13.0,0.07749912922326715,0.9225008707767328,0.23529411764705882,0.7647058823529411,1629.8461538461538,445.0,m,6,0,True,Other
the invention of lying,2009,2038.0,6369.0,5.0,10.0,0.24241703342452717,0.7575829665754729,0.3333333333333333,0.6666666666666666,636.9,407.6,m,0,0,False,Other
the invisible woman,2013,2873.0,1581.0,4.0,5.0,0.6450381679389313,0.3549618320610687,0.4444444444444444,0.5555555555555556,316.2,718.25,f,1,0,True,Other
the iron giant,1999,678.0,4455.0,1.0,3.0,0.13208649912331968,0.8679135008766803,0.25,0.75,1485.0,678.0,m,0,0,False,Other
the iron lady,2011,4895.0,2075.0,4.0,6.0,0.7022955523672884,0.29770444763271164,0.4,0.6,345.8333333333333,1223.75,f,1,1,True,Other
the island,2005,1982.0,6953.0,3.0,8.0,0.22182428651371014,0.7781757134862899,0.2727272727272727,0.7272727272727273,869.125,660.6666666666666,m,0,0,False,Other
the island of dr moreau,1996,624.0,6687.0,1.0,10.0,0.0853508411981945,0.9146491588018055,0.09090909090909091,0.9090909090909091,668.7,624.0,m,0,0,False,Other
the italian job,2003,686.0,3694.0,1.0,10.0,0.15662100456621006,0.8433789954337899,0.09090909090909091,0.9090909090909091,369.4,686.0,f,0,0,False,Other
the jacket,2005,3013.0,7408.0,2.0,5.0,0.2891277228672872,0.7108722771327128,0.2857142857142857,0.7142857142857143,1481.6,1506.5,f,0,0,False,Other
the jerk,1979,1286.0,7460.0,3.0,10.0,0.14703864623828036,0.8529613537617197,0.23076923076923078,0.7692307692307693,746.0,428.6666666666667,m,0,0,False,Other
the jungle book,1967,167.0,7060.0,1.0,11.0,0.023107790231077903,0.9768922097689221,0.08333333333333333,0.9166666666666666,641.8181818181819,167.0,m,1,0,True,Other
the keep,1983,1173.0,2718.0,2.0,6.0,0.30146491904394757,0.6985350809560524,0.25,0.75,453.0,586.5,f,0,0,False,Other
the keeping room,2014,3028.0,1201.0,4.0,3.0,0.7160085126507448,0.28399148734925517,0.5714285714285714,0.42857142857142855,400.3333333333333,757.0,f,0,0,False,Other
the king of comedy,1982,2898.0,7532.0,4.0,7.0,0.2778523489932886,0.7221476510067114,0.36363636363636365,0.6363636363636364,1076.0,724.5,m,0,0,False,Other
the kingdom,2007,744.0,6071.0,2.0,10.0,0.10917094644167279,0.8908290535583272,0.16666666666666666,0.8333333333333334,607.1,372.0,m,0,0,False,Other
the kings speech,2010,1574.0,13746.0,3.0,10.0,0.10274151436031331,0.8972584856396867,0.23076923076923078,0.7692307692307693,1374.6,524.6666666666666,m,9,3,True,Other
the lady from shanghai,1947,1941.0,5747.0,2.0,6.0,0.252471383975026,0.747528616024974,0.25,0.75,957.8333333333334,970.5,f,0,0,False,Other
the lady in the van,2015,4051.0,4834.0,8.0,5.0,0.4559369724254361,0.5440630275745638,0.6153846153846154,0.38461538461538464,966.8,506.375,m,0,0,False,Other
the ladykillers,2004,2320.0,10738.0,1.0,8.0,0.17766886200030632,0.8223311379996937,0.1111111111111111,0.8888888888888888,1342.25,2320.0,f,0,0,False,Other
the last boy scout,1991,1103.0,13516.0,3.0,8.0,0.07544975716533278,0.9245502428346672,0.2727272727272727,0.7272727272727273,1689.5,367.6666666666667,m,0,0,False,Other
the last castle,2001,116.0,10298.0,1.0,15.0,0.011138851545995775,0.9888611484540042,0.0625,0.9375,686.5333333333333,116.0,m,0,0,False,Other
the last flight,1931,1912.0,5890.0,1.0,6.0,0.2450653678543963,0.7549346321456037,0.14285714285714285,0.8571428571428571,981.6666666666666,1912.0,f,0,0,False,Other
the last of the mohicans,1992,1847.0,9558.0,2.0,12.0,0.161946514686541,0.838053485313459,0.14285714285714285,0.8571428571428571,796.5,923.5,f,1,1,True,Other
the last samurai,2003,240.0,16556.0,1.0,8.0,0.01428911645629912,0.9857108835437008,0.1111111111111111,0.8888888888888888,2069.5,240.0,m,3,0,True,Other
the last temptation of christ,1988,731.0,6647.0,3.0,8.0,0.09907834101382489,0.9009216589861752,0.2727272727272727,0.7272727272727273,830.875,243.66666666666666,m,1,0,True,Other
the lazarus effect,2015,2000.0,3608.0,2.0,3.0,0.3566333808844508,0.6433666191155493,0.4,0.6,1202.6666666666667,1000.0,m,0,0,False,Other
the lego movie,2014,1631.0,8573.0,1.0,14.0,0.1598392787142297,0.8401607212857702,0.06666666666666667,0.9333333333333333,612.3571428571429,1631.0,f,1,0,True,Other
the leopard man,1943,3421.0,4785.0,8.0,4.0,0.4168900804289544,0.5831099195710456,0.6666666666666666,0.3333333333333333,1196.25,427.625,m,0,0,False,Other
the life aquatic with steve zissou,2004,1821.0,11486.0,2.0,8.0,0.13684526940707897,0.863154730592921,0.2,0.8,1435.75,910.5,m,0,0,False,Other
the life of david gale,2003,3182.0,3030.0,5.0,6.0,0.5122343850611719,0.4877656149388281,0.45454545454545453,0.5454545454545454,505.0,636.4,f,0,0,False,Other
the limey,1999,4250.0,14856.0,3.0,8.0,0.2224432115565791,0.7775567884434209,0.2727272727272727,0.7272727272727273,1857.0,1416.6666666666667,m,0,0,False,Other
the lincoln lawyer,2011,3303.0,16138.0,6.0,13.0,0.16989866776400392,0.8301013322359961,0.3157894736842105,0.6842105263157895,1241.3846153846155,550.5,m,0,0,False,Other
the lion king,1994,365.0,2397.0,2.0,8.0,0.13215061549601737,0.8678493845039826,0.2,0.8,299.625,182.5,m,4,2,True,Other
the little mermaid,1989,3456.0,8276.0,4.0,10.0,0.29457892942379815,0.7054210705762018,0.2857142857142857,0.7142857142857143,827.6,864.0,f,3,2,True,Other
the lobster,2015,5079.0,5731.0,9.0,5.0,0.46984273820536543,0.5301572617946346,0.6428571428571429,0.35714285714285715,1146.2,564.3333333333334,m,0,0,False,Other
the long goodbye,1973,278.0,7206.0,1.0,8.0,0.037145911277391766,0.9628540887226082,0.1111111111111111,0.8888888888888888,900.75,278.0,m,0,0,False,Other
the long kiss goodnight,1996,2410.0,3657.0,2.0,7.0,0.39723092137794624,0.6027690786220538,0.2222222222222222,0.7777777777777778,522.4285714285714,1205.0,f,0,0,False,Other
the lookout,2007,1193.0,10552.0,5.0,10.0,0.10157513835674756,0.8984248616432524,0.3333333333333333,0.6666666666666666,1055.2,238.6,m,0,0,False,Other
the lorax,2012,901.0,4266.0,4.0,4.0,0.1743758467195665,0.8256241532804335,0.5,0.5,1066.5,225.25,m,0,0,False,Other
the lord of the rings the fellowship of the ring,2001,1212.0,7483.0,2.0,12.0,0.13939045428407132,0.8606095457159287,0.14285714285714285,0.8571428571428571,623.5833333333334,606.0,m,12,4,True,Other
the lord of the rings the return of the king,2003,145.0,3888.0,1.0,12.0,0.03595338457723779,0.9640466154227623,0.07692307692307693,0.9230769230769231,324.0,145.0,m,11,11,True,Other
the lord of the rings the two towers,2002,206.0,5260.0,1.0,14.0,0.03768752286864252,0.9623124771313575,0.06666666666666667,0.9333333333333333,375.7142857142857,206.0,m,6,2,True,Other
the losers,2010,914.0,7537.0,1.0,7.0,0.10815288131582061,0.8918471186841794,0.125,0.875,1076.7142857142858,914.0,m,0,0,False,Other
the lost boys,1987,1733.0,5722.0,2.0,8.0,0.23246143527833668,0.7675385647216633,0.2,0.8,715.25,866.5,f,0,0,False,Other
the lost son,1999,7158.0,11597.0,7.0,11.0,0.38165822447347375,0.6183417755265262,0.3888888888888889,0.6111111111111112,1054.2727272727273,1022.5714285714286,m,0,0,False,Other
the lost weekend,1945,2643.0,7882.0,3.0,7.0,0.2511163895486936,0.7488836104513064,0.3,0.7,1126.0,881.0,m,6,3,True,Other
the lost world jurassic park,1997,1596.0,6008.0,2.0,8.0,0.20988953182535508,0.7901104681746449,0.2,0.8,751.0,798.0,f,1,0,True,Other
the lunchbox,2013,1951.0,3311.0,2.0,4.0,0.370771569745344,0.629228430254656,0.3333333333333333,0.6666666666666666,827.75,975.5,f,0,0,False,Other
the magic toyshop,1987,894.0,1769.0,2.0,2.0,0.33571160345475026,0.6642883965452497,0.5,0.5,884.5,447.0,m,0,0,False,Other
the maiden heist,2009,1086.0,7526.0,1.0,7.0,0.12610311193683232,0.8738968880631677,0.125,0.875,1075.142857142857,1086.0,f,0,0,False,Other
the majestic,2001,416.0,7211.0,2.0,13.0,0.0545430706699882,0.9454569293300118,0.13333333333333333,0.8666666666666667,554.6923076923077,208.0,m,0,0,False,Other
the man in the iron mask,1998,444.0,7473.0,2.0,9.0,0.05608184918529746,0.9439181508147025,0.18181818181818182,0.8181818181818182,830.3333333333334,222.0,m,0,0,False,Other
the man who knew too much,1956,7552.0,11898.0,5.0,12.0,0.3882776349614396,0.6117223650385604,0.29411764705882354,0.7058823529411765,991.5,1510.4,f,1,1,True,Other
the manchurian candidate,2004,1463.0,11065.0,3.0,10.0,0.11677841634738187,0.8832215836526182,0.23076923076923078,0.7692307692307693,1106.5,487.6666666666667,m,0,0,False,Other
the marrying man,1991,3609.0,11311.0,2.0,8.0,0.24189008042895443,0.7581099195710456,0.2,0.8,1413.875,1804.5,f,0,0,False,Other
the martian,2015,2864.0,7353.0,4.0,13.0,0.2803171185279436,0.7196828814720564,0.23529411764705882,0.7647058823529411,565.6153846153846,716.0,f,6,0,True,Other
the mask,1994,1583.0,4627.0,3.0,8.0,0.25491143317230275,0.7450885668276973,0.2727272727272727,0.7272727272727273,578.375,527.6666666666666,m,1,0,True,Other
the matrix,1999,1084.0,4629.0,2.0,4.0,0.18974269210572378,0.8102573078942762,0.3333333333333333,0.6666666666666666,1157.25,542.0,m,4,4,True,Other
the matrix reloaded,2003,518.0,2533.0,2.0,6.0,0.16978039986889545,0.8302196001311045,0.25,0.75,422.1666666666667,259.0,m,0,0,False,Other
the maze runner,2014,1155.0,8169.0,2.0,9.0,0.12387387387387387,0.8761261261261262,0.18181818181818182,0.8181818181818182,907.6666666666666,577.5,m,0,0,False,Other
the mechanic,2011,1164.0,7430.0,3.0,3.0,0.13544333255759833,0.8645566674424017,0.5,0.5,2476.6666666666665,388.0,m,0,0,False,Other
the men who stare at goats,2009,0.0,9387.0,0.0,8.0,0.0,1.0,0.0,1.0,1173.375,0.0,m,0,0,False,Other
the messenger,2009,966.0,5523.0,3.0,7.0,0.1488673139158576,0.8511326860841424,0.3,0.7,789.0,322.0,m,1,0,True,Other
the mirror has two faces,1996,7264.0,5758.0,4.0,4.0,0.5578252188603902,0.4421747811396099,0.5,0.5,1439.5,1816.0,f,1,0,True,Other
the mist,2007,3560.0,9211.0,5.0,13.0,0.27875655782632525,0.7212434421736748,0.2777777777777778,0.7222222222222222,708.5384615384615,712.0,f,0,0,False,Other
the mosquito coast,1986,394.0,1738.0,2.0,2.0,0.1848030018761726,0.8151969981238274,0.5,0.5,869.0,197.0,m,0,0,False,Other
the mothman prophecies,2002,2182.0,7502.0,4.0,7.0,0.22532011565468815,0.7746798843453119,0.36363636363636365,0.6363636363636364,1071.7142857142858,545.5,m,0,0,False,Other
the mummy,1999,1699.0,4727.0,1.0,10.0,0.26439464674758795,0.735605353252412,0.09090909090909091,0.9090909090909091,472.7,1699.0,f,1,0,True,Other
the mummy tomb of the dragon emperor,2008,3499.0,4660.0,4.0,4.0,0.42885157494791026,0.5711484250520897,0.5,0.5,1165.0,874.75,m,0,0,False,Other
the naked gun 2 the smell of fear,1991,917.0,4106.0,1.0,8.0,0.18256022297431815,0.8174397770256818,0.1111111111111111,0.8888888888888888,513.25,917.0,f,0,0,False,Other
the next three days,2010,1921.0,5079.0,5.0,9.0,0.2744285714285714,0.7255714285714285,0.35714285714285715,0.6428571428571429,564.3333333333334,384.2,m,0,0,False,Other
the nightmare before christmas,1993,789.0,2756.0,1.0,5.0,0.2225669957686883,0.7774330042313117,0.16666666666666666,0.8333333333333334,551.2,789.0,f,1,0,True,Other
the nines,2007,4272.0,2032.0,3.0,2.0,0.6776649746192893,0.3223350253807107,0.6,0.4,1016.0,1424.0,f,0,0,False,Other
the ninth gate,1999,1359.0,4820.0,3.0,6.0,0.21993850137562712,0.7800614986243729,0.3333333333333333,0.6666666666666666,803.3333333333334,453.0,m,0,0,False,Other
the november man,2014,1581.0,5404.0,4.0,6.0,0.22634216177523264,0.7736578382247674,0.4,0.6,900.6666666666666,395.25,m,0,0,False,Other
the number 23,2007,1687.0,5039.0,4.0,6.0,0.2508177222717812,0.7491822777282189,0.4,0.6,839.8333333333334,421.75,m,0,0,False,Other
the odd couple ii,1998,433.0,9840.0,3.0,5.0,0.04214932346928842,0.9578506765307115,0.375,0.625,1968.0,144.33333333333334,m,0,0,False,Other
the omega man,1971,2292.0,6955.0,1.0,5.0,0.24786417216394507,0.7521358278360549,0.16666666666666666,0.8333333333333334,1391.0,2292.0,f,0,0,False,Other
the other boleyn girl,2008,3541.0,3538.0,3.0,6.0,0.5002118943353581,0.4997881056646419,0.3333333333333333,0.6666666666666666,589.6666666666666,1180.3333333333333,f,0,0,False,Other
the other guys,2010,767.0,9845.0,5.0,14.0,0.07227666792310591,0.9277233320768941,0.2631578947368421,0.7368421052631579,703.2142857142857,153.4,m,0,0,False,Other
the others,2001,6261.0,854.0,4.0,3.0,0.8799718903724526,0.12002810962754744,0.5714285714285714,0.42857142857142855,284.6666666666667,1565.25,f,0,0,False,Other
the outlaw josey wales,1976,549.0,5267.0,3.0,12.0,0.09439477303988995,0.90560522696011,0.2,0.8,438.9166666666667,183.0,m,1,0,True,Other
the outsiders,1983,669.0,6918.0,1.0,9.0,0.0881771451166469,0.9118228548833531,0.1,0.9,768.6666666666666,669.0,m,0,0,False,Other
the pacifier,2005,1858.0,4341.0,4.0,5.0,0.29972576221971287,0.7002742377802872,0.4444444444444444,0.5555555555555556,868.2,464.5,m,0,0,False,Other
the parallax view,1974,922.0,5473.0,2.0,6.0,0.14417513682564503,0.8558248631743549,0.25,0.75,912.1666666666666,461.0,m,0,0,False,Other
the partners,2003,3162.0,639.0,3.0,3.0,0.8318863456985004,0.1681136543014996,0.5,0.5,213.0,1054.0,f,0,0,False,Other
the past,2013,3928.0,4856.0,4.0,4.0,0.4471766848816029,0.5528233151183971,0.5,0.5,1214.0,982.0,m,0,0,False,Other
the patriot,2000,275.0,6568.0,2.0,9.0,0.0401870524623703,0.9598129475376297,0.18181818181818182,0.8181818181818182,729.7777777777778,137.5,m,3,0,True,Other
the pelican brief,1993,3004.0,5229.0,3.0,10.0,0.36487307178428274,0.6351269282157173,0.23076923076923078,0.7692307692307693,522.9,1001.3333333333334,f,0,0,False,Other
the perks of being a wallflower,2012,2767.0,7188.0,5.0,7.0,0.2779507785032647,0.7220492214967353,0.4166666666666667,0.5833333333333334,1026.857142857143,553.4,m,0,0,False,Other
the pianist,2002,2578.0,8072.0,6.0,11.0,0.24206572769953053,0.7579342723004695,0.35294117647058826,0.6470588235294118,733.8181818181819,429.6666666666667,m,6,2,True,Other
the piano,1993,3820.0,5640.0,5.0,4.0,0.40380549682875266,0.5961945031712473,0.5555555555555556,0.4444444444444444,1410.0,764.0,m,6,1,True,Other
the place beyond the pines,2012,1860.0,9051.0,6.0,10.0,0.17047016772064888,0.8295298322793511,0.375,0.625,905.1,310.0,m,0,0,False,Other
the ploughmans lunch,1983,2956.0,6523.0,4.0,10.0,0.31184724127017616,0.6881527587298238,0.2857142857142857,0.7142857142857143,652.3,739.0,f,0,0,False,Other
the poseidon adventure,1972,1156.0,4733.0,4.0,8.0,0.19629818305314994,0.8037018169468501,0.3333333333333333,0.6666666666666666,591.625,289.0,m,8,2,True,Other
the postman,1997,2734.0,15049.0,3.0,10.0,0.15374233818815722,0.8462576618118428,0.23076923076923078,0.7692307692307693,1504.9,911.3333333333334,m,0,0,False,Other
the power of one,1992,649.0,11563.0,1.0,18.0,0.05314444808385195,0.946855551916148,0.05263157894736842,0.9473684210526315,642.3888888888889,649.0,f,0,0,False,Other
the prestige,2006,1292.0,8090.0,2.0,9.0,0.13771050948625027,0.8622894905137497,0.18181818181818182,0.8181818181818182,898.8888888888889,646.0,m,2,0,True,Other
the princess bride,1987,1173.0,9874.0,2.0,11.0,0.10618267402914819,0.8938173259708518,0.15384615384615385,0.8461538461538461,897.6363636363636,586.5,m,1,0,True,Other
the private life of sherlock holmes,1970,3802.0,20988.0,4.0,8.0,0.15336829366680113,0.8466317063331988,0.3333333333333333,0.6666666666666666,2623.5,950.5,m,0,0,False,Other
the producers,2005,956.0,16158.0,3.0,6.0,0.05586069884305247,0.9441393011569476,0.3333333333333333,0.6666666666666666,2693.0,318.6666666666667,m,0,0,False,Other
the program,1993,4194.0,21436.0,4.0,19.0,0.16363636363636364,0.8363636363636363,0.17391304347826086,0.8260869565217391,1128.2105263157894,1048.5,m,0,0,False,Other
the promotion,2008,382.0,5720.0,1.0,5.0,0.06260242543428385,0.9373975745657162,0.16666666666666666,0.8333333333333334,1144.0,382.0,m,0,0,False,Other
the prophecy,1995,2036.0,6462.0,2.0,11.0,0.23958578489056248,0.7604142151094375,0.15384615384615385,0.8461538461538461,587.4545454545455,1018.0,f,0,0,False,Other
the proposal,2009,7377.0,6460.0,5.0,4.0,0.5331357953313579,0.46686420466864204,0.5555555555555556,0.4444444444444444,1615.0,1475.4,m,0,0,False,Other
the punisher,2004,101.0,1881.0,1.0,7.0,0.05095862764883956,0.9490413723511605,0.125,0.875,268.7142857142857,101.0,m,0,0,False,Other
the queen,2006,2461.0,3096.0,3.0,5.0,0.4428648551376642,0.5571351448623358,0.375,0.625,619.2,820.3333333333334,f,5,0,True,Other
the reader,2008,4716.0,9588.0,8.0,8.0,0.3296979865771812,0.6703020134228188,0.5,0.5,1198.5,589.5,m,4,0,True,Other
the recruit,2003,728.0,5795.0,1.0,3.0,0.11160508968266135,0.8883949103173386,0.25,0.75,1931.6666666666667,728.0,m,0,0,False,Other
the ref,1994,3881.0,7152.0,5.0,8.0,0.3517628931387655,0.6482371068612345,0.38461538461538464,0.6153846153846154,894.0,776.2,m,0,0,False,Other
the relic,1997,7132.0,14106.0,4.0,15.0,0.33581316508145775,0.6641868349185422,0.21052631578947367,0.7894736842105263,940.4,1783.0,f,0,0,False,Other
the replacements,2000,540.0,4657.0,1.0,17.0,0.1039060996728882,0.8960939003271118,0.05555555555555555,0.9444444444444444,273.94117647058823,540.0,f,0,0,False,Other
the rescuers down under,1990,1012.0,10044.0,1.0,13.0,0.09153400868306802,0.908465991316932,0.07142857142857142,0.9285714285714286,772.6153846153846,1012.0,f,0,0,False,Other
the revenant,2015,0.0,5396.0,0.0,10.0,0.0,1.0,0.0,1.0,539.6,0.0,m,10,2,True,Other
the ring,2002,4150.0,2198.0,5.0,5.0,0.6537492123503466,0.34625078764965345,0.5,0.5,439.6,830.0,f,0,0,False,Other
the ringer,2005,1074.0,3920.0,1.0,10.0,0.21505806968362035,0.7849419303163797,0.09090909090909091,0.9090909090909091,392.0,1074.0,f,0,0,False,Other
the riot club,2014,1124.0,8333.0,3.0,13.0,0.1188537591202284,0.8811462408797716,0.1875,0.8125,641.0,374.6666666666667,m,0,0,False,Other
the rise and rise of michael rimmer,1970,247.0,5993.0,2.0,11.0,0.03958333333333333,0.9604166666666667,0.15384615384615385,0.8461538461538461,544.8181818181819,123.5,m,0,0,False,Other
the road,2009,911.0,14436.0,3.0,6.0,0.05936013553137421,0.9406398644686258,0.3333333333333333,0.6666666666666666,2406.0,303.6666666666667,m,0,0,False,Other
the rock,1996,301.0,7116.0,2.0,15.0,0.04058244573277606,0.959417554267224,0.11764705882352941,0.8823529411764706,474.4,150.5,m,1,0,True,Other
the rocketeer,1991,1710.0,6503.0,2.0,11.0,0.20820650188725193,0.7917934981127481,0.15384615384615385,0.8461538461538461,591.1818181818181,855.0,f,0,0,False,Other
the rocky horror picture show,1975,1168.0,3359.0,3.0,6.0,0.25800751049259996,0.7419924895074,0.3333333333333333,0.6666666666666666,559.8333333333334,389.3333333333333,m,0,0,False,Other
the roommate,2011,12294.0,1839.0,7.0,3.0,0.8698790065803439,0.13012099341965613,0.7,0.3,613.0,1756.2857142857142,f,0,0,False,Other
the rover,2014,1053.0,4603.0,2.0,8.0,0.18617397454031118,0.8138260254596889,0.2,0.8,575.375,526.5,m,0,0,False,Other
the royal tenenbaums,2001,1581.0,6016.0,2.0,8.0,0.20810846386731605,0.7918915361326839,0.2,0.8,752.0,790.5,f,1,0,True,Other
the ruins,2008,10438.0,14216.0,2.0,6.0,0.4233795732943944,0.5766204267056055,0.25,0.75,2369.3333333333335,5219.0,f,0,0,False,Other
the rules of attraction,2002,2591.0,7308.0,5.0,9.0,0.2617436104657036,0.7382563895342964,0.35714285714285715,0.6428571428571429,812.0,518.2,m,0,0,False,Other
the runaways,2010,4086.0,1686.0,7.0,1.0,0.7079002079002079,0.2920997920997921,0.875,0.125,1686.0,583.7142857142857,m,0,0,False,Other
the russell girl,2008,5801.0,3839.0,5.0,7.0,0.6017634854771784,0.39823651452282155,0.4166666666666667,0.5833333333333334,548.4285714285714,1160.2,f,0,0,False,Other
the saint,1997,1721.0,2811.0,2.0,6.0,0.3797440423654016,0.6202559576345984,0.25,0.75,468.5,860.5,f,0,0,False,Other
the salton sea,2002,763.0,5480.0,3.0,7.0,0.12221688290885792,0.8777831170911421,0.3,0.7,782.8571428571429,254.33333333333334,m,0,0,False,Other
the sandlot,1993,340.0,8976.0,1.0,13.0,0.0364963503649635,0.9635036496350365,0.07142857142857142,0.9285714285714286,690.4615384615385,340.0,m,0,0,False,Other
the searchers,1956,2630.0,13206.0,4.0,12.0,0.16607729224551654,0.8339227077544834,0.25,0.75,1100.5,657.5,m,0,0,False,Other
the secret life of walter mitty,2013,1114.0,6720.0,3.0,7.0,0.14220066377329588,0.8577993362267041,0.3,0.7,960.0,371.3333333333333,m,0,0,False,Other
the sevenpercent solution,1976,106.0,6322.0,1.0,7.0,0.016490354698195396,0.9835096453018046,0.125,0.875,903.1428571428571,106.0,m,2,0,True,Other
the seventh seal,1957,1078.0,6364.0,3.0,8.0,0.14485353399623757,0.8551464660037624,0.2727272727272727,0.7272727272727273,795.5,359.3333333333333,m,0,0,False,Other
the seventh victim,1943,5262.0,6816.0,9.0,7.0,0.4356681569796324,0.5643318430203677,0.5625,0.4375,973.7142857142857,584.6666666666666,m,0,0,False,Other
the shawshank redemption,1994,0.0,13414.0,0.0,10.0,0.0,1.0,0.0,1.0,1341.4,0.0,m,6,0,True,Other
the shining,1980,4726.0,14036.0,2.0,9.0,0.25189212237501335,0.7481078776249867,0.18181818181818182,0.8181818181818182,1559.5555555555557,2363.0,f,0,0,False,Other
the shipping news,2001,7420.0,13636.0,5.0,9.0,0.3523936170212766,0.6476063829787234,0.35714285714285715,0.6428571428571429,1515.111111111111,1484.0,m,0,0,False,Other
the siege,1998,5916.0,16788.0,2.0,11.0,0.2605708245243129,0.7394291754756871,0.15384615384615385,0.8461538461538461,1526.1818181818182,2958.0,f,0,0,False,Other
the silence of the lambs,1991,4600.0,7333.0,4.0,11.0,0.3854856280901701,0.6145143719098299,0.26666666666666666,0.7333333333333333,666.6363636363636,1150.0,f,5,3,True,Other
the sixth sense,1999,2602.0,8770.0,3.0,5.0,0.22880759760816038,0.7711924023918396,0.375,0.625,1754.0,867.3333333333334,m,4,0,True,Other
the smurfs,2011,2019.0,6491.0,3.0,7.0,0.2372502937720329,0.7627497062279671,0.3,0.7,927.2857142857143,673.0,m,0,0,False,Other
the smurfs 2,2013,1858.0,5441.0,5.0,8.0,0.25455541855048636,0.7454445814495136,0.38461538461538464,0.6153846153846154,680.125,371.6,m,0,0,False,Other
the social network,2010,1990.0,18854.0,5.0,15.0,0.09547111878718097,0.904528881212819,0.25,0.75,1256.9333333333334,398.0,m,7,3,True,Other
the sorcerers apprentice,2010,1072.0,6849.0,3.0,5.0,0.13533644741825526,0.8646635525817448,0.375,0.625,1369.8,357.3333333333333,m,0,0,False,Other
the spectacular now,2013,3338.0,7396.0,4.0,6.0,0.31097447363517794,0.6890255263648221,0.4,0.6,1232.6666666666667,834.5,m,0,0,False,Other
the squid and the whale,2005,1675.0,4021.0,3.0,3.0,0.29406601123595505,0.7059339887640449,0.5,0.5,1340.3333333333333,558.3333333333334,m,1,0,True,Other
the stepford wives,1975,7497.0,4643.0,8.0,5.0,0.6175453047775947,0.38245469522240527,0.6153846153846154,0.38461538461538464,928.6,937.125,f,0,0,False,Other
the sting,1973,216.0,6091.0,1.0,14.0,0.03424766132868241,0.9657523386713176,0.06666666666666667,0.9333333333333333,435.07142857142856,216.0,m,9,7,True,Other
the stunt man,1980,4734.0,22716.0,2.0,12.0,0.17245901639344263,0.8275409836065574,0.14285714285714285,0.8571428571428571,1893.0,2367.0,f,2,0,True,Other
the surfer king,2006,2444.0,13484.0,6.0,10.0,0.15344048216976394,0.8465595178302361,0.375,0.625,1348.4,407.3333333333333,m,0,0,False,Other
the sweet hereafter,1997,8732.0,10986.0,6.0,7.0,0.442844101835886,0.557155898164114,0.46153846153846156,0.5384615384615384,1569.4285714285713,1455.3333333333333,m,2,0,True,Other
the talented mr ripley,1999,4432.0,17732.0,4.0,8.0,0.19996390543223244,0.8000360945677676,0.3333333333333333,0.6666666666666666,2216.5,1108.0,m,4,0,True,Other
the terminator,1984,4166.0,4956.0,2.0,9.0,0.4566980925235694,0.5433019074764306,0.18181818181818182,0.8181818181818182,550.6666666666666,2083.0,f,0,0,False,Other
the texas chainsaw massacre,2003,1754.0,4431.0,4.0,9.0,0.283589329021827,0.716410670978173,0.3076923076923077,0.6923076923076923,492.3333333333333,438.5,m,0,0,False,Other
the theory of everything,2014,1806.0,4099.0,3.0,9.0,0.3058425063505504,0.6941574936494496,0.25,0.75,455.44444444444446,602.0,f,3,0,True,Other
the thin man,1934,5189.0,10488.0,4.0,7.0,0.3309944504688397,0.6690055495311603,0.36363636363636365,0.6363636363636364,1498.2857142857142,1297.25,m,3,0,True,Other
the thin red line,1998,0.0,18458.0,0.0,24.0,0.0,1.0,0.0,1.0,769.0833333333334,0.0,m,7,0,True,Other
the third man,1949,1512.0,8098.0,2.0,9.0,0.15733610822060354,0.8426638917793965,0.18181818181818182,0.8181818181818182,899.7777777777778,756.0,m,0,0,False,Other
the three musketeers,1993,1196.0,7172.0,3.0,9.0,0.14292543021032506,0.857074569789675,0.25,0.75,796.8888888888889,398.6666666666667,m,0,0,False,Other
the three stooges,2012,1383.0,5085.0,6.0,6.0,0.21382189239332097,0.786178107606679,0.5,0.5,847.5,230.5,m,0,0,False,Other
the time machine,2002,1471.0,7313.0,3.0,9.0,0.16746357012750454,0.8325364298724954,0.25,0.75,812.5555555555555,490.3333333333333,m,1,0,True,Other
the tourist,2010,999.0,3174.0,1.0,6.0,0.2393961179007908,0.7606038820992091,0.14285714285714285,0.8571428571428571,529.0,999.0,f,0,0,False,Other
the town that dreaded sundown,2014,3832.0,3715.0,6.0,14.0,0.5077514244070491,0.4922485755929508,0.3,0.7,265.35714285714283,638.6666666666666,f,0,0,False,Other
the tree of life,2011,2325.0,6315.0,1.0,5.0,0.2690972222222222,0.7309027777777778,0.16666666666666666,0.8333333333333334,1263.0,2325.0,f,3,0,True,Other
the truman show,1998,670.0,4526.0,2.0,4.0,0.12894534257120863,0.8710546574287914,0.3333333333333333,0.6666666666666666,1131.5,335.0,m,2,0,True,Other
the twilight saga eclipse,2010,957.0,1411.0,2.0,4.0,0.4041385135135135,0.5958614864864865,0.3333333333333333,0.6666666666666666,352.75,478.5,f,0,0,False,Other
the twilight saga new moon,2009,8778.0,9276.0,7.0,10.0,0.48620804253904953,0.5137919574609505,0.4117647058823529,0.5882352941176471,927.6,1254.0,f,0,0,False,Other
the ugly truth,2009,6033.0,7968.0,4.0,8.0,0.43089779301478465,0.5691022069852153,0.3333333333333333,0.6666666666666666,996.0,1508.25,f,0,0,False,Other
the usual suspects,1995,325.0,11428.0,1.0,11.0,0.027652514251680423,0.9723474857483195,0.08333333333333333,0.9166666666666666,1038.909090909091,325.0,m,1,1,True,Other
the utah murder project,2006,3924.0,7542.0,5.0,8.0,0.34222919937205654,0.6577708006279435,0.38461538461538464,0.6153846153846154,942.75,784.8,m,0,0,False,Other
the verdict,1982,1376.0,19654.0,2.0,9.0,0.0654303376129339,0.9345696623870661,0.18181818181818182,0.8181818181818182,2183.777777777778,688.0,m,3,0,True,Other
the village,2004,2219.0,1447.0,4.0,4.0,0.605291871249318,0.39470812875068195,0.5,0.5,361.75,554.75,f,1,0,True,Other
the visitor,2007,5084.0,11442.0,4.0,8.0,0.30763645165194237,0.6923635483480576,0.3333333333333333,0.6666666666666666,1430.25,1271.0,m,0,0,False,Other
the war of the worlds,1953,651.0,3153.0,1.0,7.0,0.17113564668769715,0.8288643533123028,0.125,0.875,450.42857142857144,651.0,f,3,1,True,Other
the ward,2010,2931.0,1377.0,6.0,2.0,0.6803621169916435,0.31963788300835655,0.75,0.25,688.5,488.5,m,0,0,False,Other
the watermelon woman,1996,6184.0,728.0,10.0,2.0,0.8946759259259259,0.10532407407407407,0.8333333333333334,0.16666666666666666,364.0,618.4,f,0,0,False,Other
the way back,2010,696.0,12223.0,1.0,11.0,0.053874138865237245,0.9461258611347627,0.08333333333333333,0.9166666666666666,1111.1818181818182,696.0,m,1,0,True,Other
the way of the gun,2000,1878.0,9754.0,2.0,9.0,0.16145116918844565,0.8385488308115543,0.18181818181818182,0.8181818181818182,1083.7777777777778,939.0,m,0,0,False,Other
the weather man,2005,1050.0,8367.0,2.0,6.0,0.11150047785919083,0.8884995221408092,0.25,0.75,1394.5,525.0,m,0,0,False,Other
the wedding date,2005,5664.0,4219.0,5.0,5.0,0.5731053323889507,0.42689466761104927,0.5,0.5,843.8,1132.8,f,0,0,False,Other
the wedding singer,1998,5961.0,7763.0,6.0,7.0,0.43434858641795393,0.5656514135820461,0.46153846153846156,0.5384615384615384,1109.0,993.5,m,0,0,False,Other
the whistleblower,2010,5586.0,3166.0,8.0,11.0,0.6382541133455211,0.361745886654479,0.42105263157894735,0.5789473684210527,287.8181818181818,698.25,f,0,0,False,Other
the wild bunch,1969,0.0,8864.0,0.0,14.0,0.0,1.0,0.0,1.0,633.1428571428571,0.0,m,2,0,True,Other
the wind and the lion,1975,1792.0,8729.0,1.0,15.0,0.1703260146373919,0.8296739853626082,0.0625,0.9375,581.9333333333333,1792.0,f,2,0,True,Other
the witches of eastwick,1987,5226.0,3718.0,7.0,2.0,0.5843023255813954,0.41569767441860467,0.7777777777777778,0.2222222222222222,1859.0,746.5714285714286,m,2,0,True,Other
the wizard,1989,1147.0,3282.0,1.0,7.0,0.2589749379092346,0.7410250620907655,0.125,0.875,468.85714285714283,1147.0,f,0,0,False,Other
the wizard of oz,1939,4681.0,4706.0,4.0,7.0,0.4986683711515926,0.5013316288484073,0.36363636363636365,0.6363636363636364,672.2857142857143,1170.25,f,6,2,True,Other
the wolf of wall street,2013,1431.0,15721.0,2.0,14.0,0.08343050373134328,0.9165694962686567,0.125,0.875,1122.9285714285713,715.5,m,3,0,True,Other
the wolfman,2010,1356.0,7630.0,2.0,8.0,0.1509014021811707,0.8490985978188292,0.2,0.8,953.75,678.0,m,1,1,True,Other
the wolverine,2013,1237.0,7204.0,2.0,9.0,0.14654661769932473,0.8534533823006752,0.18181818181818182,0.8181818181818182,800.4444444444445,618.5,m,0,0,False,Other
the woodsman,2004,366.0,11018.0,1.0,4.0,0.032150386507378774,0.9678496134926212,0.2,0.8,2754.5,366.0,m,0,0,False,Other
the world is not enough,1999,3918.0,7160.0,2.0,7.0,0.3536739483661311,0.6463260516338689,0.2222222222222222,0.7777777777777778,1022.8571428571429,1959.0,f,0,0,False,Other
the x files,1998,2512.0,5584.0,2.0,7.0,0.3102766798418972,0.6897233201581028,0.2222222222222222,0.7777777777777778,797.7142857142857,1256.0,f,0,0,False,Other
the yakuza,1974,251.0,5066.0,1.0,8.0,0.04720707165694941,0.9527929283430506,0.1111111111111111,0.8888888888888888,633.25,251.0,m,0,0,False,Other
the young victoria,2009,5587.0,6054.0,4.0,10.0,0.479941585774418,0.520058414225582,0.2857142857142857,0.7142857142857143,605.4,1396.75,f,3,1,True,Other
the zero theorem,2013,1901.0,6494.0,2.0,4.0,0.22644431209053006,0.7735556879094699,0.3333333333333333,0.6666666666666666,1623.5,950.5,m,0,0,False,Other
thelma  louise,1991,9706.0,4438.0,4.0,6.0,0.6862273755656109,0.31377262443438914,0.4,0.6,739.6666666666666,2426.5,f,4,1,True,Other
there will be blood,2007,0.0,8052.0,0.0,10.0,0.0,1.0,0.0,1.0,805.2,0.0,m,7,1,True,Other
theres something about mary,1998,7076.0,16078.0,8.0,9.0,0.3056059428176557,0.6943940571823443,0.47058823529411764,0.5294117647058824,1786.4444444444443,884.5,m,0,0,False,Other
they live,1988,301.0,4144.0,1.0,6.0,0.06771653543307087,0.9322834645669291,0.14285714285714285,0.8571428571428571,690.6666666666666,301.0,m,0,0,False,Other
thief,1981,973.0,6694.0,2.0,7.0,0.1269075257597496,0.8730924742402504,0.2222222222222222,0.7777777777777778,956.2857142857143,486.5,m,0,0,False,Other
thir13en ghosts,2001,2023.0,4959.0,3.0,6.0,0.2897450587224291,0.7102549412775709,0.3333333333333333,0.6666666666666666,826.5,674.3333333333334,m,0,0,False,Other
thirteen days,2000,136.0,12417.0,1.0,18.0,0.010834063570461244,0.9891659364295388,0.05263157894736842,0.9473684210526315,689.8333333333334,136.0,m,0,0,False,Other
this boys life,1993,4093.0,10324.0,3.0,8.0,0.28390095026704587,0.7160990497329541,0.2727272727272727,0.7272727272727273,1290.5,1364.3333333333333,f,0,0,False,Other
this is 40,2012,9260.0,10556.0,9.0,9.0,0.4672991522002422,0.5327008477997578,0.5,0.5,1172.888888888889,1028.888888888889,m,0,0,False,Other
thor,2011,5413.0,15996.0,4.0,12.0,0.25283759166705594,0.7471624083329441,0.25,0.75,1333.0,1353.25,f,0,0,False,Other
three days of the condor,1975,1127.0,4097.0,3.0,6.0,0.21573506891271058,0.7842649310872895,0.3333333333333333,0.6666666666666666,682.8333333333334,375.6666666666667,m,1,0,True,Other
three kings,1999,795.0,7949.0,3.0,8.0,0.09091948764867337,0.9090805123513266,0.2727272727272727,0.7272727272727273,993.625,265.0,m,0,0,False,Other
thunderbirds,2004,1466.0,6811.0,3.0,10.0,0.1771173130361242,0.8228826869638758,0.23076923076923078,0.7692307692307693,681.1,488.6666666666667,m,0,0,False,Other
thunderheart,1992,612.0,8139.0,1.0,10.0,0.06993486458690436,0.9300651354130957,0.09090909090909091,0.9090909090909091,813.9,612.0,m,0,0,False,Other
thx 1138,1971,879.0,5314.0,2.0,11.0,0.141934442112062,0.858065557887938,0.15384615384615385,0.8461538461538461,483.09090909090907,439.5,m,0,0,False,Other
ticker,2001,206.0,3313.0,2.0,7.0,0.05853935777209435,0.9414606422279057,0.2222222222222222,0.7777777777777778,473.2857142857143,103.0,m,0,0,False,Other
timber falls,2007,6002.0,8380.0,3.0,6.0,0.41732721457377275,0.5826727854262272,0.3333333333333333,0.6666666666666666,1396.6666666666667,2000.6666666666667,f,0,0,False,Other
time after time,1979,2977.0,6375.0,3.0,7.0,0.318327630453379,0.681672369546621,0.3,0.7,910.7142857142857,992.3333333333334,f,0,0,False,Other
tin cup,1996,2686.0,9176.0,2.0,6.0,0.22643736300792447,0.7735626369920755,0.25,0.75,1529.3333333333333,1343.0,m,0,0,False,Other
tin men,1987,1809.0,18329.0,1.0,12.0,0.08983017181448008,0.91016982818552,0.07692307692307693,0.9230769230769231,1527.4166666666667,1809.0,f,0,0,False,Other
tinker tailor soldier spy,2011,565.0,8829.0,1.0,14.0,0.06014477325952736,0.9398552267404726,0.06666666666666667,0.9333333333333333,630.6428571428571,565.0,m,2,0,True,Other
titanic,1997,4683.0,7825.0,6.0,14.0,0.37440038375439716,0.6255996162456028,0.3,0.7,558.9285714285714,780.5,f,12,11,True,Other
tmnt,2007,1226.0,8248.0,2.0,8.0,0.12940679755119275,0.8705932024488072,0.2,0.8,1031.0,613.0,m,0,0,False,Other
to sleep with anger,1990,5472.0,14302.0,6.0,9.0,0.27672701527258015,0.7232729847274199,0.4,0.6,1589.111111111111,912.0,m,0,0,False,Other
tombstone,1993,520.0,6424.0,2.0,16.0,0.0748847926267281,0.9251152073732719,0.1111111111111111,0.8888888888888888,401.5,260.0,m,0,0,False,Other
tomorrow never dies,1997,1591.0,4071.0,3.0,11.0,0.2809961144471918,0.7190038855528081,0.21428571428571427,0.7857142857142857,370.09090909090907,530.3333333333334,f,0,0,False,Other
tootsie,1982,1604.0,1252.0,4.0,4.0,0.561624649859944,0.438375350140056,0.5,0.5,313.0,401.0,f,7,0,True,Other
top five,2014,3586.0,7035.0,4.0,8.0,0.33763299124376234,0.6623670087562377,0.3333333333333333,0.6666666666666666,879.375,896.5,f,0,0,False,Other
top gun,1986,3600.0,14788.0,1.0,10.0,0.19577985642810528,0.8042201435718948,0.09090909090909091,0.9090909090909091,1478.8,3600.0,f,4,1,True,Other
total recall,1990,1624.0,4936.0,4.0,8.0,0.2475609756097561,0.7524390243902439,0.3333333333333333,0.6666666666666666,617.0,406.0,m,3,1,True,Other
touch of evil,1958,946.0,6182.0,1.0,7.0,0.13271604938271606,0.8672839506172839,0.125,0.875,883.1428571428571,946.0,f,0,0,False,Other
towelhead,2007,4579.0,5120.0,6.0,6.0,0.472110526858439,0.527889473141561,0.5,0.5,853.3333333333334,763.1666666666666,m,0,0,False,Other
tower heist,2011,753.0,6317.0,2.0,8.0,0.10650636492220651,0.8934936350777934,0.2,0.8,789.625,376.5,m,0,0,False,Other
toy story,1995,523.0,5681.0,3.0,8.0,0.08430045132172792,0.9156995486782721,0.2727272727272727,0.7272727272727273,710.125,174.33333333333334,m,4,1,True,Other
toy story 3,2010,2429.0,7697.0,6.0,11.0,0.23987754295872013,0.7601224570412799,0.35294117647058826,0.6470588235294118,699.7272727272727,404.8333333333333,m,5,2,True,Other
trading places,1983,434.0,8595.0,2.0,11.0,0.04806733857570052,0.9519326614242994,0.15384615384615385,0.8461538461538461,781.3636363636364,217.0,m,1,0,True,Other
traffic,2000,3192.0,6703.0,5.0,15.0,0.32258716523496717,0.6774128347650329,0.25,0.75,446.8666666666667,638.4,f,4,3,True,Other
train,2008,1126.0,1789.0,3.0,6.0,0.3862778730703259,0.6137221269296741,0.3333333333333333,0.6666666666666666,298.1666666666667,375.3333333333333,f,0,0,False,Other
trainspotting,1996,1138.0,10820.0,4.0,8.0,0.09516641578859342,0.9048335842114066,0.3333333333333333,0.6666666666666666,1352.5,284.5,m,1,0,True,Other
transatlantic merrygoround,1934,2534.0,6435.0,3.0,9.0,0.28252871000111496,0.7174712899988851,0.25,0.75,715.0,844.6666666666666,f,0,0,False,Other
transcendence,2014,3040.0,5333.0,2.0,5.0,0.36307177833512483,0.6369282216648752,0.2857142857142857,0.7142857142857143,1066.6,1520.0,f,0,0,False,Other
tremors,1990,2874.0,13176.0,4.0,9.0,0.17906542056074767,0.8209345794392523,0.3076923076923077,0.6923076923076923,1464.0,718.5,m,0,0,False,Other
tristan  isolde,2006,3474.0,6366.0,2.0,7.0,0.35304878048780486,0.6469512195121951,0.2222222222222222,0.7777777777777778,909.4285714285714,1737.0,f,0,0,False,Other
tron,1982,258.0,3156.0,1.0,6.0,0.07557117750439367,0.9244288224956063,0.14285714285714285,0.8571428571428571,526.0,258.0,m,2,0,True,Other
trouble in paradise,1932,3817.0,5286.0,2.0,6.0,0.41931231462155333,0.5806876853784466,0.25,0.75,881.0,1908.5,f,0,0,False,Other
troy,2004,4116.0,29712.0,4.0,18.0,0.12167435260730755,0.8783256473926925,0.18181818181818182,0.8181818181818182,1650.6666666666667,1029.0,m,1,0,True,Other
true believer,1989,707.0,10385.0,2.0,9.0,0.06373963216732781,0.9362603678326722,0.18181818181818182,0.8181818181818182,1153.888888888889,353.5,m,0,0,False,Other
true crime,1999,3265.0,9024.0,14.0,11.0,0.2656847587273171,0.7343152412726829,0.56,0.44,820.3636363636364,233.21428571428572,m,0,0,False,Other
true grit,2010,3200.0,4602.0,1.0,12.0,0.41015124327095615,0.5898487567290438,0.07692307692307693,0.9230769230769231,383.5,3200.0,f,8,0,True,Other
true lies,1994,5678.0,14006.0,4.0,7.0,0.2884576305628937,0.7115423694371062,0.36363636363636365,0.6363636363636364,2000.857142857143,1419.5,m,1,0,True,Other
true romance,1993,4366.0,23616.0,2.0,15.0,0.15602887570581087,0.8439711242941891,0.11764705882352941,0.8823529411764706,1574.4,2183.0,f,0,0,False,Other
truth,2015,4541.0,7608.0,4.0,15.0,0.3737756193925426,0.6262243806074574,0.21052631578947367,0.7894736842105263,507.2,1135.25,f,0,0,False,Other
tucker and dale vs evil,2010,1481.0,5703.0,3.0,5.0,0.20615256124721604,0.793847438752784,0.375,0.625,1140.6,493.6666666666667,m,0,0,False,Other
tusk,2014,219.0,7577.0,1.0,4.0,0.028091328886608518,0.9719086711133915,0.2,0.8,1894.25,219.0,m,0,0,False,Other
twelve monkeys,1995,3534.0,7478.0,3.0,13.0,0.32092262985833636,0.6790773701416637,0.1875,0.8125,575.2307692307693,1178.0,f,0,0,False,Other
twilight,2008,6886.0,7438.0,7.0,10.0,0.48073163920692547,0.5192683607930746,0.4117647058823529,0.5882352941176471,743.8,983.7142857142857,f,0,0,False,Other
twin peaks fire walk with me,1992,3623.0,5973.0,8.0,15.0,0.3775531471446436,0.6224468528553564,0.34782608695652173,0.6521739130434783,398.2,452.875,f,0,0,False,Other
twins,1988,864.0,6976.0,2.0,9.0,0.11020408163265306,0.889795918367347,0.18181818181818182,0.8181818181818182,775.1111111111111,432.0,m,0,0,False,Other
twister,1996,3516.0,2510.0,2.0,5.0,0.5834716229671424,0.4165283770328576,0.2857142857142857,0.7142857142857143,502.0,1758.0,f,2,0,True,Other
two for the money,2005,2682.0,12116.0,1.0,10.0,0.18124070820381133,0.8187592917961887,0.09090909090909091,0.9090909090909091,1211.6,2682.0,f,0,0,False,Other
two night stand,2014,5608.0,4713.0,3.0,5.0,0.5433582017246391,0.4566417982753609,0.375,0.625,942.6,1869.3333333333333,f,0,0,False,Other
twolane blacktop,1971,1244.0,2355.0,1.0,2.0,0.34565156988052237,0.6543484301194776,0.3333333333333333,0.6666666666666666,1177.5,1244.0,f,0,0,False,Other
u turn,1997,8526.0,24264.0,4.0,9.0,0.2600182982616651,0.7399817017383349,0.3076923076923077,0.6923076923076923,2696.0,2131.5,m,0,0,False,Other
unbreakable,2000,1206.0,4101.0,4.0,6.0,0.22724703222159412,0.7727529677784059,0.4,0.6,683.5,301.5,m,0,0,False,Other
uncle buck,1989,4170.0,6840.0,6.0,6.0,0.3787465940054496,0.6212534059945504,0.5,0.5,1140.0,695.0,m,0,0,False,Other
under fire,1983,4700.0,9894.0,2.0,8.0,0.3220501575990133,0.6779498424009867,0.2,0.8,1236.75,2350.0,f,1,0,True,Other
undertow,2004,902.0,4652.0,2.0,5.0,0.16240547353258913,0.8375945264674108,0.2857142857142857,0.7142857142857143,930.4,451.0,m,0,0,False,Other
unforgiven,1992,725.0,7997.0,3.0,11.0,0.08312313689520752,0.9168768631047924,0.21428571428571427,0.7857142857142857,727.0,241.66666666666666,m,7,3,True,Other
unlawful entry,1992,1097.0,4181.0,1.0,3.0,0.20784388025767336,0.7921561197423267,0.25,0.75,1393.6666666666667,1097.0,m,0,0,False,Other
unstoppable,2010,2839.0,5382.0,4.0,8.0,0.3453351173823136,0.6546648826176864,0.3333333333333333,0.6666666666666666,672.75,709.75,f,1,0,True,Other
untraceable,2008,4250.0,3573.0,3.0,4.0,0.5432698453278794,0.4567301546721207,0.42857142857142855,0.5714285714285714,893.25,1416.6666666666667,f,0,0,False,Other
up,2009,998.0,13334.0,1.0,7.0,0.06963438459391572,0.9303656154060843,0.125,0.875,1904.857142857143,998.0,m,5,2,True,Other
up close  personal,1996,2402.0,939.0,3.0,5.0,0.7189464232265789,0.28105357677342113,0.375,0.625,187.8,800.6666666666666,f,0,0,False,Other
up in the air,2009,4787.0,7195.0,5.0,4.0,0.399515940577533,0.6004840594224671,0.5555555555555556,0.4444444444444444,1798.75,957.4,m,3,0,True,Other
urban legend,1998,4013.0,3468.0,4.0,7.0,0.5364256115492582,0.4635743884507419,0.36363636363636365,0.6363636363636364,495.42857142857144,1003.25,f,0,0,False,Other
v for vendetta,2005,3717.0,5081.0,4.0,10.0,0.4224823823596272,0.5775176176403728,0.2857142857142857,0.7142857142857143,508.1,929.25,f,0,0,False,Other
vacancy,2007,1337.0,3537.0,1.0,3.0,0.2743126795240049,0.725687320475995,0.25,0.75,1179.0,1337.0,f,0,0,False,Other
valentines day,2010,3110.0,5145.0,8.0,10.0,0.3767413688673531,0.6232586311326469,0.4444444444444444,0.5555555555555556,514.5,388.75,m,0,0,False,Other
valkyrie,2008,200.0,15696.0,1.0,19.0,0.012581781580271767,0.9874182184197282,0.05,0.95,826.1052631578947,200.0,m,0,0,False,Other
vanilla sky,2001,2613.0,7786.0,3.0,6.0,0.25127416097701705,0.748725839022983,0.3333333333333333,0.6666666666666666,1297.6666666666667,871.0,m,1,0,True,Other
vanishing point,1971,310.0,4433.0,1.0,9.0,0.06535947712418301,0.934640522875817,0.1,0.9,492.55555555555554,310.0,m,0,0,False,Other
vantage point,2008,1300.0,2599.0,3.0,9.0,0.33341882533983075,0.6665811746601693,0.25,0.75,288.77777777777777,433.3333333333333,f,0,0,False,Other
vertigo,1958,2689.0,5079.0,3.0,2.0,0.34616374871266736,0.6538362512873327,0.6,0.4,2539.5,896.3333333333334,m,2,0,True,Other
very bad things,1998,1473.0,6728.0,3.0,7.0,0.17961224240946225,0.8203877575905377,0.3,0.7,961.1428571428571,491.0,m,0,0,False,Other
village of the damned,1995,3166.0,2571.0,5.0,8.0,0.5518563709255708,0.4481436290744291,0.38461538461538464,0.6153846153846154,321.375,633.2,f,0,0,False,Other
viridiana,1961,4012.0,5004.0,8.0,8.0,0.44498669032830523,0.5550133096716947,0.5,0.5,625.5,501.5,m,0,0,False,Other
virtuosity,1995,1933.0,4590.0,2.0,6.0,0.29633604169860495,0.703663958301395,0.25,0.75,765.0,966.5,f,0,0,False,Other
w,2008,633.0,7304.0,2.0,10.0,0.07975305531057074,0.9202469446894292,0.16666666666666666,0.8333333333333334,730.4,316.5,m,0,0,False,Other
wadjda,2012,6800.0,1011.0,9.0,3.0,0.8705671488925874,0.12943285110741262,0.75,0.25,337.0,755.5555555555555,f,0,0,False,Other
wag the dog,1997,4854.0,18030.0,9.0,17.0,0.21211326691137913,0.7878867330886209,0.34615384615384615,0.6538461538461539,1060.5882352941176,539.3333333333334,m,1,0,True,Other
walking tall,2004,291.0,2861.0,2.0,7.0,0.09232233502538072,0.9076776649746193,0.2222222222222222,0.7777777777777778,408.7142857142857,145.5,m,0,0,False,Other
wanderlust,2012,3992.0,8991.0,5.0,7.0,0.30747901101440345,0.6925209889855966,0.4166666666666667,0.5833333333333334,1284.4285714285713,798.4,m,0,0,False,Other
wanted,2008,4100.0,6353.0,6.0,6.0,0.3922318951497178,0.6077681048502822,0.5,0.5,1058.8333333333333,683.3333333333334,m,2,0,True,Other
war horse,2011,1331.0,6950.0,3.0,22.0,0.16072938050960028,0.8392706194903997,0.12,0.88,315.90909090909093,443.6666666666667,f,6,0,True,Other
war of the worlds,2005,589.0,1446.0,1.0,4.0,0.28943488943488943,0.7105651105651105,0.2,0.8,361.5,589.0,f,3,0,True,Other
watchmen,2009,3055.0,8747.0,3.0,12.0,0.2588544314522962,0.7411455685477037,0.2,0.8,728.9166666666666,1018.3333333333334,f,0,0,False,Other
water for elephants,2011,3196.0,14429.0,1.0,8.0,0.18133333333333335,0.8186666666666667,0.1111111111111111,0.8888888888888888,1803.625,3196.0,f,0,0,False,Other
waterworld,1995,1968.0,2731.0,3.0,4.0,0.4188125133007023,0.5811874866992978,0.42857142857142855,0.5714285714285714,682.75,656.0,m,1,0,True,Other
we need to talk about kevin,2011,3516.0,3518.0,3.0,2.0,0.4998578333807222,0.5001421666192778,0.6,0.4,1759.0,1172.0,m,0,0,False,Other
we own the night,2007,623.0,7284.0,1.0,10.0,0.0787909447325155,0.9212090552674845,0.09090909090909091,0.9090909090909091,728.4,623.0,m,0,0,False,Other
wedding crashers,2005,3322.0,16459.0,6.0,9.0,0.16793893129770993,0.8320610687022901,0.4,0.6,1828.7777777777778,553.6666666666666,m,0,0,False,Other
weird science,1985,2062.0,5173.0,3.0,6.0,0.28500345542501726,0.7149965445749827,0.3333333333333333,0.6666666666666666,862.1666666666666,687.3333333333334,m,0,0,False,Other
were no angels,1989,1531.0,8443.0,2.0,9.0,0.15349909765390013,0.8465009023460999,0.18181818181818182,0.8181818181818182,938.1111111111111,765.5,m,0,0,False,Other
what lies beneath,2000,8754.0,4668.0,5.0,2.0,0.6522127849798838,0.3477872150201162,0.7142857142857143,0.2857142857142857,2334.0,1750.8,m,0,0,False,Other
what price hollywood,1932,2690.0,2449.0,1.0,3.0,0.5234481416618019,0.4765518583381981,0.25,0.75,816.3333333333334,2690.0,f,0,0,False,Other
when harry met sally,1989,5382.0,5245.0,5.0,3.0,0.5064458454879082,0.49355415451209184,0.625,0.375,1748.3333333333333,1076.4,m,1,0,True,Other
where the wild things are,2009,1431.0,4332.0,3.0,6.0,0.2483081728266528,0.7516918271733473,0.3333333333333333,0.6666666666666666,722.0,477.0,m,0,0,False,Other
while she was out,2008,792.0,2342.0,2.0,5.0,0.2527121888959796,0.7472878111040204,0.2857142857142857,0.7142857142857143,468.4,396.0,m,0,0,False,Other
while were young,2014,3341.0,8349.0,3.0,7.0,0.2857998289136014,0.7142001710863987,0.3,0.7,1192.7142857142858,1113.6666666666667,m,0,0,False,Other
whip it,2009,5761.0,1896.0,7.0,5.0,0.752383439989552,0.24761656001044796,0.5833333333333334,0.4166666666666667,379.2,823.0,f,0,0,False,Other
whiplash,2014,497.0,8395.0,2.0,7.0,0.05589293747188484,0.9441070625281152,0.2222222222222222,0.7777777777777778,1199.2857142857142,248.5,m,4,2,True,Other
white angel,1994,3070.0,4553.0,3.0,5.0,0.40272858454676635,0.5972714154532336,0.375,0.625,910.6,1023.3333333333334,f,0,0,False,Other
white christmas,1954,967.0,4676.0,2.0,6.0,0.17136275031011874,0.8286372496898813,0.25,0.75,779.3333333333334,483.5,m,1,0,True,Other
white house down,2013,1748.0,7807.0,2.0,11.0,0.18294086865515438,0.8170591313448456,0.15384615384615385,0.8461538461538461,709.7272727272727,874.0,f,0,0,False,Other
white squall,1996,173.0,8971.0,1.0,16.0,0.018919510061242345,0.9810804899387576,0.058823529411764705,0.9411764705882353,560.6875,173.0,m,0,0,False,Other
whiteout,2009,1889.0,2232.0,2.0,5.0,0.4583838874059694,0.5416161125940305,0.2857142857142857,0.7142857142857143,446.4,944.5,f,0,0,False,Other
who framed roger rabbit,1988,1115.0,7557.0,2.0,7.0,0.12857472324723246,0.8714252767527675,0.2222222222222222,0.7777777777777778,1079.5714285714287,557.5,m,7,4,True,Other
wild bill,1995,461.0,4257.0,1.0,8.0,0.09771089444679949,0.9022891055532005,0.1111111111111111,0.8888888888888888,532.125,461.0,m,0,0,False,Other
wild card,2015,1356.0,5295.0,3.0,7.0,0.20387911592241767,0.7961208840775823,0.3,0.7,756.4285714285714,452.0,m,0,0,False,Other
wild hogs,2007,1510.0,18397.0,3.0,10.0,0.0758527151253328,0.9241472848746672,0.23076923076923078,0.7692307692307693,1839.7,503.3333333333333,m,0,0,False,Other
wild tales,2014,2074.0,3479.0,7.0,8.0,0.3734918062308662,0.6265081937691338,0.4666666666666667,0.5333333333333333,434.875,296.2857142857143,m,1,0,True,Other
wild things,1998,8200.0,10370.0,7.0,9.0,0.44157242864835755,0.5584275713516424,0.4375,0.5625,1152.2222222222222,1171.4285714285713,f,0,0,False,Other
wild things diamonds in the rough,2005,3890.0,2886.0,4.0,5.0,0.5740850059031877,0.42591499409681227,0.4444444444444444,0.5555555555555556,577.2,972.5,f,0,0,False,Other
wild wild west,1999,1448.0,14888.0,2.0,4.0,0.08863858961802155,0.9113614103819785,0.3333333333333333,0.6666666666666666,3722.0,724.0,m,0,0,False,Other
willard,1971,1614.0,7592.0,3.0,8.0,0.1753204431892244,0.8246795568107755,0.2727272727272727,0.7272727272727273,949.0,538.0,m,0,0,False,Other
willow,1988,3454.0,8996.0,5.0,8.0,0.277429718875502,0.722570281124498,0.38461538461538464,0.6153846153846154,1124.5,690.8,m,2,0,True,Other
win win,2011,3421.0,9834.0,6.0,7.0,0.25809128630705397,0.7419087136929461,0.46153846153846156,0.5384615384615384,1404.857142857143,570.1666666666666,m,0,0,False,Other
wind chill,2007,2424.0,2459.0,1.0,2.0,0.4964161376203154,0.5035838623796847,0.3333333333333333,0.6666666666666666,1229.5,2424.0,f,0,0,False,Other
winters bone,2010,3347.0,2240.0,7.0,6.0,0.5990692679434402,0.4009307320565599,0.5384615384615384,0.46153846153846156,373.3333333333333,478.14285714285717,f,2,0,True,Other
wish i was here,2014,3160.0,10779.0,4.0,10.0,0.2267020589712318,0.7732979410287683,0.2857142857142857,0.7142857142857143,1077.9,790.0,m,0,0,False,Other
witness,1985,1849.0,3993.0,2.0,7.0,0.3165011982197877,0.6834988017802123,0.2222222222222222,0.7777777777777778,570.4285714285714,924.5,f,7,2,True,Other
witness for the prosecution,1957,2797.0,10052.0,3.0,8.0,0.2176823099073858,0.7823176900926142,0.2727272727272727,0.7272727272727273,1256.5,932.3333333333334,m,4,0,True,Other
woman in gold,2015,5047.0,6685.0,5.0,11.0,0.4301909307875895,0.5698090692124105,0.3125,0.6875,607.7272727272727,1009.4,f,0,0,False,Other
wonder boys,2000,3788.0,18460.0,3.0,6.0,0.17026249550521394,0.829737504494786,0.3333333333333333,0.6666666666666666,3076.6666666666665,1262.6666666666667,m,3,1,True,Other
wonderland,2003,1241.0,5693.0,2.0,7.0,0.1789731756561869,0.8210268243438131,0.2222222222222222,0.7777777777777778,813.2857142857143,620.5,m,0,0,False,Other
working girl,1988,6495.0,2939.0,6.0,4.0,0.6884672461310155,0.31153275386898455,0.6,0.4,734.75,1082.5,f,3,1,True,Other
world trade center,2006,721.0,4888.0,3.0,9.0,0.128543412372972,0.871456587627028,0.25,0.75,543.1111111111111,240.33333333333334,m,0,0,False,Other
world war z,2013,412.0,4569.0,1.0,8.0,0.08271431439469985,0.9172856856053001,0.1111111111111111,0.8888888888888888,571.125,412.0,m,0,0,False,Other
wreckit ralph,2012,2358.0,5333.0,3.0,4.0,0.3065921206605123,0.6934078793394877,0.42857142857142855,0.5714285714285714,1333.25,786.0,m,1,0,True,Other
wrong turn,2003,2154.0,3442.0,3.0,4.0,0.38491779842744817,0.6150822015725518,0.42857142857142855,0.5714285714285714,860.5,718.0,m,0,0,False,Other
xmen,2000,850.0,4175.0,3.0,5.0,0.1691542288557214,0.8308457711442786,0.375,0.625,835.0,283.3333333333333,m,0,0,False,Other
xmen 2,2003,682.0,3182.0,3.0,9.0,0.17650103519668736,0.8234989648033126,0.25,0.75,353.55555555555554,227.33333333333334,m,0,0,False,Other
xmen origins wolverine,2009,2016.0,6798.0,3.0,11.0,0.22872702518720217,0.7712729748127978,0.21428571428571427,0.7857142857142857,618.0,672.0,f,0,0,False,Other
xxx,2002,998.0,7287.0,1.0,8.0,0.12045866022933012,0.8795413397706698,0.1111111111111111,0.8888888888888888,910.875,998.0,f,0,0,False,Other
year one,2009,2412.0,18484.0,4.0,12.0,0.11542879019908116,0.8845712098009189,0.25,0.75,1540.3333333333333,603.0,m,0,0,False,Other
yes man,2008,6128.0,18164.0,11.0,11.0,0.2522641198748559,0.747735880125144,0.5,0.5,1651.2727272727273,557.0909090909091,m,0,0,False,Other
you can count on me,2000,8564.0,14022.0,3.0,6.0,0.3791729389887541,0.6208270610112459,0.3333333333333333,0.6666666666666666,2337.0,2854.6666666666665,f,1,0,True,Other
young adult,2011,5549.0,3492.0,6.0,5.0,0.6137595398739077,0.38624046012609226,0.5454545454545454,0.45454545454545453,698.4,924.8333333333334,f,0,0,False,Other
young frankenstein,1974,1527.0,7469.0,3.0,7.0,0.16974210760337927,0.8302578923966207,0.3,0.7,1067.0,509.0,m,2,0,True,Other
youre next,2011,2369.0,3416.0,5.0,4.0,0.40950734658599824,0.5904926534140017,0.5555555555555556,0.4444444444444444,854.0,473.8,m,0,0,False,Other
youth,2015,1895.0,7058.0,3.0,7.0,0.21166089578912098,0.788339104210879,0.3,0.7,1008.2857142857143,631.6666666666666,m,1,0,True,Other
youth in revolt,2009,10756.0,23054.0,7.0,11.0,0.3181307305530908,0.6818692694469092,0.3888888888888889,0.6111111111111112,2095.818181818182,1536.5714285714287,m,0,0,False,Other
youve got mail,1998,13450.0,13248.0,6.0,7.0,0.5037830549104801,0.4962169450895198,0.46153846153846156,0.5384615384615384,1892.5714285714287,2241.6666666666665,f,0,0,False,Other
zero dark thirty,2012,5064.0,8152.0,3.0,18.0,0.3831719128329298,0.6168280871670703,0.14285714285714285,0.8571428571428571,452.8888888888889,1688.0,f,4,1,True,Other
zero effect,1998,2216.0,11711.0,3.0,4.0,0.1591153873770374,0.8408846126229625,0.42857142857142855,0.5714285714285714,2927.75,738.6666666666666,m,0,0,False,Other
zerophilia,2005,4612.0,12074.0,3.0,5.0,0.2763993767230013,0.7236006232769987,0.375,0.625,2414.8,1537.3333333333333,m,0,0,False,Other
zodiac,2007,1421.0,13235.0,7.0,24.0,0.09695687772925764,0.9030431222707423,0.22580645161290322,0.7741935483870968,551.4583333333334,203.0,m,0,0,False,Other
